asset,slot_key,slot_start_ts,slot_end_ts,slot_start_utc,polymarket_resolution,kalshi_resolution,polymarket_settlement_value_usd,kalshi_settlement_value_usd,source,outcome_mismatch,fatal_poly_up_kalshi_no,fatal_poly_down_kalshi_yes,polymarket_benchmark_conflict,kalshi_benchmark_conflict
btc,btc:1784224800000,1784224800000,1784225700000,2026-07-16T18:00:00Z,UP,YES,,64165.07,official-venue-resolution,f,f,f,f,f
doge,doge:1784224800000,1784224800000,1784225700000,2026-07-16T18:00:00Z,UP,YES,,0.0734182,official-venue-resolution,f,f,f,f,f
eth,eth:1784224800000,1784224800000,1784225700000,2026-07-16T18:00:00Z,UP,YES,,1873.68,official-venue-resolution,f,f,f,f,f
sol,sol:1784224800000,1784224800000,1784225700000,2026-07-16T18:00:00Z,UP,YES,,75.7323,official-venue-resolution,f,f,f,f,f
xrp,xrp:1784224800000,1784224800000,1784225700000,2026-07-16T18:00:00Z,DOWN,YES,,1.0941,official-venue-resolution,t,t,f,f,f
btc,btc:1784225700000,1784225700000,1784226600000,2026-07-16T18:15:00Z,UP,YES,,64197.82,official-venue-resolution,f,f,f,f,f
doge,doge:1784225700000,1784225700000,1784226600000,2026-07-16T18:15:00Z,UP,YES,,0.073492,official-venue-resolution,f,f,f,f,f
eth,eth:1784225700000,1784225700000,1784226600000,2026-07-16T18:15:00Z,UP,YES,,1874.64,official-venue-resolution,f,f,f,f,f
sol,sol:1784225700000,1784225700000,1784226600000,2026-07-16T18:15:00Z,UP,YES,,75.7852,official-venue-resolution,f,f,f,f,f
xrp,xrp:1784225700000,1784225700000,1784226600000,2026-07-16T18:15:00Z,DOWN,NO,,1.0935,official-venue-resolution,f,f,f,f,f
btc,btc:1784226600000,1784226600000,1784227500000,2026-07-16T18:30:00Z,DOWN,NO,,64102.98,official-venue-resolution,f,f,f,f,f
doge,doge:1784226600000,1784226600000,1784227500000,2026-07-16T18:30:00Z,DOWN,NO,,0.0732658,official-venue-resolution,f,f,f,f,f
eth,eth:1784226600000,1784226600000,1784227500000,2026-07-16T18:30:00Z,DOWN,NO,,1872.2,official-venue-resolution,f,f,f,f,f
sol,sol:1784226600000,1784226600000,1784227500000,2026-07-16T18:30:00Z,DOWN,NO,,75.491,official-venue-resolution,f,f,f,f,f
xrp,xrp:1784226600000,1784226600000,1784227500000,2026-07-16T18:30:00Z,DOWN,NO,,1.0892,official-venue-resolution,f,f,f,f,f
btc,btc:1784227500000,1784227500000,1784228400000,2026-07-16T18:45:00Z,UP,YES,,64222.23,official-venue-resolution,f,f,f,f,f
doge,doge:1784227500000,1784227500000,1784228400000,2026-07-16T18:45:00Z,UP,YES,,0.0733816,official-venue-resolution,f,f,f,f,f
eth,eth:1784227500000,1784227500000,1784228400000,2026-07-16T18:45:00Z,UP,YES,,1875.17,official-venue-resolution,f,f,f,f,f
sol,sol:1784227500000,1784227500000,1784228400000,2026-07-16T18:45:00Z,UP,YES,,75.6945,official-venue-resolution,f,f,f,f,f
xrp,xrp:1784227500000,1784227500000,1784228400000,2026-07-16T18:45:00Z,UP,YES,,1.0926,official-venue-resolution,f,f,f,f,f
btc,btc:1784228400000,1784228400000,1784229300000,2026-07-16T19:00:00Z,DOWN,NO,,64194.06,official-venue-resolution,f,f,f,f,f
doge,doge:1784228400000,1784228400000,1784229300000,2026-07-16T19:00:00Z,DOWN,NO,,0.0733298,official-venue-resolution,f,f,f,f,f
eth,eth:1784228400000,1784228400000,1784229300000,2026-07-16T19:00:00Z,DOWN,NO,,1872.88,official-venue-resolution,f,f,f,f,f
sol,sol:1784228400000,1784228400000,1784229300000,2026-07-16T19:00:00Z,DOWN,NO,,75.6342,official-venue-resolution,f,f,f,f,f
xrp,xrp:1784228400000,1784228400000,1784229300000,2026-07-16T19:00:00Z,UP,YES,,1.0936,official-venue-resolution,f,f,f,f,f
btc,btc:1784229300000,1784229300000,1784230200000,2026-07-16T19:15:00Z,UP,YES,,64226.16,official-venue-resolution,f,f,f,f,f
doge,doge:1784229300000,1784229300000,1784230200000,2026-07-16T19:15:00Z,UP,YES,,0.0733516,official-venue-resolution,f,f,f,f,f
eth,eth:1784229300000,1784229300000,1784230200000,2026-07-16T19:15:00Z,UP,YES,,1873.65,official-venue-resolution,f,f,f,f,f
sol,sol:1784229300000,1784229300000,1784230200000,2026-07-16T19:15:00Z,UP,YES,,75.7455,official-venue-resolution,f,f,f,f,f
xrp,xrp:1784229300000,1784229300000,1784230200000,2026-07-16T19:15:00Z,UP,YES,,1.094,official-venue-resolution,f,f,f,f,f
btc,btc:1784230200000,1784230200000,1784231100000,2026-07-16T19:30:00Z,DOWN,NO,,64157.35,official-venue-resolution,f,f,f,f,f
doge,doge:1784230200000,1784230200000,1784231100000,2026-07-16T19:30:00Z,DOWN,NO,,0.0732485,official-venue-resolution,f,f,f,f,f
eth,eth:1784230200000,1784230200000,1784231100000,2026-07-16T19:30:00Z,DOWN,NO,,1872.29,official-venue-resolution,f,f,f,f,f
sol,sol:1784230200000,1784230200000,1784231100000,2026-07-16T19:30:00Z,UP,YES,,75.7692,official-venue-resolution,f,f,f,f,f
xrp,xrp:1784230200000,1784230200000,1784231100000,2026-07-16T19:30:00Z,UP,YES,,1.0968,official-venue-resolution,f,f,f,f,f
btc,btc:1784231100000,1784231100000,1784232000000,2026-07-16T19:45:00Z,UP,YES,,64218.76,official-venue-resolution,f,f,f,f,f
doge,doge:1784231100000,1784231100000,1784232000000,2026-07-16T19:45:00Z,DOWN,NO,,0.0731219,official-venue-resolution,f,f,f,f,f
eth,eth:1784231100000,1784231100000,1784232000000,2026-07-16T19:45:00Z,UP,YES,,1873.81,official-venue-resolution,f,f,f,f,f
sol,sol:1784231100000,1784231100000,1784232000000,2026-07-16T19:45:00Z,UP,YES,,75.8035,official-venue-resolution,f,f,f,f,f
xrp,xrp:1784231100000,1784231100000,1784232000000,2026-07-16T19:45:00Z,UP,YES,,1.0968,official-venue-resolution,f,f,f,f,f
btc,btc:1784232000000,1784232000000,1784232900000,2026-07-16T20:00:00Z,DOWN,NO,,64145.91,official-venue-resolution,f,f,f,f,f
doge,doge:1784232000000,1784232000000,1784232900000,2026-07-16T20:00:00Z,DOWN,NO,,0.0730756,official-venue-resolution,f,f,f,f,f
eth,eth:1784232000000,1784232000000,1784232900000,2026-07-16T20:00:00Z,DOWN,NO,,1871.47,official-venue-resolution,f,f,f,f,f
sol,sol:1784232000000,1784232000000,1784232900000,2026-07-16T20:00:00Z,DOWN,NO,,75.7,official-venue-resolution,f,f,f,f,f
xrp,xrp:1784232000000,1784232000000,1784232900000,2026-07-16T20:00:00Z,DOWN,NO,,1.0958,official-venue-resolution,f,f,f,f,f
btc,btc:1784232900000,1784232900000,1784233800000,2026-07-16T20:15:00Z,DOWN,NO,,64138.44,official-venue-resolution,f,f,f,f,f
doge,doge:1784232900000,1784232900000,1784233800000,2026-07-16T20:15:00Z,UP,NO,,0.073068,official-venue-resolution,t,f,t,f,f
eth,eth:1784232900000,1784232900000,1784233800000,2026-07-16T20:15:00Z,UP,YES,,1872.01,official-venue-resolution,f,f,f,f,f
sol,sol:1784232900000,1784232900000,1784233800000,2026-07-16T20:15:00Z,UP,YES,,75.7707,official-venue-resolution,f,f,f,f,f
xrp,xrp:1784232900000,1784232900000,1784233800000,2026-07-16T20:15:00Z,UP,YES,,1.0966,official-venue-resolution,f,f,f,f,f
btc,btc:1784233800000,1784233800000,1784234700000,2026-07-16T20:30:00Z,DOWN,NO,,64107.73,official-venue-resolution,f,f,f,f,f
doge,doge:1784233800000,1784233800000,1784234700000,2026-07-16T20:30:00Z,UP,YES,,0.0731453,official-venue-resolution,f,f,f,f,f
eth,eth:1784233800000,1784233800000,1784234700000,2026-07-16T20:30:00Z,DOWN,NO,,1871.27,official-venue-resolution,f,f,f,f,f
sol,sol:1784233800000,1784233800000,1784234700000,2026-07-16T20:30:00Z,DOWN,NO,,75.7158,official-venue-resolution,f,f,f,f,f
xrp,xrp:1784233800000,1784233800000,1784234700000,2026-07-16T20:30:00Z,UP,YES,,1.0969,official-venue-resolution,f,f,f,f,f
btc,btc:1784234700000,1784234700000,1784235600000,2026-07-16T20:45:00Z,DOWN,NO,,64095.49,official-venue-resolution,f,f,f,f,f
doge,doge:1784234700000,1784234700000,1784235600000,2026-07-16T20:45:00Z,DOWN,NO,,0.0730439,official-venue-resolution,f,f,f,f,f
eth,eth:1784234700000,1784234700000,1784235600000,2026-07-16T20:45:00Z,DOWN,NO,,1870.79,official-venue-resolution,f,f,f,f,f
sol,sol:1784234700000,1784234700000,1784235600000,2026-07-16T20:45:00Z,UP,YES,,75.7612,official-venue-resolution,f,f,f,f,f
xrp,xrp:1784234700000,1784234700000,1784235600000,2026-07-16T20:45:00Z,DOWN,YES,,1.097,official-venue-resolution,t,t,f,f,f
btc,btc:1784235600000,1784235600000,1784236500000,2026-07-16T21:00:00Z,UP,YES,,64140.35,official-venue-resolution,f,f,f,f,f
doge,doge:1784235600000,1784235600000,1784236500000,2026-07-16T21:00:00Z,UP,NO,,0.0730341,official-venue-resolution,t,f,t,f,f
eth,eth:1784235600000,1784235600000,1784236500000,2026-07-16T21:00:00Z,UP,YES,,1874.61,official-venue-resolution,f,f,f,f,f
sol,sol:1784235600000,1784235600000,1784236500000,2026-07-16T21:00:00Z,UP,YES,,75.9035,official-venue-resolution,f,f,f,f,f
xrp,xrp:1784235600000,1784235600000,1784236500000,2026-07-16T21:00:00Z,DOWN,NO,,1.095,official-venue-resolution,f,f,f,f,f
btc,btc:1784236500000,1784236500000,1784237400000,2026-07-16T21:15:00Z,DOWN,NO,,64137.1,official-venue-resolution,f,f,f,f,f
doge,doge:1784236500000,1784236500000,1784237400000,2026-07-16T21:15:00Z,UP,YES,,0.0730912,official-venue-resolution,f,f,f,f,f
eth,eth:1784236500000,1784236500000,1784237400000,2026-07-16T21:15:00Z,UP,YES,,1877.09,official-venue-resolution,f,f,f,f,f
sol,sol:1784236500000,1784236500000,1784237400000,2026-07-16T21:15:00Z,DOWN,NO,,75.861,official-venue-resolution,f,f,f,f,f
xrp,xrp:1784236500000,1784236500000,1784237400000,2026-07-16T21:15:00Z,UP,YES,,1.096,official-venue-resolution,f,f,f,f,f
btc,btc:1784237400000,1784237400000,1784238300000,2026-07-16T21:30:00Z,UP,YES,,64150.39,official-venue-resolution,f,f,f,f,f
doge,doge:1784237400000,1784237400000,1784238300000,2026-07-16T21:30:00Z,UP,YES,,0.0731707,official-venue-resolution,f,f,f,f,f
eth,eth:1784237400000,1784237400000,1784238300000,2026-07-16T21:30:00Z,UP,YES,,1877.32,official-venue-resolution,f,f,f,f,f
sol,sol:1784237400000,1784237400000,1784238300000,2026-07-16T21:30:00Z,UP,YES,,75.8918,official-venue-resolution,f,f,f,f,f
xrp,xrp:1784237400000,1784237400000,1784238300000,2026-07-16T21:30:00Z,UP,YES,,1.097,official-venue-resolution,f,f,f,f,f
btc,btc:1784238300000,1784238300000,1784239200000,2026-07-16T21:45:00Z,DOWN,NO,,64109.92,official-venue-resolution,f,f,f,f,f
doge,doge:1784238300000,1784238300000,1784239200000,2026-07-16T21:45:00Z,DOWN,NO,,0.0730592,official-venue-resolution,f,f,f,f,f
eth,eth:1784238300000,1784238300000,1784239200000,2026-07-16T21:45:00Z,DOWN,NO,,1876.8,official-venue-resolution,f,f,f,f,f
sol,sol:1784238300000,1784238300000,1784239200000,2026-07-16T21:45:00Z,DOWN,NO,,75.8677,official-venue-resolution,f,f,f,f,f
xrp,xrp:1784238300000,1784238300000,1784239200000,2026-07-16T21:45:00Z,UP,NO,,1.0969,official-venue-resolution,t,f,t,f,f
btc,btc:1784239200000,1784239200000,1784240100000,2026-07-16T22:00:00Z,UP,YES,,64127.78,official-venue-resolution,f,f,f,f,f
doge,doge:1784239200000,1784239200000,1784240100000,2026-07-16T22:00:00Z,UP,YES,,0.0731843,official-venue-resolution,f,f,f,f,f
eth,eth:1784239200000,1784239200000,1784240100000,2026-07-16T22:00:00Z,UP,YES,,1878.32,official-venue-resolution,f,f,f,f,f
sol,sol:1784239200000,1784239200000,1784240100000,2026-07-16T22:00:00Z,UP,YES,,75.8802,official-venue-resolution,f,f,f,f,f
xrp,xrp:1784239200000,1784239200000,1784240100000,2026-07-16T22:00:00Z,DOWN,YES,,1.097,official-venue-resolution,t,t,f,f,f
btc,btc:1784240100000,1784240100000,1784241000000,2026-07-16T22:15:00Z,DOWN,NO,,63976.86,official-venue-resolution,f,f,f,f,f
doge,doge:1784240100000,1784240100000,1784241000000,2026-07-16T22:15:00Z,DOWN,NO,,0.0728702,official-venue-resolution,f,f,f,f,f
eth,eth:1784240100000,1784240100000,1784241000000,2026-07-16T22:15:00Z,DOWN,NO,,1872.89,official-venue-resolution,f,f,f,f,f
sol,sol:1784240100000,1784240100000,1784241000000,2026-07-16T22:15:00Z,DOWN,NO,,75.5357,official-venue-resolution,f,f,f,f,f
xrp,xrp:1784240100000,1784240100000,1784241000000,2026-07-16T22:15:00Z,DOWN,NO,,1.0922,official-venue-resolution,f,f,f,f,f
btc,btc:1784241000000,1784241000000,1784241900000,2026-07-16T22:30:00Z,UP,YES,,64033.82,official-venue-resolution,f,f,f,f,f
doge,doge:1784241000000,1784241000000,1784241900000,2026-07-16T22:30:00Z,DOWN,NO,,0.072811,official-venue-resolution,f,f,f,f,f
eth,eth:1784241000000,1784241000000,1784241900000,2026-07-16T22:30:00Z,DOWN,NO,,1870.24,official-venue-resolution,f,f,f,f,f
sol,sol:1784241000000,1784241000000,1784241900000,2026-07-16T22:30:00Z,UP,YES,,75.5683,official-venue-resolution,f,f,f,f,f
xrp,xrp:1784241000000,1784241000000,1784241900000,2026-07-16T22:30:00Z,DOWN,NO,,1.0914,official-venue-resolution,f,f,f,f,f
btc,btc:1784241900000,1784241900000,1784242800000,2026-07-16T22:45:00Z,DOWN,NO,,63918.52,official-venue-resolution,f,f,f,f,f
doge,doge:1784241900000,1784241900000,1784242800000,2026-07-16T22:45:00Z,DOWN,NO,,0.072684,official-venue-resolution,f,f,f,f,f
eth,eth:1784241900000,1784241900000,1784242800000,2026-07-16T22:45:00Z,DOWN,NO,,1867.75,official-venue-resolution,f,f,f,f,f
sol,sol:1784241900000,1784241900000,1784242800000,2026-07-16T22:45:00Z,DOWN,NO,,75.2825,official-venue-resolution,f,f,f,f,f
xrp,xrp:1784241900000,1784241900000,1784242800000,2026-07-16T22:45:00Z,DOWN,NO,,1.0896,official-venue-resolution,f,f,f,f,f
btc,btc:1784242800000,1784242800000,1784243700000,2026-07-16T23:00:00Z,DOWN,NO,,63876.93,official-venue-resolution,f,f,f,f,f
doge,doge:1784242800000,1784242800000,1784243700000,2026-07-16T23:00:00Z,DOWN,NO,,0.0725159,official-venue-resolution,f,f,f,f,f
eth,eth:1784242800000,1784242800000,1784243700000,2026-07-16T23:00:00Z,DOWN,NO,,1865.52,official-venue-resolution,f,f,f,f,f
sol,sol:1784242800000,1784242800000,1784243700000,2026-07-16T23:00:00Z,UP,YES,,75.2998,official-venue-resolution,f,f,f,f,f
xrp,xrp:1784242800000,1784242800000,1784243700000,2026-07-16T23:00:00Z,DOWN,NO,,1.0887,official-venue-resolution,f,f,f,f,f
btc,btc:1784243700000,1784243700000,1784244600000,2026-07-16T23:15:00Z,DOWN,NO,,63769.14,official-venue-resolution,f,f,f,f,f
doge,doge:1784243700000,1784243700000,1784244600000,2026-07-16T23:15:00Z,DOWN,NO,,0.0722237,official-venue-resolution,f,f,f,f,f
eth,eth:1784243700000,1784243700000,1784244600000,2026-07-16T23:15:00Z,DOWN,NO,,1859.95,official-venue-resolution,f,f,f,f,f
sol,sol:1784243700000,1784243700000,1784244600000,2026-07-16T23:15:00Z,DOWN,NO,,75.0763,official-venue-resolution,f,f,f,f,f
xrp,xrp:1784243700000,1784243700000,1784244600000,2026-07-16T23:15:00Z,DOWN,NO,,1.0862,official-venue-resolution,f,f,f,f,f
btc,btc:1784244600000,1784244600000,1784245500000,2026-07-16T23:30:00Z,UP,YES,,63791.99,official-venue-resolution,f,f,f,f,f
doge,doge:1784244600000,1784244600000,1784245500000,2026-07-16T23:30:00Z,UP,YES,,0.0722856,official-venue-resolution,f,f,f,f,f
eth,eth:1784244600000,1784244600000,1784245500000,2026-07-16T23:30:00Z,UP,YES,,1861.42,official-venue-resolution,f,f,f,f,f
sol,sol:1784244600000,1784244600000,1784245500000,2026-07-16T23:30:00Z,UP,YES,,75.2232,official-venue-resolution,f,f,f,f,f
xrp,xrp:1784244600000,1784244600000,1784245500000,2026-07-16T23:30:00Z,UP,YES,,1.0869,official-venue-resolution,f,f,f,f,f
btc,btc:1784245500000,1784245500000,1784246400000,2026-07-16T23:45:00Z,DOWN,YES,,63794.3,official-venue-resolution,t,t,f,f,f
doge,doge:1784245500000,1784245500000,1784246400000,2026-07-16T23:45:00Z,UP,YES,,0.0723615,official-venue-resolution,f,f,f,f,f
eth,eth:1784245500000,1784245500000,1784246400000,2026-07-16T23:45:00Z,UP,YES,,1863.17,official-venue-resolution,f,f,f,f,f
sol,sol:1784245500000,1784245500000,1784246400000,2026-07-16T23:45:00Z,UP,YES,,75.263,official-venue-resolution,f,f,f,f,f
xrp,xrp:1784245500000,1784245500000,1784246400000,2026-07-16T23:45:00Z,DOWN,NO,,1.0863,official-venue-resolution,f,f,f,f,f
btc,btc:1784246400000,1784246400000,1784247300000,2026-07-17T00:00:00Z,DOWN,NO,,63738.53,official-venue-resolution,f,f,f,f,f
doge,doge:1784246400000,1784246400000,1784247300000,2026-07-17T00:00:00Z,DOWN,NO,,0.0722355,official-venue-resolution,f,f,f,f,f
eth,eth:1784246400000,1784246400000,1784247300000,2026-07-17T00:00:00Z,DOWN,NO,,1860.2,official-venue-resolution,f,f,f,f,f
sol,sol:1784246400000,1784246400000,1784247300000,2026-07-17T00:00:00Z,DOWN,NO,,75.1687,official-venue-resolution,f,f,f,f,f
xrp,xrp:1784246400000,1784246400000,1784247300000,2026-07-17T00:00:00Z,DOWN,NO,,1.0851,official-venue-resolution,f,f,f,f,f
btc,btc:1784247300000,1784247300000,1784248200000,2026-07-17T00:15:00Z,UP,YES,,63749.34,official-venue-resolution,f,f,f,f,f
doge,doge:1784247300000,1784247300000,1784248200000,2026-07-17T00:15:00Z,UP,YES,,0.0723186,official-venue-resolution,f,f,f,f,f
eth,eth:1784247300000,1784247300000,1784248200000,2026-07-17T00:15:00Z,DOWN,NO,,1859.52,official-venue-resolution,f,f,f,f,f
sol,sol:1784247300000,1784247300000,1784248200000,2026-07-17T00:15:00Z,UP,YES,,75.2775,official-venue-resolution,f,f,f,f,f
xrp,xrp:1784247300000,1784247300000,1784248200000,2026-07-17T00:15:00Z,UP,YES,,1.086,official-venue-resolution,f,f,f,f,f
btc,btc:1784248200000,1784248200000,1784249100000,2026-07-17T00:30:00Z,DOWN,NO,,63716.61,official-venue-resolution,f,f,f,f,f
doge,doge:1784248200000,1784248200000,1784249100000,2026-07-17T00:30:00Z,UP,YES,,0.072403,official-venue-resolution,f,f,f,f,f
eth,eth:1784248200000,1784248200000,1784249100000,2026-07-17T00:30:00Z,DOWN,NO,,1855.85,official-venue-resolution,f,f,f,f,f
sol,sol:1784248200000,1784248200000,1784249100000,2026-07-17T00:30:00Z,UP,NO,,75.2265,official-venue-resolution,t,f,t,f,f
xrp,xrp:1784248200000,1784248200000,1784249100000,2026-07-17T00:30:00Z,UP,NO,,1.0857,official-venue-resolution,t,f,t,f,f
btc,btc:1784249100000,1784249100000,1784250000000,2026-07-17T00:45:00Z,UP,YES,,63829.88,official-venue-resolution,f,f,f,f,f
doge,doge:1784249100000,1784249100000,1784250000000,2026-07-17T00:45:00Z,UP,YES,,0.072714,official-venue-resolution,f,f,f,f,f
eth,eth:1784249100000,1784249100000,1784250000000,2026-07-17T00:45:00Z,UP,YES,,1864.03,official-venue-resolution,f,f,f,f,f
sol,sol:1784249100000,1784249100000,1784250000000,2026-07-17T00:45:00Z,UP,YES,,75.487,official-venue-resolution,f,f,f,f,f
xrp,xrp:1784249100000,1784249100000,1784250000000,2026-07-17T00:45:00Z,UP,YES,,1.091,official-venue-resolution,f,f,f,f,f
btc,btc:1784250000000,1784250000000,1784250900000,2026-07-17T01:00:00Z,UP,YES,,63941.56,official-venue-resolution,f,f,f,f,f
doge,doge:1784250000000,1784250000000,1784250900000,2026-07-17T01:00:00Z,UP,YES,,0.0727775,official-venue-resolution,f,f,f,f,f
eth,eth:1784250000000,1784250000000,1784250900000,2026-07-17T01:00:00Z,UP,YES,,1866.82,official-venue-resolution,f,f,f,f,f
sol,sol:1784250000000,1784250000000,1784250900000,2026-07-17T01:00:00Z,UP,YES,,75.6353,official-venue-resolution,f,f,f,f,f
xrp,xrp:1784250000000,1784250000000,1784250900000,2026-07-17T01:00:00Z,UP,YES,,1.0937,official-venue-resolution,f,f,f,f,f
btc,btc:1784250900000,1784250900000,1784251800000,2026-07-17T01:15:00Z,DOWN,NO,,63905.3,official-venue-resolution,f,f,f,f,f
doge,doge:1784250900000,1784250900000,1784251800000,2026-07-17T01:15:00Z,DOWN,NO,,0.0726168,official-venue-resolution,f,f,f,f,f
eth,eth:1784250900000,1784250900000,1784251800000,2026-07-17T01:15:00Z,DOWN,NO,,1862.16,official-venue-resolution,f,f,f,f,f
sol,sol:1784250900000,1784250900000,1784251800000,2026-07-17T01:15:00Z,DOWN,NO,,75.5883,official-venue-resolution,f,f,f,f,f
xrp,xrp:1784250900000,1784250900000,1784251800000,2026-07-17T01:15:00Z,DOWN,NO,,1.0932,official-venue-resolution,f,f,f,f,f
btc,btc:1784251800000,1784251800000,1784252700000,2026-07-17T01:30:00Z,DOWN,NO,,63703.04,official-venue-resolution,f,f,f,f,f
doge,doge:1784251800000,1784251800000,1784252700000,2026-07-17T01:30:00Z,DOWN,NO,,0.0722785,official-venue-resolution,f,f,f,f,f
eth,eth:1784251800000,1784251800000,1784252700000,2026-07-17T01:30:00Z,DOWN,NO,,1855.05,official-venue-resolution,f,f,f,f,f
sol,sol:1784251800000,1784251800000,1784252700000,2026-07-17T01:30:00Z,DOWN,NO,,75.2362,official-venue-resolution,f,f,f,f,f
xrp,xrp:1784251800000,1784251800000,1784252700000,2026-07-17T01:30:00Z,DOWN,NO,,1.0888,official-venue-resolution,f,f,f,f,f
btc,btc:1784252700000,1784252700000,1784253600000,2026-07-17T01:45:00Z,DOWN,NO,,63495,official-venue-resolution,f,f,f,f,f
doge,doge:1784252700000,1784252700000,1784253600000,2026-07-17T01:45:00Z,DOWN,NO,,0.072114,official-venue-resolution,f,f,f,f,f
eth,eth:1784252700000,1784252700000,1784253600000,2026-07-17T01:45:00Z,DOWN,NO,,1849.94,official-venue-resolution,f,f,f,f,f
sol,sol:1784252700000,1784252700000,1784253600000,2026-07-17T01:45:00Z,DOWN,NO,,75.038,official-venue-resolution,f,f,f,f,f
xrp,xrp:1784252700000,1784252700000,1784253600000,2026-07-17T01:45:00Z,DOWN,NO,,1.0868,official-venue-resolution,f,f,f,f,f
btc,btc:1784253600000,1784253600000,1784254500000,2026-07-17T02:00:00Z,UP,YES,,63568,official-venue-resolution,f,f,f,f,f
doge,doge:1784253600000,1784253600000,1784254500000,2026-07-17T02:00:00Z,UP,YES,,0.0721334,official-venue-resolution,f,f,f,f,f
eth,eth:1784253600000,1784253600000,1784254500000,2026-07-17T02:00:00Z,UP,YES,,1851.56,official-venue-resolution,f,f,f,f,f
sol,sol:1784253600000,1784253600000,1784254500000,2026-07-17T02:00:00Z,UP,YES,,75.1312,official-venue-resolution,f,f,f,f,f
xrp,xrp:1784253600000,1784253600000,1784254500000,2026-07-17T02:00:00Z,UP,YES,,1.0893,official-venue-resolution,f,f,f,f,f
btc,btc:1784254500000,1784254500000,1784255400000,2026-07-17T02:15:00Z,DOWN,NO,,63539.52,official-venue-resolution,f,f,f,f,f
doge,doge:1784254500000,1784254500000,1784255400000,2026-07-17T02:15:00Z,DOWN,NO,,0.0720568,official-venue-resolution,f,f,f,f,f
sol,sol:1784254500000,1784254500000,1784255400000,2026-07-17T02:15:00Z,DOWN,NO,,75.1075,official-venue-resolution,f,f,f,f,f
xrp,xrp:1784254500000,1784254500000,1784255400000,2026-07-17T02:15:00Z,DOWN,NO,,1.0881,official-venue-resolution,f,f,f,f,f
btc,btc:1784255400000,1784255400000,1784256300000,2026-07-17T02:30:00Z,DOWN,NO,,63404.3,official-venue-resolution,f,f,f,f,f
doge,doge:1784255400000,1784255400000,1784256300000,2026-07-17T02:30:00Z,DOWN,NO,,0.0719484,official-venue-resolution,f,f,f,f,f
eth,eth:1784255400000,1784255400000,1784256300000,2026-07-17T02:30:00Z,DOWN,NO,,1845,official-venue-resolution,f,f,f,f,f
sol,sol:1784255400000,1784255400000,1784256300000,2026-07-17T02:30:00Z,DOWN,NO,,74.83,official-venue-resolution,f,f,f,f,f
xrp,xrp:1784255400000,1784255400000,1784256300000,2026-07-17T02:30:00Z,DOWN,NO,,1.0871,official-venue-resolution,f,f,f,f,f
btc,btc:1784256300000,1784256300000,1784257200000,2026-07-17T02:45:00Z,UP,YES,,63435.63,official-venue-resolution,f,f,f,f,f
doge,doge:1784256300000,1784256300000,1784257200000,2026-07-17T02:45:00Z,UP,YES,,0.0720423,official-venue-resolution,f,f,f,f,f
eth,eth:1784256300000,1784256300000,1784257200000,2026-07-17T02:45:00Z,UP,YES,,1846.76,official-venue-resolution,f,f,f,f,f
sol,sol:1784256300000,1784256300000,1784257200000,2026-07-17T02:45:00Z,UP,YES,,74.9285,official-venue-resolution,f,f,f,f,f
xrp,xrp:1784256300000,1784256300000,1784257200000,2026-07-17T02:45:00Z,UP,YES,,1.0873,official-venue-resolution,f,f,f,f,f
btc,btc:1784257200000,1784257200000,1784258100000,2026-07-17T03:00:00Z,UP,YES,,63572.5,official-venue-resolution,f,f,f,f,f
doge,doge:1784257200000,1784257200000,1784258100000,2026-07-17T03:00:00Z,UP,YES,,0.0723329,official-venue-resolution,f,f,f,f,f
eth,eth:1784257200000,1784257200000,1784258100000,2026-07-17T03:00:00Z,UP,YES,,1852.07,official-venue-resolution,f,f,f,f,f
sol,sol:1784257200000,1784257200000,1784258100000,2026-07-17T03:00:00Z,UP,YES,,75.1635,official-venue-resolution,f,f,f,f,f
xrp,xrp:1784257200000,1784257200000,1784258100000,2026-07-17T03:00:00Z,UP,YES,,1.0905,official-venue-resolution,f,f,f,f,f
btc,btc:1784258100000,1784258100000,1784259000000,2026-07-17T03:15:00Z,UP,YES,,63633.43,official-venue-resolution,f,f,f,f,f
doge,doge:1784258100000,1784258100000,1784259000000,2026-07-17T03:15:00Z,UP,YES,,0.0725589,official-venue-resolution,f,f,f,f,f
eth,eth:1784258100000,1784258100000,1784259000000,2026-07-17T03:15:00Z,UP,YES,,1856.7,official-venue-resolution,f,f,f,f,f
sol,sol:1784258100000,1784258100000,1784259000000,2026-07-17T03:15:00Z,UP,YES,,75.33,official-venue-resolution,f,f,f,f,f
xrp,xrp:1784258100000,1784258100000,1784259000000,2026-07-17T03:15:00Z,UP,YES,,1.0935,official-venue-resolution,f,f,f,f,f
btc,btc:1784259000000,1784259000000,1784259900000,2026-07-17T03:30:00Z,DOWN,NO,,63574.2,official-venue-resolution,f,f,f,f,f
doge,doge:1784259000000,1784259000000,1784259900000,2026-07-17T03:30:00Z,DOWN,NO,,0.0724531,official-venue-resolution,f,f,f,f,f
eth,eth:1784259000000,1784259000000,1784259900000,2026-07-17T03:30:00Z,DOWN,NO,,1853.53,official-venue-resolution,f,f,f,f,f
sol,sol:1784259000000,1784259000000,1784259900000,2026-07-17T03:30:00Z,DOWN,NO,,75.2337,official-venue-resolution,f,f,f,f,f
xrp,xrp:1784259000000,1784259000000,1784259900000,2026-07-17T03:30:00Z,DOWN,NO,,1.0925,official-venue-resolution,f,f,f,f,f
btc,btc:1784259900000,1784259900000,1784260800000,2026-07-17T03:45:00Z,DOWN,NO,,63518.05,official-venue-resolution,f,f,f,f,f
doge,doge:1784259900000,1784259900000,1784260800000,2026-07-17T03:45:00Z,DOWN,NO,,0.0723867,official-venue-resolution,f,f,f,f,f
eth,eth:1784259900000,1784259900000,1784260800000,2026-07-17T03:45:00Z,DOWN,NO,,1851.3,official-venue-resolution,f,f,f,f,f
sol,sol:1784259900000,1784259900000,1784260800000,2026-07-17T03:45:00Z,DOWN,NO,,75.163,official-venue-resolution,f,f,f,f,f
xrp,xrp:1784259900000,1784259900000,1784260800000,2026-07-17T03:45:00Z,DOWN,NO,,1.0916,official-venue-resolution,f,f,f,f,f
btc,btc:1784260800000,1784260800000,1784261700000,2026-07-17T04:00:00Z,DOWN,NO,,63447.19,official-venue-resolution,f,f,f,f,f
doge,doge:1784260800000,1784260800000,1784261700000,2026-07-17T04:00:00Z,DOWN,NO,,0.0722164,official-venue-resolution,f,f,f,f,f
eth,eth:1784260800000,1784260800000,1784261700000,2026-07-17T04:00:00Z,DOWN,NO,,1848.52,official-venue-resolution,f,f,f,f,f
sol,sol:1784260800000,1784260800000,1784261700000,2026-07-17T04:00:00Z,DOWN,NO,,75.0262,official-venue-resolution,f,f,f,f,f
xrp,xrp:1784260800000,1784260800000,1784261700000,2026-07-17T04:00:00Z,DOWN,NO,,1.0907,official-venue-resolution,f,f,f,f,f
btc,btc:1784261700000,1784261700000,1784262600000,2026-07-17T04:15:00Z,DOWN,NO,,63325.69,official-venue-resolution,f,f,f,f,f
doge,doge:1784261700000,1784261700000,1784262600000,2026-07-17T04:15:00Z,DOWN,NO,,0.072094,official-venue-resolution,f,f,f,f,f
eth,eth:1784261700000,1784261700000,1784262600000,2026-07-17T04:15:00Z,DOWN,NO,,1845.34,official-venue-resolution,f,f,f,f,f
sol,sol:1784261700000,1784261700000,1784262600000,2026-07-17T04:15:00Z,DOWN,NO,,74.85,official-venue-resolution,f,f,f,f,f
xrp,xrp:1784261700000,1784261700000,1784262600000,2026-07-17T04:15:00Z,DOWN,NO,,1.0881,official-venue-resolution,f,f,f,f,f
btc,btc:1784262600000,1784262600000,1784263500000,2026-07-17T04:30:00Z,UP,YES,,63428.89,official-venue-resolution,f,f,f,f,f
doge,doge:1784262600000,1784262600000,1784263500000,2026-07-17T04:30:00Z,UP,YES,,0.072273,official-venue-resolution,f,f,f,f,f
eth,eth:1784262600000,1784262600000,1784263500000,2026-07-17T04:30:00Z,UP,YES,,1848.1,official-venue-resolution,f,f,f,f,f
sol,sol:1784262600000,1784262600000,1784263500000,2026-07-17T04:30:00Z,UP,YES,,75.0788,official-venue-resolution,f,f,f,f,f
xrp,xrp:1784262600000,1784262600000,1784263500000,2026-07-17T04:30:00Z,UP,YES,,1.0895,official-venue-resolution,f,f,f,f,f
btc,btc:1784263500000,1784263500000,1784264400000,2026-07-17T04:45:00Z,UP,YES,,63433.23,official-venue-resolution,f,f,f,f,f
doge,doge:1784263500000,1784263500000,1784264400000,2026-07-17T04:45:00Z,DOWN,NO,,0.0722489,official-venue-resolution,f,f,f,f,f
eth,eth:1784263500000,1784263500000,1784264400000,2026-07-17T04:45:00Z,UP,YES,,1849.08,official-venue-resolution,f,f,f,f,f
sol,sol:1784263500000,1784263500000,1784264400000,2026-07-17T04:45:00Z,UP,YES,,75.1777,official-venue-resolution,f,f,f,f,f
xrp,xrp:1784263500000,1784263500000,1784264400000,2026-07-17T04:45:00Z,UP,YES,,1.0897,official-venue-resolution,f,f,f,f,f
btc,btc:1784264400000,1784264400000,1784265300000,2026-07-17T05:00:00Z,DOWN,NO,,63376.75,official-venue-resolution,f,f,f,f,f
doge,doge:1784264400000,1784264400000,1784265300000,2026-07-17T05:00:00Z,DOWN,NO,,0.0722182,official-venue-resolution,f,f,f,f,f
eth,eth:1784264400000,1784264400000,1784265300000,2026-07-17T05:00:00Z,DOWN,NO,,1846.04,official-venue-resolution,f,f,f,f,f
sol,sol:1784264400000,1784264400000,1784265300000,2026-07-17T05:00:00Z,DOWN,NO,,75.101,official-venue-resolution,f,f,f,f,f
xrp,xrp:1784264400000,1784264400000,1784265300000,2026-07-17T05:00:00Z,DOWN,NO,,1.0894,official-venue-resolution,f,f,f,f,f
btc,btc:1784265300000,1784265300000,1784266200000,2026-07-17T05:15:00Z,DOWN,NO,,63205.39,official-venue-resolution,f,f,f,f,f
doge,doge:1784265300000,1784265300000,1784266200000,2026-07-17T05:15:00Z,DOWN,NO,,0.0719585,official-venue-resolution,f,f,f,f,f
eth,eth:1784265300000,1784265300000,1784266200000,2026-07-17T05:15:00Z,DOWN,NO,,1837.26,official-venue-resolution,f,f,f,f,f
sol,sol:1784265300000,1784265300000,1784266200000,2026-07-17T05:15:00Z,DOWN,NO,,74.8195,official-venue-resolution,f,f,f,f,f
xrp,xrp:1784265300000,1784265300000,1784266200000,2026-07-17T05:15:00Z,DOWN,NO,,1.0854,official-venue-resolution,f,f,f,f,f
btc,btc:1784266200000,1784266200000,1784267100000,2026-07-17T05:30:00Z,DOWN,NO,,62940.06,official-venue-resolution,f,f,f,f,f
doge,doge:1784266200000,1784266200000,1784267100000,2026-07-17T05:30:00Z,DOWN,NO,,0.0717777,official-venue-resolution,f,f,f,f,f
eth,eth:1784266200000,1784266200000,1784267100000,2026-07-17T05:30:00Z,DOWN,NO,,1831.28,official-venue-resolution,f,f,f,f,f
sol,sol:1784266200000,1784266200000,1784267100000,2026-07-17T05:30:00Z,DOWN,NO,,74.6495,official-venue-resolution,f,f,f,f,f
xrp,xrp:1784266200000,1784266200000,1784267100000,2026-07-17T05:30:00Z,DOWN,NO,,1.0837,official-venue-resolution,f,f,f,f,f
btc,btc:1784267100000,1784267100000,1784268000000,2026-07-17T05:45:00Z,DOWN,NO,,62782.25,official-venue-resolution,f,f,f,f,f
doge,doge:1784267100000,1784267100000,1784268000000,2026-07-17T05:45:00Z,DOWN,NO,,0.0714461,official-venue-resolution,f,f,f,f,f
eth,eth:1784267100000,1784267100000,1784268000000,2026-07-17T05:45:00Z,DOWN,NO,,1822.2,official-venue-resolution,f,f,f,f,f
sol,sol:1784267100000,1784267100000,1784268000000,2026-07-17T05:45:00Z,DOWN,NO,,74.3112,official-venue-resolution,f,f,f,f,f
xrp,xrp:1784267100000,1784267100000,1784268000000,2026-07-17T05:45:00Z,DOWN,NO,,1.0796,official-venue-resolution,f,f,f,f,f
btc,btc:1784268000000,1784268000000,1784268900000,2026-07-17T06:00:00Z,DOWN,NO,,62760.9,official-venue-resolution,f,f,f,f,f
doge,doge:1784268000000,1784268000000,1784268900000,2026-07-17T06:00:00Z,UP,YES,,0.0715494,official-venue-resolution,f,f,f,f,f
eth,eth:1784268000000,1784268000000,1784268900000,2026-07-17T06:00:00Z,UP,YES,,1825.44,official-venue-resolution,f,f,f,f,f
sol,sol:1784268000000,1784268000000,1784268900000,2026-07-17T06:00:00Z,UP,YES,,74.4693,official-venue-resolution,f,f,f,f,f
xrp,xrp:1784268000000,1784268000000,1784268900000,2026-07-17T06:00:00Z,UP,YES,,1.0815,official-venue-resolution,f,f,f,f,f
btc,btc:1784268900000,1784268900000,1784269800000,2026-07-17T06:15:00Z,UP,YES,,62883.31,official-venue-resolution,f,f,f,f,f
doge,doge:1784268900000,1784268900000,1784269800000,2026-07-17T06:15:00Z,UP,YES,,0.0718328,official-venue-resolution,f,f,f,f,f
eth,eth:1784268900000,1784268900000,1784269800000,2026-07-17T06:15:00Z,UP,YES,,1832.95,official-venue-resolution,f,f,f,f,f
sol,sol:1784268900000,1784268900000,1784269800000,2026-07-17T06:15:00Z,UP,YES,,74.6535,official-venue-resolution,f,f,f,f,f
xrp,xrp:1784268900000,1784268900000,1784269800000,2026-07-17T06:15:00Z,UP,YES,,1.0854,official-venue-resolution,f,f,f,f,f
btc,btc:1784269800000,1784269800000,1784270700000,2026-07-17T06:30:00Z,DOWN,NO,,62832.21,official-venue-resolution,f,f,f,f,f
doge,doge:1784269800000,1784269800000,1784270700000,2026-07-17T06:30:00Z,UP,NO,,0.0718288,official-venue-resolution,t,f,t,f,f
eth,eth:1784269800000,1784269800000,1784270700000,2026-07-17T06:30:00Z,DOWN,NO,,1831.1,official-venue-resolution,f,f,f,f,f
sol,sol:1784269800000,1784269800000,1784270700000,2026-07-17T06:30:00Z,DOWN,NO,,74.5512,official-venue-resolution,f,f,f,f,f
xrp,xrp:1784269800000,1784269800000,1784270700000,2026-07-17T06:30:00Z,UP,YES,,1.0857,official-venue-resolution,f,f,f,f,f
btc,btc:1784270700000,1784270700000,1784271600000,2026-07-17T06:45:00Z,UP,YES,,62888.1,official-venue-resolution,f,f,f,f,f
doge,doge:1784270700000,1784270700000,1784271600000,2026-07-17T06:45:00Z,DOWN,NO,,0.0717564,official-venue-resolution,f,f,f,f,f
eth,eth:1784270700000,1784270700000,1784271600000,2026-07-17T06:45:00Z,DOWN,NO,,1830.23,official-venue-resolution,f,f,f,f,f
sol,sol:1784270700000,1784270700000,1784271600000,2026-07-17T06:45:00Z,DOWN,NO,,74.5242,official-venue-resolution,f,f,f,f,f
xrp,xrp:1784270700000,1784270700000,1784271600000,2026-07-17T06:45:00Z,UP,YES,,1.086,official-venue-resolution,f,f,f,f,f
btc,btc:1784271600000,1784271600000,1784272500000,2026-07-17T07:00:00Z,DOWN,NO,,62851.61,official-venue-resolution,f,f,f,f,f
doge,doge:1784271600000,1784271600000,1784272500000,2026-07-17T07:00:00Z,DOWN,NO,,0.0717087,official-venue-resolution,f,f,f,f,f
eth,eth:1784271600000,1784271600000,1784272500000,2026-07-17T07:00:00Z,DOWN,NO,,1828.33,official-venue-resolution,f,f,f,f,f
sol,sol:1784271600000,1784271600000,1784272500000,2026-07-17T07:00:00Z,DOWN,NO,,74.4702,official-venue-resolution,f,f,f,f,f
xrp,xrp:1784271600000,1784271600000,1784272500000,2026-07-17T07:00:00Z,DOWN,NO,,1.0845,official-venue-resolution,f,f,f,f,f
btc,btc:1784272500000,1784272500000,1784273400000,2026-07-17T07:15:00Z,UP,YES,,62881.43,official-venue-resolution,f,f,f,f,f
doge,doge:1784272500000,1784272500000,1784273400000,2026-07-17T07:15:00Z,DOWN,NO,,0.0716745,official-venue-resolution,f,f,f,f,f
eth,eth:1784272500000,1784272500000,1784273400000,2026-07-17T07:15:00Z,UP,YES,,1830.11,official-venue-resolution,f,f,f,f,f
sol,sol:1784272500000,1784272500000,1784273400000,2026-07-17T07:15:00Z,UP,YES,,74.4987,official-venue-resolution,f,f,f,f,f
xrp,xrp:1784272500000,1784272500000,1784273400000,2026-07-17T07:15:00Z,DOWN,NO,,1.0831,official-venue-resolution,f,f,f,f,f
btc,btc:1784273400000,1784273400000,1784274300000,2026-07-17T07:30:00Z,DOWN,YES,,62911.76,official-venue-resolution,t,t,f,f,f
doge,doge:1784273400000,1784273400000,1784274300000,2026-07-17T07:30:00Z,DOWN,YES,,0.0717159,official-venue-resolution,t,t,f,f,f
eth,eth:1784273400000,1784273400000,1784274300000,2026-07-17T07:30:00Z,DOWN,NO,,1829.43,official-venue-resolution,f,f,f,f,f
sol,sol:1784273400000,1784273400000,1784274300000,2026-07-17T07:30:00Z,UP,YES,,74.6313,official-venue-resolution,f,f,f,f,f
xrp,xrp:1784273400000,1784273400000,1784274300000,2026-07-17T07:30:00Z,UP,YES,,1.084,official-venue-resolution,f,f,f,f,f
btc,btc:1784274300000,1784274300000,1784275200000,2026-07-17T07:45:00Z,DOWN,NO,,62779.15,official-venue-resolution,f,f,f,f,f
doge,doge:1784274300000,1784274300000,1784275200000,2026-07-17T07:45:00Z,DOWN,NO,,0.071637,official-venue-resolution,f,f,f,f,f
eth,eth:1784274300000,1784274300000,1784275200000,2026-07-17T07:45:00Z,DOWN,NO,,1826.54,official-venue-resolution,f,f,f,f,f
sol,sol:1784274300000,1784274300000,1784275200000,2026-07-17T07:45:00Z,DOWN,NO,,74.555,official-venue-resolution,f,f,f,f,f
xrp,xrp:1784274300000,1784274300000,1784275200000,2026-07-17T07:45:00Z,DOWN,NO,,1.083,official-venue-resolution,f,f,f,f,f
btc,btc:1784275200000,1784275200000,1784276100000,2026-07-17T08:00:00Z,UP,YES,,62835.86,official-venue-resolution,f,f,f,f,f
doge,doge:1784275200000,1784275200000,1784276100000,2026-07-17T08:00:00Z,UP,YES,,0.0716589,official-venue-resolution,f,f,f,f,f
eth,eth:1784275200000,1784275200000,1784276100000,2026-07-17T08:00:00Z,UP,YES,,1828.19,official-venue-resolution,f,f,f,f,f
sol,sol:1784275200000,1784275200000,1784276100000,2026-07-17T08:00:00Z,UP,YES,,74.5755,official-venue-resolution,f,f,f,f,f
xrp,xrp:1784275200000,1784275200000,1784276100000,2026-07-17T08:00:00Z,UP,YES,,1.0841,official-venue-resolution,f,f,f,f,f
btc,btc:1784276100000,1784276100000,1784277000000,2026-07-17T08:15:00Z,DOWN,NO,,62760.65,official-venue-resolution,f,f,f,f,f
doge,doge:1784276100000,1784276100000,1784277000000,2026-07-17T08:15:00Z,DOWN,NO,,0.0714071,official-venue-resolution,f,f,f,f,f
eth,eth:1784276100000,1784276100000,1784277000000,2026-07-17T08:15:00Z,DOWN,NO,,1824.29,official-venue-resolution,f,f,f,f,f
sol,sol:1784276100000,1784276100000,1784277000000,2026-07-17T08:15:00Z,DOWN,NO,,74.4633,official-venue-resolution,f,f,f,f,f
xrp,xrp:1784276100000,1784276100000,1784277000000,2026-07-17T08:15:00Z,DOWN,NO,,1.0819,official-venue-resolution,f,f,f,f,f
btc,btc:1784277000000,1784277000000,1784277900000,2026-07-17T08:30:00Z,DOWN,NO,,62725.95,official-venue-resolution,f,f,f,f,f
doge,doge:1784277000000,1784277000000,1784277900000,2026-07-17T08:30:00Z,DOWN,NO,,0.0713357,official-venue-resolution,f,f,f,f,f
eth,eth:1784277000000,1784277000000,1784277900000,2026-07-17T08:30:00Z,UP,YES,,1825.5,official-venue-resolution,f,f,f,f,f
sol,sol:1784277000000,1784277000000,1784277900000,2026-07-17T08:30:00Z,DOWN,NO,,74.3918,official-venue-resolution,f,f,f,f,f
xrp,xrp:1784277000000,1784277000000,1784277900000,2026-07-17T08:30:00Z,UP,NO,,1.0818,official-venue-resolution,t,f,t,f,f
btc,btc:1784277900000,1784277900000,1784278800000,2026-07-17T08:45:00Z,UP,YES,,62843.7,official-venue-resolution,f,f,f,f,f
doge,doge:1784277900000,1784277900000,1784278800000,2026-07-17T08:45:00Z,UP,YES,,0.0714338,official-venue-resolution,f,f,f,f,f
eth,eth:1784277900000,1784277900000,1784278800000,2026-07-17T08:45:00Z,UP,YES,,1828.8,official-venue-resolution,f,f,f,f,f
sol,sol:1784277900000,1784277900000,1784278800000,2026-07-17T08:45:00Z,UP,YES,,74.4678,official-venue-resolution,f,f,f,f,f
xrp,xrp:1784277900000,1784277900000,1784278800000,2026-07-17T08:45:00Z,UP,YES,,1.084,official-venue-resolution,f,f,f,f,f
btc,btc:1784278800000,1784278800000,1784279700000,2026-07-17T09:00:00Z,UP,YES,,62895.79,official-venue-resolution,f,f,f,f,f
doge,doge:1784278800000,1784278800000,1784279700000,2026-07-17T09:00:00Z,UP,YES,,0.0715259,official-venue-resolution,f,f,f,f,f
eth,eth:1784278800000,1784278800000,1784279700000,2026-07-17T09:00:00Z,UP,YES,,1830.54,official-venue-resolution,f,f,f,f,f
sol,sol:1784278800000,1784278800000,1784279700000,2026-07-17T09:00:00Z,UP,YES,,74.5588,official-venue-resolution,f,f,f,f,f
xrp,xrp:1784278800000,1784278800000,1784279700000,2026-07-17T09:00:00Z,UP,YES,,1.0861,official-venue-resolution,f,f,f,f,f
btc,btc:1784279700000,1784279700000,1784280600000,2026-07-17T09:15:00Z,DOWN,YES,,62899.01,official-venue-resolution,t,t,f,f,f
doge,doge:1784279700000,1784279700000,1784280600000,2026-07-17T09:15:00Z,UP,YES,,0.0715779,official-venue-resolution,f,f,f,f,f
eth,eth:1784279700000,1784279700000,1784280600000,2026-07-17T09:15:00Z,DOWN,NO,,1830.28,official-venue-resolution,f,f,f,f,f
sol,sol:1784279700000,1784279700000,1784280600000,2026-07-17T09:15:00Z,UP,YES,,74.6123,official-venue-resolution,f,f,f,f,f
xrp,xrp:1784279700000,1784279700000,1784280600000,2026-07-17T09:15:00Z,UP,YES,,1.0872,official-venue-resolution,f,f,f,f,f
btc,btc:1784280600000,1784280600000,1784281500000,2026-07-17T09:30:00Z,UP,YES,,62999.63,official-venue-resolution,f,f,f,f,f
doge,doge:1784280600000,1784280600000,1784281500000,2026-07-17T09:30:00Z,UP,YES,,0.071674,official-venue-resolution,f,f,f,f,f
eth,eth:1784280600000,1784280600000,1784281500000,2026-07-17T09:30:00Z,UP,YES,,1833.33,official-venue-resolution,f,f,f,f,f
sol,sol:1784280600000,1784280600000,1784281500000,2026-07-17T09:30:00Z,UP,YES,,74.7178,official-venue-resolution,f,f,f,f,f
xrp,xrp:1784280600000,1784280600000,1784281500000,2026-07-17T09:30:00Z,DOWN,NO,,1.086,official-venue-resolution,f,f,f,f,f
btc,btc:1784281500000,1784281500000,1784282400000,2026-07-17T09:45:00Z,DOWN,NO,,62937.75,official-venue-resolution,f,f,f,f,f
doge,doge:1784281500000,1784281500000,1784282400000,2026-07-17T09:45:00Z,UP,NO,,0.0716632,official-venue-resolution,t,f,t,f,f
eth,eth:1784281500000,1784281500000,1784282400000,2026-07-17T09:45:00Z,DOWN,NO,,1833.16,official-venue-resolution,f,f,f,f,f
sol,sol:1784281500000,1784281500000,1784282400000,2026-07-17T09:45:00Z,DOWN,NO,,74.5833,official-venue-resolution,f,f,f,f,f
xrp,xrp:1784281500000,1784281500000,1784282400000,2026-07-17T09:45:00Z,DOWN,NO,,1.0843,official-venue-resolution,f,f,f,f,f
btc,btc:1784282400000,1784282400000,1784283300000,2026-07-17T10:00:00Z,UP,YES,,63037.02,official-venue-resolution,f,f,f,f,f
doge,doge:1784282400000,1784282400000,1784283300000,2026-07-17T10:00:00Z,UP,YES,,0.0718843,official-venue-resolution,f,f,f,f,f
eth,eth:1784282400000,1784282400000,1784283300000,2026-07-17T10:00:00Z,UP,YES,,1836.49,official-venue-resolution,f,f,f,f,f
sol,sol:1784282400000,1784282400000,1784283300000,2026-07-17T10:00:00Z,UP,YES,,74.7425,official-venue-resolution,f,f,f,f,f
xrp,xrp:1784282400000,1784282400000,1784283300000,2026-07-17T10:00:00Z,UP,YES,,1.0854,official-venue-resolution,f,f,f,f,f
btc,btc:1784283300000,1784283300000,1784284200000,2026-07-17T10:15:00Z,UP,YES,,63042.3,official-venue-resolution,f,f,f,f,f
doge,doge:1784283300000,1784283300000,1784284200000,2026-07-17T10:15:00Z,DOWN,NO,,0.0718196,official-venue-resolution,f,f,f,f,f
eth,eth:1784283300000,1784283300000,1784284200000,2026-07-17T10:15:00Z,DOWN,NO,,1836.45,official-venue-resolution,f,f,f,f,f
sol,sol:1784283300000,1784283300000,1784284200000,2026-07-17T10:15:00Z,DOWN,NO,,74.6845,official-venue-resolution,f,f,f,f,f
xrp,xrp:1784283300000,1784283300000,1784284200000,2026-07-17T10:15:00Z,DOWN,NO,,1.0848,official-venue-resolution,f,f,f,f,f
btc,btc:1784284200000,1784284200000,1784285100000,2026-07-17T10:30:00Z,UP,YES,,63129.43,official-venue-resolution,f,f,f,f,f
doge,doge:1784284200000,1784284200000,1784285100000,2026-07-17T10:30:00Z,UP,YES,,0.0718893,official-venue-resolution,f,f,f,f,f
eth,eth:1784284200000,1784284200000,1784285100000,2026-07-17T10:30:00Z,UP,YES,,1837.32,official-venue-resolution,f,f,f,f,f
sol,sol:1784284200000,1784284200000,1784285100000,2026-07-17T10:30:00Z,UP,YES,,74.7577,official-venue-resolution,f,f,f,f,f
xrp,xrp:1784284200000,1784284200000,1784285100000,2026-07-17T10:30:00Z,UP,YES,,1.0867,official-venue-resolution,f,f,f,f,f
btc,btc:1784285100000,1784285100000,1784286000000,2026-07-17T10:45:00Z,DOWN,NO,,63127.49,official-venue-resolution,f,f,f,f,f
doge,doge:1784285100000,1784285100000,1784286000000,2026-07-17T10:45:00Z,UP,YES,,0.0719415,official-venue-resolution,f,f,f,f,f
eth,eth:1784285100000,1784285100000,1784286000000,2026-07-17T10:45:00Z,DOWN,NO,,1835.61,official-venue-resolution,f,f,f,f,f
sol,sol:1784285100000,1784285100000,1784286000000,2026-07-17T10:45:00Z,DOWN,NO,,74.7273,official-venue-resolution,f,f,f,f,f
xrp,xrp:1784285100000,1784285100000,1784286000000,2026-07-17T10:45:00Z,DOWN,NO,,1.0856,official-venue-resolution,f,f,f,f,f
btc,btc:1784286000000,1784286000000,1784286900000,2026-07-17T11:00:00Z,DOWN,NO,,63048.47,official-venue-resolution,f,f,f,f,f
doge,doge:1784286000000,1784286000000,1784286900000,2026-07-17T11:00:00Z,DOWN,NO,,0.0718611,official-venue-resolution,f,f,f,f,f
eth,eth:1784286000000,1784286000000,1784286900000,2026-07-17T11:00:00Z,DOWN,NO,,1833.65,official-venue-resolution,f,f,f,f,f
sol,sol:1784286000000,1784286000000,1784286900000,2026-07-17T11:00:00Z,DOWN,NO,,74.6498,official-venue-resolution,f,f,f,f,f
xrp,xrp:1784286000000,1784286000000,1784286900000,2026-07-17T11:00:00Z,DOWN,NO,,1.0837,official-venue-resolution,f,f,f,f,f
btc,btc:1784286900000,1784286900000,1784287800000,2026-07-17T11:15:00Z,UP,YES,,63077.27,official-venue-resolution,f,f,f,f,f
doge,doge:1784286900000,1784286900000,1784287800000,2026-07-17T11:15:00Z,UP,YES,,0.0719211,official-venue-resolution,f,f,f,f,f
eth,eth:1784286900000,1784286900000,1784287800000,2026-07-17T11:15:00Z,UP,YES,,1835.28,official-venue-resolution,f,f,f,f,f
sol,sol:1784286900000,1784286900000,1784287800000,2026-07-17T11:15:00Z,UP,YES,,74.7368,official-venue-resolution,f,f,f,f,f
xrp,xrp:1784286900000,1784286900000,1784287800000,2026-07-17T11:15:00Z,UP,YES,,1.0841,official-venue-resolution,f,f,f,f,f
btc,btc:1784287800000,1784287800000,1784288700000,2026-07-17T11:30:00Z,UP,YES,,63238.36,official-venue-resolution,f,f,f,f,f
doge,doge:1784287800000,1784287800000,1784288700000,2026-07-17T11:30:00Z,UP,YES,,0.0720022,official-venue-resolution,f,f,f,f,f
eth,eth:1784287800000,1784287800000,1784288700000,2026-07-17T11:30:00Z,UP,YES,,1839.51,official-venue-resolution,f,f,f,f,f
sol,sol:1784287800000,1784287800000,1784288700000,2026-07-17T11:30:00Z,UP,YES,,74.8497,official-venue-resolution,f,f,f,f,f
xrp,xrp:1784287800000,1784287800000,1784288700000,2026-07-17T11:30:00Z,UP,YES,,1.0845,official-venue-resolution,f,f,f,f,f
btc,btc:1784288700000,1784288700000,1784289600000,2026-07-17T11:45:00Z,DOWN,YES,,63257.83,official-venue-resolution,t,t,f,f,f
doge,doge:1784288700000,1784288700000,1784289600000,2026-07-17T11:45:00Z,DOWN,NO,,0.0719786,official-venue-resolution,f,f,f,f,f
eth,eth:1784288700000,1784288700000,1784289600000,2026-07-17T11:45:00Z,DOWN,NO,,1838,official-venue-resolution,f,f,f,f,f
sol,sol:1784288700000,1784288700000,1784289600000,2026-07-17T11:45:00Z,DOWN,NO,,74.8067,official-venue-resolution,f,f,f,f,f
xrp,xrp:1784288700000,1784288700000,1784289600000,2026-07-17T11:45:00Z,DOWN,NO,,1.0839,official-venue-resolution,f,f,f,f,f
btc,btc:1784289600000,1784289600000,1784290500000,2026-07-17T12:00:00Z,DOWN,NO,,63184.94,official-venue-resolution,f,f,f,f,f
doge,doge:1784289600000,1784289600000,1784290500000,2026-07-17T12:00:00Z,DOWN,NO,,0.0718621,official-venue-resolution,f,f,f,f,f
eth,eth:1784289600000,1784289600000,1784290500000,2026-07-17T12:00:00Z,DOWN,NO,,1834.72,official-venue-resolution,f,f,f,f,f
sol,sol:1784289600000,1784289600000,1784290500000,2026-07-17T12:00:00Z,DOWN,NO,,74.6348,official-venue-resolution,f,f,f,f,f
xrp,xrp:1784289600000,1784289600000,1784290500000,2026-07-17T12:00:00Z,DOWN,NO,,1.0814,official-venue-resolution,f,f,f,f,f
btc,btc:1784290500000,1784290500000,1784291400000,2026-07-17T12:15:00Z,DOWN,NO,,63139.79,official-venue-resolution,f,f,f,f,f
doge,doge:1784290500000,1784290500000,1784291400000,2026-07-17T12:15:00Z,UP,NO,,0.0718467,official-venue-resolution,t,f,t,f,f
eth,eth:1784290500000,1784290500000,1784291400000,2026-07-17T12:15:00Z,DOWN,NO,,1832.24,official-venue-resolution,f,f,f,f,f
sol,sol:1784290500000,1784290500000,1784291400000,2026-07-17T12:15:00Z,DOWN,NO,,74.5938,official-venue-resolution,f,f,f,f,f
xrp,xrp:1784290500000,1784290500000,1784291400000,2026-07-17T12:15:00Z,DOWN,NO,,1.0804,official-venue-resolution,f,f,f,f,f
btc,btc:1784291400000,1784291400000,1784292300000,2026-07-17T12:30:00Z,DOWN,NO,,63064.13,official-venue-resolution,f,f,f,f,f
doge,doge:1784291400000,1784291400000,1784292300000,2026-07-17T12:30:00Z,DOWN,NO,,0.0716832,official-venue-resolution,f,f,f,f,f
eth,eth:1784291400000,1784291400000,1784292300000,2026-07-17T12:30:00Z,DOWN,NO,,1828.52,official-venue-resolution,f,f,f,f,f
sol,sol:1784291400000,1784291400000,1784292300000,2026-07-17T12:30:00Z,DOWN,NO,,74.3983,official-venue-resolution,f,f,f,f,f
xrp,xrp:1784291400000,1784291400000,1784292300000,2026-07-17T12:30:00Z,DOWN,NO,,1.0794,official-venue-resolution,f,f,f,f,f
btc,btc:1784292300000,1784292300000,1784293200000,2026-07-17T12:45:00Z,DOWN,NO,,63049.15,official-venue-resolution,f,f,f,f,f
doge,doge:1784292300000,1784292300000,1784293200000,2026-07-17T12:45:00Z,DOWN,NO,,0.0716511,official-venue-resolution,f,f,f,f,f
eth,eth:1784292300000,1784292300000,1784293200000,2026-07-17T12:45:00Z,DOWN,NO,,1827.48,official-venue-resolution,f,f,f,f,f
sol,sol:1784292300000,1784292300000,1784293200000,2026-07-17T12:45:00Z,DOWN,NO,,74.344,official-venue-resolution,f,f,f,f,f
xrp,xrp:1784292300000,1784292300000,1784293200000,2026-07-17T12:45:00Z,DOWN,NO,,1.0774,official-venue-resolution,f,f,f,f,f
btc,btc:1784293200000,1784293200000,1784294100000,2026-07-17T13:00:00Z,DOWN,NO,,62765.74,official-venue-resolution,f,f,f,f,f
doge,doge:1784293200000,1784293200000,1784294100000,2026-07-17T13:00:00Z,DOWN,NO,,0.0713115,official-venue-resolution,f,f,f,f,f
eth,eth:1784293200000,1784293200000,1784294100000,2026-07-17T13:00:00Z,DOWN,NO,,1812.79,official-venue-resolution,f,f,f,f,f
sol,sol:1784293200000,1784293200000,1784294100000,2026-07-17T13:00:00Z,DOWN,NO,,73.6558,official-venue-resolution,f,f,f,f,f
xrp,xrp:1784293200000,1784293200000,1784294100000,2026-07-17T13:00:00Z,DOWN,NO,,1.0728,official-venue-resolution,f,f,f,f,f
btc,btc:1784294100000,1784294100000,1784295000000,2026-07-17T13:15:00Z,UP,YES,,62792.14,official-venue-resolution,f,f,f,f,f
doge,doge:1784294100000,1784294100000,1784295000000,2026-07-17T13:15:00Z,UP,YES,,0.0713689,official-venue-resolution,f,f,f,f,f
eth,eth:1784294100000,1784294100000,1784295000000,2026-07-17T13:15:00Z,UP,YES,,1814.47,official-venue-resolution,f,f,f,f,f
sol,sol:1784294100000,1784294100000,1784295000000,2026-07-17T13:15:00Z,UP,YES,,73.7573,official-venue-resolution,f,f,f,f,f
xrp,xrp:1784294100000,1784294100000,1784295000000,2026-07-17T13:15:00Z,DOWN,NO,,1.0727,official-venue-resolution,f,f,f,f,f
btc,btc:1784295000000,1784295000000,1784295900000,2026-07-17T13:30:00Z,DOWN,NO,,62494.59,official-venue-resolution,f,f,f,f,f
doge,doge:1784295000000,1784295000000,1784295900000,2026-07-17T13:30:00Z,DOWN,NO,,0.07112,official-venue-resolution,f,f,f,f,f
eth,eth:1784295000000,1784295000000,1784295900000,2026-07-17T13:30:00Z,DOWN,NO,,1805.29,official-venue-resolution,f,f,f,f,f
sol,sol:1784295000000,1784295000000,1784295900000,2026-07-17T13:30:00Z,DOWN,NO,,73.4212,official-venue-resolution,f,f,f,f,f
xrp,xrp:1784295000000,1784295000000,1784295900000,2026-07-17T13:30:00Z,DOWN,NO,,1.0694,official-venue-resolution,f,f,f,f,f
btc,btc:1784295900000,1784295900000,1784296800000,2026-07-17T13:45:00Z,UP,YES,,63076.22,official-venue-resolution,f,f,f,f,f
doge,doge:1784295900000,1784295900000,1784296800000,2026-07-17T13:45:00Z,UP,YES,,0.0718518,official-venue-resolution,f,f,f,f,f
eth,eth:1784295900000,1784295900000,1784296800000,2026-07-17T13:45:00Z,UP,YES,,1823.25,official-venue-resolution,f,f,f,f,f
sol,sol:1784295900000,1784295900000,1784296800000,2026-07-17T13:45:00Z,UP,YES,,74.231,official-venue-resolution,f,f,f,f,f
xrp,xrp:1784295900000,1784295900000,1784296800000,2026-07-17T13:45:00Z,UP,YES,,1.0793,official-venue-resolution,f,f,f,f,f
btc,btc:1784296800000,1784296800000,1784297700000,2026-07-17T14:00:00Z,UP,YES,,63328.67,official-venue-resolution,f,f,f,f,f
doge,doge:1784296800000,1784296800000,1784297700000,2026-07-17T14:00:00Z,UP,YES,,0.0720974,official-venue-resolution,f,f,f,f,f
eth,eth:1784296800000,1784296800000,1784297700000,2026-07-17T14:00:00Z,UP,YES,,1827.69,official-venue-resolution,f,f,f,f,f
sol,sol:1784296800000,1784296800000,1784297700000,2026-07-17T14:00:00Z,UP,YES,,74.5192,official-venue-resolution,f,f,f,f,f
xrp,xrp:1784296800000,1784296800000,1784297700000,2026-07-17T14:00:00Z,UP,YES,,1.0835,official-venue-resolution,f,f,f,f,f
btc,btc:1784297700000,1784297700000,1784298600000,2026-07-17T14:15:00Z,DOWN,NO,,63179.94,official-venue-resolution,f,f,f,f,f
doge,doge:1784297700000,1784297700000,1784298600000,2026-07-17T14:15:00Z,DOWN,NO,,0.0718362,official-venue-resolution,f,f,f,f,f
eth,eth:1784297700000,1784297700000,1784298600000,2026-07-17T14:15:00Z,DOWN,NO,,1822,official-venue-resolution,f,f,f,f,f
sol,sol:1784297700000,1784297700000,1784298600000,2026-07-17T14:15:00Z,DOWN,NO,,74.3863,official-venue-resolution,f,f,f,f,f
xrp,xrp:1784297700000,1784297700000,1784298600000,2026-07-17T14:15:00Z,UP,NO,,1.0832,official-venue-resolution,t,f,t,f,f
btc,btc:1784298600000,1784298600000,1784299500000,2026-07-17T14:30:00Z,UP,YES,,63229.4,official-venue-resolution,f,f,f,f,f
doge,doge:1784298600000,1784298600000,1784299500000,2026-07-17T14:30:00Z,UP,YES,,0.0719012,official-venue-resolution,f,f,f,f,f
eth,eth:1784298600000,1784298600000,1784299500000,2026-07-17T14:30:00Z,DOWN,NO,,1820.88,official-venue-resolution,f,f,f,f,f
sol,sol:1784298600000,1784298600000,1784299500000,2026-07-17T14:30:00Z,DOWN,YES,,74.3875,official-venue-resolution,t,t,f,f,f
xrp,xrp:1784298600000,1784298600000,1784299500000,2026-07-17T14:30:00Z,DOWN,YES,,1.0835,official-venue-resolution,t,t,f,f,f
btc,btc:1784299500000,1784299500000,1784300400000,2026-07-17T14:45:00Z,DOWN,NO,,63147.79,official-venue-resolution,f,f,f,f,f
doge,doge:1784299500000,1784299500000,1784300400000,2026-07-17T14:45:00Z,DOWN,NO,,0.0718861,official-venue-resolution,f,f,f,f,f
eth,eth:1784299500000,1784299500000,1784300400000,2026-07-17T14:45:00Z,UP,YES,,1821.31,official-venue-resolution,f,f,f,f,f
sol,sol:1784299500000,1784299500000,1784300400000,2026-07-17T14:45:00Z,DOWN,NO,,74.2682,official-venue-resolution,f,f,f,f,f
xrp,xrp:1784299500000,1784299500000,1784300400000,2026-07-17T14:45:00Z,DOWN,NO,,1.0821,official-venue-resolution,f,f,f,f,f
btc,btc:1784300400000,1784300400000,1784301300000,2026-07-17T15:00:00Z,DOWN,NO,,62846.75,official-venue-resolution,f,f,f,f,f
doge,doge:1784300400000,1784300400000,1784301300000,2026-07-17T15:00:00Z,DOWN,NO,,0.071574,official-venue-resolution,f,f,f,f,f
eth,eth:1784300400000,1784300400000,1784301300000,2026-07-17T15:00:00Z,DOWN,NO,,1811.16,official-venue-resolution,f,f,f,f,f
sol,sol:1784300400000,1784300400000,1784301300000,2026-07-17T15:00:00Z,DOWN,NO,,73.9097,official-venue-resolution,f,f,f,f,f
xrp,xrp:1784300400000,1784300400000,1784301300000,2026-07-17T15:00:00Z,DOWN,NO,,1.0742,official-venue-resolution,f,f,f,f,f
btc,btc:1784301300000,1784301300000,1784302200000,2026-07-17T15:15:00Z,UP,YES,,63191.7,official-venue-resolution,f,f,f,f,f
doge,doge:1784301300000,1784301300000,1784302200000,2026-07-17T15:15:00Z,UP,YES,,0.0718313,official-venue-resolution,f,f,f,f,f
eth,eth:1784301300000,1784301300000,1784302200000,2026-07-17T15:15:00Z,UP,YES,,1819.19,official-venue-resolution,f,f,f,f,f
sol,sol:1784301300000,1784301300000,1784302200000,2026-07-17T15:15:00Z,UP,YES,,74.175,official-venue-resolution,f,f,f,f,f
xrp,xrp:1784301300000,1784301300000,1784302200000,2026-07-17T15:15:00Z,UP,YES,,1.0775,official-venue-resolution,f,f,f,f,f
btc,btc:1784302200000,1784302200000,1784303100000,2026-07-17T15:30:00Z,DOWN,NO,,63158.72,official-venue-resolution,f,f,f,f,f
doge,doge:1784302200000,1784302200000,1784303100000,2026-07-17T15:30:00Z,UP,YES,,0.0719399,official-venue-resolution,f,f,f,f,f
eth,eth:1784302200000,1784302200000,1784303100000,2026-07-17T15:30:00Z,UP,YES,,1822.04,official-venue-resolution,f,f,f,f,f
sol,sol:1784302200000,1784302200000,1784303100000,2026-07-17T15:30:00Z,UP,YES,,74.3655,official-venue-resolution,f,f,f,f,f
xrp,xrp:1784302200000,1784302200000,1784303100000,2026-07-17T15:30:00Z,UP,YES,,1.0802,official-venue-resolution,f,f,f,f,f
btc,btc:1784303100000,1784303100000,1784304000000,2026-07-17T15:45:00Z,UP,YES,,63376.07,official-venue-resolution,f,f,f,f,f
doge,doge:1784303100000,1784303100000,1784304000000,2026-07-17T15:45:00Z,UP,YES,,0.0720901,official-venue-resolution,f,f,f,f,f
eth,eth:1784303100000,1784303100000,1784304000000,2026-07-17T15:45:00Z,UP,YES,,1829.1,official-venue-resolution,f,f,f,f,f
sol,sol:1784303100000,1784303100000,1784304000000,2026-07-17T15:45:00Z,UP,YES,,74.7005,official-venue-resolution,f,f,f,f,f
xrp,xrp:1784303100000,1784303100000,1784304000000,2026-07-17T15:45:00Z,UP,YES,,1.0824,official-venue-resolution,f,f,f,f,f
btc,btc:1784304000000,1784304000000,1784304900000,2026-07-17T16:00:00Z,UP,YES,,63446.68,official-venue-resolution,f,f,f,f,f
doge,doge:1784304000000,1784304000000,1784304900000,2026-07-17T16:00:00Z,UP,YES,,0.0721734,official-venue-resolution,f,f,f,f,f
eth,eth:1784304000000,1784304000000,1784304900000,2026-07-17T16:00:00Z,UP,YES,,1831.11,official-venue-resolution,f,f,f,f,f
sol,sol:1784304000000,1784304000000,1784304900000,2026-07-17T16:00:00Z,UP,YES,,74.7523,official-venue-resolution,f,f,f,f,f
xrp,xrp:1784304000000,1784304000000,1784304900000,2026-07-17T16:00:00Z,UP,YES,,1.0838,official-venue-resolution,f,f,f,f,f
btc,btc:1784304900000,1784304900000,1784305800000,2026-07-17T16:15:00Z,UP,NO,,63430.82,official-venue-resolution,t,f,t,f,f
doge,doge:1784304900000,1784304900000,1784305800000,2026-07-17T16:15:00Z,UP,YES,,0.0722803,official-venue-resolution,f,f,f,f,f
eth,eth:1784304900000,1784304900000,1784305800000,2026-07-17T16:15:00Z,UP,YES,,1834.46,official-venue-resolution,f,f,f,f,f
sol,sol:1784304900000,1784304900000,1784305800000,2026-07-17T16:15:00Z,UP,YES,,74.7678,official-venue-resolution,f,f,f,f,f
xrp,xrp:1784304900000,1784304900000,1784305800000,2026-07-17T16:15:00Z,UP,YES,,1.0847,official-venue-resolution,f,f,f,f,f
btc,btc:1784305800000,1784305800000,1784306700000,2026-07-17T16:30:00Z,UP,YES,,63469.97,official-venue-resolution,f,f,f,f,f
doge,doge:1784305800000,1784305800000,1784306700000,2026-07-17T16:30:00Z,UP,YES,,0.0723949,official-venue-resolution,f,f,f,f,f
eth,eth:1784305800000,1784305800000,1784306700000,2026-07-17T16:30:00Z,UP,YES,,1836.06,official-venue-resolution,f,f,f,f,f
sol,sol:1784305800000,1784305800000,1784306700000,2026-07-17T16:30:00Z,UP,YES,,74.9828,official-venue-resolution,f,f,f,f,f
xrp,xrp:1784305800000,1784305800000,1784306700000,2026-07-17T16:30:00Z,UP,YES,,1.0873,official-venue-resolution,f,f,f,f,f
btc,btc:1784306700000,1784306700000,1784307600000,2026-07-17T16:45:00Z,UP,YES,,63559.86,official-venue-resolution,f,f,f,f,f
doge,doge:1784306700000,1784306700000,1784307600000,2026-07-17T16:45:00Z,DOWN,NO,,0.0723149,official-venue-resolution,f,f,f,f,f
eth,eth:1784306700000,1784306700000,1784307600000,2026-07-17T16:45:00Z,DOWN,NO,,1834.92,official-venue-resolution,f,f,f,f,f
sol,sol:1784306700000,1784306700000,1784307600000,2026-07-17T16:45:00Z,DOWN,NO,,74.9028,official-venue-resolution,f,f,f,f,f
xrp,xrp:1784306700000,1784306700000,1784307600000,2026-07-17T16:45:00Z,DOWN,NO,,1.0859,official-venue-resolution,f,f,f,f,f
btc,btc:1784307600000,1784307600000,1784308500000,2026-07-17T17:00:00Z,UP,YES,,63960.97,official-venue-resolution,f,f,f,f,f
doge,doge:1784307600000,1784307600000,1784308500000,2026-07-17T17:00:00Z,UP,YES,,0.0726937,official-venue-resolution,f,f,f,f,f
eth,eth:1784307600000,1784307600000,1784308500000,2026-07-17T17:00:00Z,UP,YES,,1847.01,official-venue-resolution,f,f,f,f,f
sol,sol:1784307600000,1784307600000,1784308500000,2026-07-17T17:00:00Z,UP,YES,,75.313,official-venue-resolution,f,f,f,f,f
xrp,xrp:1784307600000,1784307600000,1784308500000,2026-07-17T17:00:00Z,UP,YES,,1.0918,official-venue-resolution,f,f,f,f,f
btc,btc:1784308500000,1784308500000,1784309400000,2026-07-17T17:15:00Z,UP,YES,,64012.19,official-venue-resolution,f,f,f,f,f
doge,doge:1784308500000,1784308500000,1784309400000,2026-07-17T17:15:00Z,UP,YES,,0.072694,official-venue-resolution,f,f,f,f,f
eth,eth:1784308500000,1784308500000,1784309400000,2026-07-17T17:15:00Z,UP,NO,,1846.37,official-venue-resolution,t,f,t,f,f
sol,sol:1784308500000,1784308500000,1784309400000,2026-07-17T17:15:00Z,DOWN,NO,,75.2617,official-venue-resolution,f,f,f,f,f
xrp,xrp:1784308500000,1784308500000,1784309400000,2026-07-17T17:15:00Z,UP,YES,,1.0935,official-venue-resolution,f,f,f,f,f
btc,btc:1784309400000,1784309400000,1784310300000,2026-07-17T17:30:00Z,UP,NO,,64001.7,official-venue-resolution,t,f,t,f,f
doge,doge:1784309400000,1784309400000,1784310300000,2026-07-17T17:30:00Z,DOWN,NO,,0.072541,official-venue-resolution,f,f,f,f,f
eth,eth:1784309400000,1784309400000,1784310300000,2026-07-17T17:30:00Z,DOWN,NO,,1843.54,official-venue-resolution,f,f,f,f,f
sol,sol:1784309400000,1784309400000,1784310300000,2026-07-17T17:30:00Z,DOWN,NO,,75.1647,official-venue-resolution,f,f,f,f,f
xrp,xrp:1784309400000,1784309400000,1784310300000,2026-07-17T17:30:00Z,DOWN,NO,,1.0914,official-venue-resolution,f,f,f,f,f
btc,btc:1784310300000,1784310300000,1784311200000,2026-07-17T17:45:00Z,UP,YES,,64028.69,official-venue-resolution,f,f,f,f,f
doge,doge:1784310300000,1784310300000,1784311200000,2026-07-17T17:45:00Z,DOWN,NO,,0.0725338,official-venue-resolution,f,f,f,f,f
eth,eth:1784310300000,1784310300000,1784311200000,2026-07-17T17:45:00Z,DOWN,NO,,1843.08,official-venue-resolution,f,f,f,f,f
sol,sol:1784310300000,1784310300000,1784311200000,2026-07-17T17:45:00Z,UP,YES,,75.2015,official-venue-resolution,f,f,f,f,f
xrp,xrp:1784310300000,1784310300000,1784311200000,2026-07-17T17:45:00Z,DOWN,NO,,1.091,official-venue-resolution,f,f,f,f,f
btc,btc:1784311200000,1784311200000,1784312100000,2026-07-17T18:00:00Z,UP,YES,,64063.24,official-venue-resolution,f,f,f,f,f
doge,doge:1784311200000,1784311200000,1784312100000,2026-07-17T18:00:00Z,UP,YES,,0.0725903,official-venue-resolution,f,f,f,f,f
eth,eth:1784311200000,1784311200000,1784312100000,2026-07-17T18:00:00Z,DOWN,NO,,1842.3,official-venue-resolution,f,f,f,f,f
sol,sol:1784311200000,1784311200000,1784312100000,2026-07-17T18:00:00Z,UP,YES,,75.2093,official-venue-resolution,f,f,f,f,f
xrp,xrp:1784311200000,1784311200000,1784312100000,2026-07-17T18:00:00Z,UP,YES,,1.0927,official-venue-resolution,f,f,f,f,f
btc,btc:1784312100000,1784312100000,1784313000000,2026-07-17T18:15:00Z,DOWN,NO,,63922.73,official-venue-resolution,f,f,f,f,f
doge,doge:1784312100000,1784312100000,1784313000000,2026-07-17T18:15:00Z,DOWN,NO,,0.072443,official-venue-resolution,f,f,f,f,f
eth,eth:1784312100000,1784312100000,1784313000000,2026-07-17T18:15:00Z,DOWN,NO,,1836.44,official-venue-resolution,f,f,f,f,f
sol,sol:1784312100000,1784312100000,1784313000000,2026-07-17T18:15:00Z,DOWN,NO,,75.0547,official-venue-resolution,f,f,f,f,f
xrp,xrp:1784312100000,1784312100000,1784313000000,2026-07-17T18:15:00Z,DOWN,NO,,1.0898,official-venue-resolution,f,f,f,f,f
btc,btc:1784313000000,1784313000000,1784313900000,2026-07-17T18:30:00Z,UP,YES,,64086.14,official-venue-resolution,f,f,f,f,f
doge,doge:1784313000000,1784313000000,1784313900000,2026-07-17T18:30:00Z,UP,YES,,0.0725191,official-venue-resolution,f,f,f,f,f
eth,eth:1784313000000,1784313000000,1784313900000,2026-07-17T18:30:00Z,UP,YES,,1840.72,official-venue-resolution,f,f,f,f,f
sol,sol:1784313000000,1784313000000,1784313900000,2026-07-17T18:30:00Z,DOWN,NO,,74.9965,official-venue-resolution,f,f,f,f,f
xrp,xrp:1784313000000,1784313000000,1784313900000,2026-07-17T18:30:00Z,DOWN,NO,,1.0879,official-venue-resolution,f,f,f,f,f
btc,btc:1784313900000,1784313900000,1784314800000,2026-07-17T18:45:00Z,UP,YES,,64226.76,official-venue-resolution,f,f,f,f,f
doge,doge:1784313900000,1784313900000,1784314800000,2026-07-17T18:45:00Z,UP,YES,,0.072765,official-venue-resolution,f,f,f,f,f
eth,eth:1784313900000,1784313900000,1784314800000,2026-07-17T18:45:00Z,UP,YES,,1846.5,official-venue-resolution,f,f,f,f,f
sol,sol:1784313900000,1784313900000,1784314800000,2026-07-17T18:45:00Z,UP,YES,,75.2938,official-venue-resolution,f,f,f,f,f
xrp,xrp:1784313900000,1784313900000,1784314800000,2026-07-17T18:45:00Z,UP,YES,,1.092,official-venue-resolution,f,f,f,f,f
btc,btc:1784314800000,1784314800000,1784315700000,2026-07-17T19:00:00Z,DOWN,NO,,64052.86,official-venue-resolution,f,f,f,f,f
doge,doge:1784314800000,1784314800000,1784315700000,2026-07-17T19:00:00Z,DOWN,NO,,0.072516,official-venue-resolution,f,f,f,f,f
eth,eth:1784314800000,1784314800000,1784315700000,2026-07-17T19:00:00Z,DOWN,NO,,1839.62,official-venue-resolution,f,f,f,f,f
sol,sol:1784314800000,1784314800000,1784315700000,2026-07-17T19:00:00Z,DOWN,NO,,75.007,official-venue-resolution,f,f,f,f,f
xrp,xrp:1784314800000,1784314800000,1784315700000,2026-07-17T19:00:00Z,DOWN,NO,,1.0884,official-venue-resolution,f,f,f,f,f
btc,btc:1784315700000,1784315700000,1784316600000,2026-07-17T19:15:00Z,UP,NO,,64046,official-venue-resolution,t,f,t,f,f
doge,doge:1784315700000,1784315700000,1784316600000,2026-07-17T19:15:00Z,UP,YES,,0.0725472,official-venue-resolution,f,f,f,f,f
eth,eth:1784315700000,1784315700000,1784316600000,2026-07-17T19:15:00Z,UP,YES,,1839.8,official-venue-resolution,f,f,f,f,f
sol,sol:1784315700000,1784315700000,1784316600000,2026-07-17T19:15:00Z,UP,NO,,74.9958,official-venue-resolution,t,f,t,f,f
xrp,xrp:1784315700000,1784315700000,1784316600000,2026-07-17T19:15:00Z,DOWN,NO,,1.087,official-venue-resolution,f,f,f,f,f
btc,btc:1784316600000,1784316600000,1784317500000,2026-07-17T19:30:00Z,UP,YES,,64144.23,official-venue-resolution,f,f,f,f,f
doge,doge:1784316600000,1784316600000,1784317500000,2026-07-17T19:30:00Z,UP,YES,,0.0726083,official-venue-resolution,f,f,f,f,f
eth,eth:1784316600000,1784316600000,1784317500000,2026-07-17T19:30:00Z,UP,YES,,1844.08,official-venue-resolution,f,f,f,f,f
sol,sol:1784316600000,1784316600000,1784317500000,2026-07-17T19:30:00Z,UP,YES,,75.129,official-venue-resolution,f,f,f,f,f
xrp,xrp:1784316600000,1784316600000,1784317500000,2026-07-17T19:30:00Z,UP,YES,,1.0902,official-venue-resolution,f,f,f,f,f
btc,btc:1784317500000,1784317500000,1784318400000,2026-07-17T19:45:00Z,DOWN,NO,,64126.82,official-venue-resolution,f,f,f,f,f
doge,doge:1784317500000,1784317500000,1784318400000,2026-07-17T19:45:00Z,DOWN,NO,,0.0726057,official-venue-resolution,f,f,f,f,f
eth,eth:1784317500000,1784317500000,1784318400000,2026-07-17T19:45:00Z,DOWN,NO,,1842.85,official-venue-resolution,f,f,f,f,f
sol,sol:1784317500000,1784317500000,1784318400000,2026-07-17T19:45:00Z,UP,YES,,75.1893,official-venue-resolution,f,f,f,f,f
xrp,xrp:1784317500000,1784317500000,1784318400000,2026-07-17T19:45:00Z,UP,YES,,1.0912,official-venue-resolution,f,f,f,f,f
btc,btc:1784318400000,1784318400000,1784319300000,2026-07-17T20:00:00Z,DOWN,NO,,63981.07,official-venue-resolution,f,f,f,f,f
doge,doge:1784318400000,1784318400000,1784319300000,2026-07-17T20:00:00Z,DOWN,NO,,0.0725285,official-venue-resolution,f,f,f,f,f
eth,eth:1784318400000,1784318400000,1784319300000,2026-07-17T20:00:00Z,DOWN,NO,,1838.07,official-venue-resolution,f,f,f,f,f
sol,sol:1784318400000,1784318400000,1784319300000,2026-07-17T20:00:00Z,DOWN,NO,,74.9665,official-venue-resolution,f,f,f,f,f
xrp,xrp:1784318400000,1784318400000,1784319300000,2026-07-17T20:00:00Z,DOWN,NO,,1.0891,official-venue-resolution,f,f,f,f,f
btc,btc:1784319300000,1784319300000,1784320200000,2026-07-17T20:15:00Z,UP,YES,,64028.67,official-venue-resolution,f,f,f,f,f
doge,doge:1784319300000,1784319300000,1784320200000,2026-07-17T20:15:00Z,DOWN,NO,,0.0724227,official-venue-resolution,f,f,f,f,f
eth,eth:1784319300000,1784319300000,1784320200000,2026-07-17T20:15:00Z,UP,YES,,1840.1,official-venue-resolution,f,f,f,f,f
sol,sol:1784319300000,1784319300000,1784320200000,2026-07-17T20:15:00Z,UP,YES,,75.0312,official-venue-resolution,f,f,f,f,f
xrp,xrp:1784319300000,1784319300000,1784320200000,2026-07-17T20:15:00Z,DOWN,NO,,1.0882,official-venue-resolution,f,f,f,f,f
btc,btc:1784320200000,1784320200000,1784321100000,2026-07-17T20:30:00Z,UP,YES,,64035.8,official-venue-resolution,f,f,f,f,f
doge,doge:1784320200000,1784320200000,1784321100000,2026-07-17T20:30:00Z,UP,NO,,0.0723626,official-venue-resolution,t,f,t,f,f
eth,eth:1784320200000,1784320200000,1784321100000,2026-07-17T20:30:00Z,UP,NO,,1839.59,official-venue-resolution,t,f,t,f,f
sol,sol:1784320200000,1784320200000,1784321100000,2026-07-17T20:30:00Z,DOWN,NO,,74.9675,official-venue-resolution,f,f,f,f,f
xrp,xrp:1784320200000,1784320200000,1784321100000,2026-07-17T20:30:00Z,DOWN,NO,,1.0875,official-venue-resolution,f,f,f,f,f
btc,btc:1784321100000,1784321100000,1784322000000,2026-07-17T20:45:00Z,UP,YES,,64090.83,official-venue-resolution,f,f,f,f,f
doge,doge:1784321100000,1784321100000,1784322000000,2026-07-17T20:45:00Z,UP,YES,,0.0726443,official-venue-resolution,f,f,f,f,f
eth,eth:1784321100000,1784321100000,1784322000000,2026-07-17T20:45:00Z,UP,YES,,1841.78,official-venue-resolution,f,f,f,f,f
sol,sol:1784321100000,1784321100000,1784322000000,2026-07-17T20:45:00Z,UP,YES,,75.0518,official-venue-resolution,f,f,f,f,f
xrp,xrp:1784321100000,1784321100000,1784322000000,2026-07-17T20:45:00Z,UP,YES,,1.0881,official-venue-resolution,f,f,f,f,f
btc,btc:1784322000000,1784322000000,1784322900000,2026-07-17T21:00:00Z,UP,YES,,64134.09,official-venue-resolution,f,f,f,f,f
doge,doge:1784322000000,1784322000000,1784322900000,2026-07-17T21:00:00Z,UP,YES,,0.0727673,official-venue-resolution,f,f,f,f,f
eth,eth:1784322000000,1784322000000,1784322900000,2026-07-17T21:00:00Z,UP,YES,,1843.8,official-venue-resolution,f,f,f,f,f
sol,sol:1784322000000,1784322000000,1784322900000,2026-07-17T21:00:00Z,UP,YES,,75.0935,official-venue-resolution,f,f,f,f,f
xrp,xrp:1784322000000,1784322000000,1784322900000,2026-07-17T21:00:00Z,UP,YES,,1.0882,official-venue-resolution,f,f,f,f,f
btc,btc:1784322900000,1784322900000,1784323800000,2026-07-17T21:15:00Z,DOWN,YES,,64143.35,official-venue-resolution,t,t,f,f,f
doge,doge:1784322900000,1784322900000,1784323800000,2026-07-17T21:15:00Z,UP,YES,,0.0728076,official-venue-resolution,f,f,f,f,f
eth,eth:1784322900000,1784322900000,1784323800000,2026-07-17T21:15:00Z,UP,YES,,1844.43,official-venue-resolution,f,f,f,f,f
sol,sol:1784322900000,1784322900000,1784323800000,2026-07-17T21:15:00Z,DOWN,YES,,75.1062,official-venue-resolution,t,t,f,f,f
xrp,xrp:1784322900000,1784322900000,1784323800000,2026-07-17T21:15:00Z,UP,YES,,1.0906,official-venue-resolution,f,f,f,f,f
btc,btc:1784323800000,1784323800000,1784324700000,2026-07-17T21:30:00Z,DOWN,NO,,64064.1,official-venue-resolution,f,f,f,f,f
doge,doge:1784323800000,1784323800000,1784324700000,2026-07-17T21:30:00Z,DOWN,NO,,0.0726565,official-venue-resolution,f,f,f,f,f
eth,eth:1784323800000,1784323800000,1784324700000,2026-07-17T21:30:00Z,DOWN,NO,,1840.91,official-venue-resolution,f,f,f,f,f
sol,sol:1784323800000,1784323800000,1784324700000,2026-07-17T21:30:00Z,DOWN,NO,,74.9405,official-venue-resolution,f,f,f,f,f
xrp,xrp:1784323800000,1784323800000,1784324700000,2026-07-17T21:30:00Z,DOWN,NO,,1.0886,official-venue-resolution,f,f,f,f,f
btc,btc:1784324700000,1784324700000,1784325600000,2026-07-17T21:45:00Z,UP,NO,,64058.92,official-venue-resolution,t,f,t,f,f
doge,doge:1784324700000,1784324700000,1784325600000,2026-07-17T21:45:00Z,DOWN,NO,,0.0726344,official-venue-resolution,f,f,f,f,f
eth,eth:1784324700000,1784324700000,1784325600000,2026-07-17T21:45:00Z,DOWN,YES,,1841.15,official-venue-resolution,t,t,f,f,f
sol,sol:1784324700000,1784324700000,1784325600000,2026-07-17T21:45:00Z,UP,YES,,74.983,official-venue-resolution,f,f,f,f,f
xrp,xrp:1784324700000,1784324700000,1784325600000,2026-07-17T21:45:00Z,DOWN,NO,,1.0882,official-venue-resolution,f,f,f,f,f
btc,btc:1784325600000,1784325600000,1784326500000,2026-07-17T22:00:00Z,DOWN,NO,,64046.88,official-venue-resolution,f,f,f,f,f
doge,doge:1784325600000,1784325600000,1784326500000,2026-07-17T22:00:00Z,DOWN,NO,,0.0724596,official-venue-resolution,f,f,f,f,f
eth,eth:1784325600000,1784325600000,1784326500000,2026-07-17T22:00:00Z,UP,NO,,1841.03,official-venue-resolution,t,f,t,f,f
sol,sol:1784325600000,1784325600000,1784326500000,2026-07-17T22:00:00Z,DOWN,NO,,74.913,official-venue-resolution,f,f,f,f,f
xrp,xrp:1784325600000,1784325600000,1784326500000,2026-07-17T22:00:00Z,DOWN,NO,,1.0877,official-venue-resolution,f,f,f,f,f
btc,btc:1784326500000,1784326500000,1784327400000,2026-07-17T22:15:00Z,DOWN,NO,,63935.43,official-venue-resolution,f,f,f,f,f
doge,doge:1784326500000,1784326500000,1784327400000,2026-07-17T22:15:00Z,DOWN,NO,,0.0724424,official-venue-resolution,f,f,f,f,f
eth,eth:1784326500000,1784326500000,1784327400000,2026-07-17T22:15:00Z,DOWN,NO,,1838.23,official-venue-resolution,f,f,f,f,f
sol,sol:1784326500000,1784326500000,1784327400000,2026-07-17T22:15:00Z,DOWN,NO,,74.8672,official-venue-resolution,f,f,f,f,f
xrp,xrp:1784326500000,1784326500000,1784327400000,2026-07-17T22:15:00Z,UP,NO,,1.0875,official-venue-resolution,t,f,t,f,f
btc,btc:1784327400000,1784327400000,1784328300000,2026-07-17T22:30:00Z,DOWN,NO,,63913.42,official-venue-resolution,f,f,f,f,f
doge,doge:1784327400000,1784327400000,1784328300000,2026-07-17T22:30:00Z,DOWN,NO,,0.0724152,official-venue-resolution,f,f,f,f,f
eth,eth:1784327400000,1784327400000,1784328300000,2026-07-17T22:30:00Z,DOWN,NO,,1837.13,official-venue-resolution,f,f,f,f,f
sol,sol:1784327400000,1784327400000,1784328300000,2026-07-17T22:30:00Z,UP,YES,,74.8987,official-venue-resolution,f,f,f,f,f
xrp,xrp:1784327400000,1784327400000,1784328300000,2026-07-17T22:30:00Z,DOWN,NO,,1.0871,official-venue-resolution,f,f,f,f,f
btc,btc:1784328300000,1784328300000,1784329200000,2026-07-17T22:45:00Z,UP,YES,,63939.24,official-venue-resolution,f,f,f,f,f
doge,doge:1784328300000,1784328300000,1784329200000,2026-07-17T22:45:00Z,UP,YES,,0.0725095,official-venue-resolution,f,f,f,f,f
eth,eth:1784328300000,1784328300000,1784329200000,2026-07-17T22:45:00Z,UP,YES,,1838.58,official-venue-resolution,f,f,f,f,f
sol,sol:1784328300000,1784328300000,1784329200000,2026-07-17T22:45:00Z,UP,YES,,74.9708,official-venue-resolution,f,f,f,f,f
xrp,xrp:1784328300000,1784328300000,1784329200000,2026-07-17T22:45:00Z,UP,YES,,1.0879,official-venue-resolution,f,f,f,f,f
btc,btc:1784329200000,1784329200000,1784330100000,2026-07-17T23:00:00Z,DOWN,NO,,63872.58,official-venue-resolution,f,f,f,f,f
doge,doge:1784329200000,1784329200000,1784330100000,2026-07-17T23:00:00Z,DOWN,NO,,0.0723836,official-venue-resolution,f,f,f,f,f
eth,eth:1784329200000,1784329200000,1784330100000,2026-07-17T23:00:00Z,DOWN,NO,,1835.22,official-venue-resolution,f,f,f,f,f
sol,sol:1784329200000,1784329200000,1784330100000,2026-07-17T23:00:00Z,DOWN,NO,,74.854,official-venue-resolution,f,f,f,f,f
xrp,xrp:1784329200000,1784329200000,1784330100000,2026-07-17T23:00:00Z,DOWN,NO,,1.0868,official-venue-resolution,f,f,f,f,f
btc,btc:1784330100000,1784330100000,1784331000000,2026-07-17T23:15:00Z,UP,YES,,63927.46,official-venue-resolution,f,f,f,f,f
doge,doge:1784330100000,1784330100000,1784331000000,2026-07-17T23:15:00Z,UP,YES,,0.0725542,official-venue-resolution,f,f,f,f,f
eth,eth:1784330100000,1784330100000,1784331000000,2026-07-17T23:15:00Z,UP,YES,,1839.6,official-venue-resolution,f,f,f,f,f
sol,sol:1784330100000,1784330100000,1784331000000,2026-07-17T23:15:00Z,UP,YES,,74.976,official-venue-resolution,f,f,f,f,f
xrp,xrp:1784330100000,1784330100000,1784331000000,2026-07-17T23:15:00Z,UP,YES,,1.0888,official-venue-resolution,f,f,f,f,f
btc,btc:1784331000000,1784331000000,1784331900000,2026-07-17T23:30:00Z,UP,YES,,63944.37,official-venue-resolution,f,f,f,f,f
doge,doge:1784331000000,1784331000000,1784331900000,2026-07-17T23:30:00Z,DOWN,NO,,0.0725111,official-venue-resolution,f,f,f,f,f
eth,eth:1784331000000,1784331000000,1784331900000,2026-07-17T23:30:00Z,UP,YES,,1841.76,official-venue-resolution,f,f,f,f,f
sol,sol:1784331000000,1784331000000,1784331900000,2026-07-17T23:30:00Z,DOWN,YES,,74.9958,official-venue-resolution,t,t,f,f,f
xrp,xrp:1784331000000,1784331000000,1784331900000,2026-07-17T23:30:00Z,UP,YES,,1.0891,official-venue-resolution,f,f,f,f,f
btc,btc:1784331900000,1784331900000,1784332800000,2026-07-17T23:45:00Z,DOWN,NO,,63901.98,official-venue-resolution,f,f,f,f,f
doge,doge:1784331900000,1784331900000,1784332800000,2026-07-17T23:45:00Z,UP,YES,,0.0725181,official-venue-resolution,f,f,f,f,f
eth,eth:1784331900000,1784331900000,1784332800000,2026-07-17T23:45:00Z,DOWN,NO,,1840.87,official-venue-resolution,f,f,f,f,f
sol,sol:1784331900000,1784331900000,1784332800000,2026-07-17T23:45:00Z,DOWN,NO,,74.9832,official-venue-resolution,f,f,f,f,f
xrp,xrp:1784331900000,1784331900000,1784332800000,2026-07-17T23:45:00Z,DOWN,NO,,1.0886,official-venue-resolution,f,f,f,f,f
btc,btc:1784332800000,1784332800000,1784333700000,2026-07-18T00:00:00Z,UP,YES,,63920.62,official-venue-resolution,f,f,f,f,f
doge,doge:1784332800000,1784332800000,1784333700000,2026-07-18T00:00:00Z,UP,YES,,0.0725826,official-venue-resolution,f,f,f,f,f
eth,eth:1784332800000,1784332800000,1784333700000,2026-07-18T00:00:00Z,UP,YES,,1841.88,official-venue-resolution,f,f,f,f,f
sol,sol:1784332800000,1784332800000,1784333700000,2026-07-18T00:00:00Z,UP,YES,,75.1315,official-venue-resolution,f,f,f,f,f
xrp,xrp:1784332800000,1784332800000,1784333700000,2026-07-18T00:00:00Z,UP,YES,,1.0895,official-venue-resolution,f,f,f,f,f
btc,btc:1784333700000,1784333700000,1784334600000,2026-07-18T00:15:00Z,UP,YES,,63958.95,official-venue-resolution,f,f,f,f,f
doge,doge:1784333700000,1784333700000,1784334600000,2026-07-18T00:15:00Z,UP,YES,,0.0726265,official-venue-resolution,f,f,f,f,f
eth,eth:1784333700000,1784333700000,1784334600000,2026-07-18T00:15:00Z,DOWN,YES,,1842.06,official-venue-resolution,t,t,f,f,f
sol,sol:1784333700000,1784333700000,1784334600000,2026-07-18T00:15:00Z,UP,YES,,75.1577,official-venue-resolution,f,f,f,f,f
xrp,xrp:1784333700000,1784333700000,1784334600000,2026-07-18T00:15:00Z,UP,YES,,1.0899,official-venue-resolution,f,f,f,f,f
btc,btc:1784334600000,1784334600000,1784335500000,2026-07-18T00:30:00Z,DOWN,NO,,63883.66,official-venue-resolution,f,f,f,f,f
doge,doge:1784334600000,1784334600000,1784335500000,2026-07-18T00:30:00Z,DOWN,NO,,0.0725296,official-venue-resolution,f,f,f,f,f
eth,eth:1784334600000,1784334600000,1784335500000,2026-07-18T00:30:00Z,DOWN,NO,,1839.91,official-venue-resolution,f,f,f,f,f
sol,sol:1784334600000,1784334600000,1784335500000,2026-07-18T00:30:00Z,DOWN,NO,,75.0543,official-venue-resolution,f,f,f,f,f
xrp,xrp:1784334600000,1784334600000,1784335500000,2026-07-18T00:30:00Z,DOWN,NO,,1.0895,official-venue-resolution,f,f,f,f,f
btc,btc:1784335500000,1784335500000,1784336400000,2026-07-18T00:45:00Z,DOWN,NO,,63870.55,official-venue-resolution,f,f,f,f,f
doge,doge:1784335500000,1784335500000,1784336400000,2026-07-18T00:45:00Z,DOWN,NO,,0.072478,official-venue-resolution,f,f,f,f,f
eth,eth:1784335500000,1784335500000,1784336400000,2026-07-18T00:45:00Z,DOWN,NO,,1839.83,official-venue-resolution,f,f,f,f,f
sol,sol:1784335500000,1784335500000,1784336400000,2026-07-18T00:45:00Z,DOWN,NO,,75.0537,official-venue-resolution,f,f,f,f,f
xrp,xrp:1784335500000,1784335500000,1784336400000,2026-07-18T00:45:00Z,DOWN,NO,,1.088,official-venue-resolution,f,f,f,f,f
btc,btc:1784336400000,1784336400000,1784337300000,2026-07-18T01:00:00Z,UP,YES,,63886.78,official-venue-resolution,f,f,f,f,f
doge,doge:1784336400000,1784336400000,1784337300000,2026-07-18T01:00:00Z,UP,NO,,0.0724734,official-venue-resolution,t,f,t,f,f
eth,eth:1784336400000,1784336400000,1784337300000,2026-07-18T01:00:00Z,DOWN,NO,,1839.56,official-venue-resolution,f,f,f,f,f
sol,sol:1784336400000,1784336400000,1784337300000,2026-07-18T01:00:00Z,DOWN,NO,,75.0465,official-venue-resolution,f,f,f,f,f
xrp,xrp:1784336400000,1784336400000,1784337300000,2026-07-18T01:00:00Z,UP,YES,,1.088,official-venue-resolution,f,f,f,f,f
btc,btc:1784337300000,1784337300000,1784338200000,2026-07-18T01:15:00Z,UP,YES,,63962.19,official-venue-resolution,f,f,f,f,f
doge,doge:1784337300000,1784337300000,1784338200000,2026-07-18T01:15:00Z,UP,YES,,0.0725683,official-venue-resolution,f,f,f,f,f
eth,eth:1784337300000,1784337300000,1784338200000,2026-07-18T01:15:00Z,UP,YES,,1841.86,official-venue-resolution,f,f,f,f,f
sol,sol:1784337300000,1784337300000,1784338200000,2026-07-18T01:15:00Z,UP,YES,,75.1685,official-venue-resolution,f,f,f,f,f
xrp,xrp:1784337300000,1784337300000,1784338200000,2026-07-18T01:15:00Z,UP,YES,,1.0894,official-venue-resolution,f,f,f,f,f
btc,btc:1784338200000,1784338200000,1784339100000,2026-07-18T01:30:00Z,DOWN,NO,,63908.62,official-venue-resolution,f,f,f,f,f
doge,doge:1784338200000,1784338200000,1784339100000,2026-07-18T01:30:00Z,DOWN,NO,,0.072522,official-venue-resolution,f,f,f,f,f
eth,eth:1784338200000,1784338200000,1784339100000,2026-07-18T01:30:00Z,DOWN,NO,,1840.1,official-venue-resolution,f,f,f,f,f
sol,sol:1784338200000,1784338200000,1784339100000,2026-07-18T01:30:00Z,DOWN,NO,,75.1148,official-venue-resolution,f,f,f,f,f
xrp,xrp:1784338200000,1784338200000,1784339100000,2026-07-18T01:30:00Z,DOWN,NO,,1.0882,official-venue-resolution,f,f,f,f,f
btc,btc:1784339100000,1784339100000,1784340000000,2026-07-18T01:45:00Z,UP,YES,,63925.47,official-venue-resolution,f,f,f,f,f
doge,doge:1784339100000,1784339100000,1784340000000,2026-07-18T01:45:00Z,UP,YES,,0.0725428,official-venue-resolution,f,f,f,f,f
eth,eth:1784339100000,1784339100000,1784340000000,2026-07-18T01:45:00Z,UP,YES,,1841.39,official-venue-resolution,f,f,f,f,f
sol,sol:1784339100000,1784339100000,1784340000000,2026-07-18T01:45:00Z,UP,YES,,75.1862,official-venue-resolution,f,f,f,f,f
xrp,xrp:1784339100000,1784339100000,1784340000000,2026-07-18T01:45:00Z,DOWN,YES,,1.0882,official-venue-resolution,t,t,f,f,f
btc,btc:1784340000000,1784340000000,1784340900000,2026-07-18T02:00:00Z,UP,YES,,63929.7,official-venue-resolution,f,f,f,f,f
doge,doge:1784340000000,1784340000000,1784340900000,2026-07-18T02:00:00Z,UP,YES,,0.0725814,official-venue-resolution,f,f,f,f,f
eth,eth:1784340000000,1784340000000,1784340900000,2026-07-18T02:00:00Z,UP,YES,,1842.22,official-venue-resolution,f,f,f,f,f
sol,sol:1784340000000,1784340000000,1784340900000,2026-07-18T02:00:00Z,UP,YES,,75.209,official-venue-resolution,f,f,f,f,f
xrp,xrp:1784340000000,1784340000000,1784340900000,2026-07-18T02:00:00Z,UP,YES,,1.0888,official-venue-resolution,f,f,f,f,f
btc,btc:1784340900000,1784340900000,1784341800000,2026-07-18T02:15:00Z,UP,YES,,63958.16,official-venue-resolution,f,f,f,f,f
doge,doge:1784340900000,1784340900000,1784341800000,2026-07-18T02:15:00Z,UP,YES,,0.0726836,official-venue-resolution,f,f,f,f,f
eth,eth:1784340900000,1784340900000,1784341800000,2026-07-18T02:15:00Z,UP,YES,,1843.22,official-venue-resolution,f,f,f,f,f
sol,sol:1784340900000,1784340900000,1784341800000,2026-07-18T02:15:00Z,UP,YES,,75.2937,official-venue-resolution,f,f,f,f,f
xrp,xrp:1784340900000,1784340900000,1784341800000,2026-07-18T02:15:00Z,UP,YES,,1.0903,official-venue-resolution,f,f,f,f,f
btc,btc:1784341800000,1784341800000,1784342700000,2026-07-18T02:30:00Z,DOWN,NO,,63931.52,official-venue-resolution,f,f,f,f,f
doge,doge:1784341800000,1784341800000,1784342700000,2026-07-18T02:30:00Z,DOWN,NO,,0.0726028,official-venue-resolution,f,f,f,f,f
eth,eth:1784341800000,1784341800000,1784342700000,2026-07-18T02:30:00Z,DOWN,NO,,1841.94,official-venue-resolution,f,f,f,f,f
sol,sol:1784341800000,1784341800000,1784342700000,2026-07-18T02:30:00Z,DOWN,NO,,75.2718,official-venue-resolution,f,f,f,f,f
xrp,xrp:1784341800000,1784341800000,1784342700000,2026-07-18T02:30:00Z,DOWN,NO,,1.0896,official-venue-resolution,f,f,f,f,f
btc,btc:1784342700000,1784342700000,1784343600000,2026-07-18T02:45:00Z,DOWN,NO,,63922.2,official-venue-resolution,f,f,f,f,f
doge,doge:1784342700000,1784342700000,1784343600000,2026-07-18T02:45:00Z,DOWN,NO,,0.0725296,official-venue-resolution,f,f,f,f,f
eth,eth:1784342700000,1784342700000,1784343600000,2026-07-18T02:45:00Z,DOWN,NO,,1841.21,official-venue-resolution,f,f,f,f,f
sol,sol:1784342700000,1784342700000,1784343600000,2026-07-18T02:45:00Z,DOWN,NO,,75.189,official-venue-resolution,f,f,f,f,f
xrp,xrp:1784342700000,1784342700000,1784343600000,2026-07-18T02:45:00Z,UP,YES,,1.0898,official-venue-resolution,f,f,f,f,f
btc,btc:1784343600000,1784343600000,1784344500000,2026-07-18T03:00:00Z,UP,YES,,63929.9,official-venue-resolution,f,f,f,f,f
doge,doge:1784343600000,1784343600000,1784344500000,2026-07-18T03:00:00Z,UP,YES,,0.0726272,official-venue-resolution,f,f,f,f,f
eth,eth:1784343600000,1784343600000,1784344500000,2026-07-18T03:00:00Z,UP,YES,,1841.39,official-venue-resolution,f,f,f,f,f
sol,sol:1784343600000,1784343600000,1784344500000,2026-07-18T03:00:00Z,UP,YES,,75.2,official-venue-resolution,f,f,f,f,f
xrp,xrp:1784343600000,1784343600000,1784344500000,2026-07-18T03:00:00Z,UP,YES,,1.0898,official-venue-resolution,f,f,f,f,f
btc,btc:1784344500000,1784344500000,1784345400000,2026-07-18T03:15:00Z,DOWN,NO,,63917.82,official-venue-resolution,f,f,f,f,f
doge,doge:1784344500000,1784344500000,1784345400000,2026-07-18T03:15:00Z,DOWN,NO,,0.0725372,official-venue-resolution,f,f,f,f,f
eth,eth:1784344500000,1784344500000,1784345400000,2026-07-18T03:15:00Z,UP,YES,,1842.35,official-venue-resolution,f,f,f,f,f
sol,sol:1784344500000,1784344500000,1784345400000,2026-07-18T03:15:00Z,DOWN,NO,,75.132,official-venue-resolution,f,f,f,f,f
xrp,xrp:1784344500000,1784344500000,1784345400000,2026-07-18T03:15:00Z,DOWN,NO,,1.0892,official-venue-resolution,f,f,f,f,f
btc,btc:1784345400000,1784345400000,1784346300000,2026-07-18T03:30:00Z,DOWN,NO,,63905.32,official-venue-resolution,f,f,f,f,f
doge,doge:1784345400000,1784345400000,1784346300000,2026-07-18T03:30:00Z,UP,YES,,0.0725666,official-venue-resolution,f,f,f,f,f
eth,eth:1784345400000,1784345400000,1784346300000,2026-07-18T03:30:00Z,DOWN,NO,,1842.11,official-venue-resolution,f,f,f,f,f
sol,sol:1784345400000,1784345400000,1784346300000,2026-07-18T03:30:00Z,UP,YES,,75.2012,official-venue-resolution,f,f,f,f,f
xrp,xrp:1784345400000,1784345400000,1784346300000,2026-07-18T03:30:00Z,UP,NO,,1.0888,official-venue-resolution,t,f,t,f,f
btc,btc:1784346300000,1784346300000,1784347200000,2026-07-18T03:45:00Z,UP,YES,,63981.64,official-venue-resolution,f,f,f,f,f
doge,doge:1784346300000,1784346300000,1784347200000,2026-07-18T03:45:00Z,UP,YES,,0.0726346,official-venue-resolution,f,f,f,f,f
eth,eth:1784346300000,1784346300000,1784347200000,2026-07-18T03:45:00Z,UP,YES,,1844.84,official-venue-resolution,f,f,f,f,f
sol,sol:1784346300000,1784346300000,1784347200000,2026-07-18T03:45:00Z,UP,YES,,75.328,official-venue-resolution,f,f,f,f,f
xrp,xrp:1784346300000,1784346300000,1784347200000,2026-07-18T03:45:00Z,UP,YES,,1.0896,official-venue-resolution,f,f,f,f,f
btc,btc:1784347200000,1784347200000,1784348100000,2026-07-18T04:00:00Z,DOWN,NO,,63958.02,official-venue-resolution,f,f,f,f,f
doge,doge:1784347200000,1784347200000,1784348100000,2026-07-18T04:00:00Z,DOWN,NO,,0.0725635,official-venue-resolution,f,f,f,f,f
eth,eth:1784347200000,1784347200000,1784348100000,2026-07-18T04:00:00Z,DOWN,NO,,1843.67,official-venue-resolution,f,f,f,f,f
sol,sol:1784347200000,1784347200000,1784348100000,2026-07-18T04:00:00Z,DOWN,NO,,75.2272,official-venue-resolution,f,f,f,f,f
xrp,xrp:1784347200000,1784347200000,1784348100000,2026-07-18T04:00:00Z,DOWN,NO,,1.0894,official-venue-resolution,f,f,f,f,f
btc,btc:1784348100000,1784348100000,1784349000000,2026-07-18T04:15:00Z,DOWN,NO,,63947.86,official-venue-resolution,f,f,f,f,f
doge,doge:1784348100000,1784348100000,1784349000000,2026-07-18T04:15:00Z,DOWN,NO,,0.0725249,official-venue-resolution,f,f,f,f,f
eth,eth:1784348100000,1784348100000,1784349000000,2026-07-18T04:15:00Z,DOWN,NO,,1843.38,official-venue-resolution,f,f,f,f,f
sol,sol:1784348100000,1784348100000,1784349000000,2026-07-18T04:15:00Z,DOWN,NO,,75.198,official-venue-resolution,f,f,f,f,f
xrp,xrp:1784348100000,1784348100000,1784349000000,2026-07-18T04:15:00Z,DOWN,NO,,1.0892,official-venue-resolution,f,f,f,f,f
btc,btc:1784349000000,1784349000000,1784349900000,2026-07-18T04:30:00Z,DOWN,NO,,63912.98,official-venue-resolution,f,f,f,f,f
doge,doge:1784349000000,1784349000000,1784349900000,2026-07-18T04:30:00Z,DOWN,NO,,0.0724638,official-venue-resolution,f,f,f,f,f
eth,eth:1784349000000,1784349000000,1784349900000,2026-07-18T04:30:00Z,DOWN,NO,,1842.19,official-venue-resolution,f,f,f,f,f
sol,sol:1784349000000,1784349000000,1784349900000,2026-07-18T04:30:00Z,DOWN,NO,,75.0397,official-venue-resolution,f,f,f,f,f
xrp,xrp:1784349000000,1784349000000,1784349900000,2026-07-18T04:30:00Z,DOWN,NO,,1.0881,official-venue-resolution,f,f,f,f,f
btc,btc:1784349900000,1784349900000,1784350800000,2026-07-18T04:45:00Z,UP,YES,,63927.67,official-venue-resolution,f,f,f,f,f
doge,doge:1784349900000,1784349900000,1784350800000,2026-07-18T04:45:00Z,DOWN,NO,,0.0724578,official-venue-resolution,f,f,f,f,f
eth,eth:1784349900000,1784349900000,1784350800000,2026-07-18T04:45:00Z,UP,YES,,1843.42,official-venue-resolution,f,f,f,f,f
sol,sol:1784349900000,1784349900000,1784350800000,2026-07-18T04:45:00Z,UP,YES,,75.0693,official-venue-resolution,f,f,f,f,f
xrp,xrp:1784349900000,1784349900000,1784350800000,2026-07-18T04:45:00Z,DOWN,NO,,1.0874,official-venue-resolution,f,f,f,f,f
btc,btc:1784350800000,1784350800000,1784351700000,2026-07-18T05:00:00Z,DOWN,NO,,63897.09,official-venue-resolution,f,f,f,f,f
doge,doge:1784350800000,1784350800000,1784351700000,2026-07-18T05:00:00Z,DOWN,NO,,0.072357,official-venue-resolution,f,f,f,f,f
eth,eth:1784350800000,1784350800000,1784351700000,2026-07-18T05:00:00Z,DOWN,NO,,1842.28,official-venue-resolution,f,f,f,f,f
sol,sol:1784350800000,1784350800000,1784351700000,2026-07-18T05:00:00Z,DOWN,NO,,74.95,official-venue-resolution,f,f,f,f,f
xrp,xrp:1784350800000,1784350800000,1784351700000,2026-07-18T05:00:00Z,DOWN,NO,,1.0867,official-venue-resolution,f,f,f,f,f
btc,btc:1784351700000,1784351700000,1784352600000,2026-07-18T05:15:00Z,UP,YES,,63931.11,official-venue-resolution,f,f,f,f,f
doge,doge:1784351700000,1784351700000,1784352600000,2026-07-18T05:15:00Z,UP,YES,,0.0723882,official-venue-resolution,f,f,f,f,f
eth,eth:1784351700000,1784351700000,1784352600000,2026-07-18T05:15:00Z,UP,YES,,1844.43,official-venue-resolution,f,f,f,f,f
sol,sol:1784351700000,1784351700000,1784352600000,2026-07-18T05:15:00Z,UP,YES,,74.9815,official-venue-resolution,f,f,f,f,f
xrp,xrp:1784351700000,1784351700000,1784352600000,2026-07-18T05:15:00Z,UP,YES,,1.0884,official-venue-resolution,f,f,f,f,f
btc,btc:1784352600000,1784352600000,1784353500000,2026-07-18T05:30:00Z,UP,NO,,63927.92,official-venue-resolution,t,f,t,f,f
doge,doge:1784352600000,1784352600000,1784353500000,2026-07-18T05:30:00Z,UP,NO,,0.0723854,official-venue-resolution,t,f,t,f,f
eth,eth:1784352600000,1784352600000,1784353500000,2026-07-18T05:30:00Z,UP,YES,,1845.04,official-venue-resolution,f,f,f,f,f
sol,sol:1784352600000,1784352600000,1784353500000,2026-07-18T05:30:00Z,DOWN,NO,,74.9137,official-venue-resolution,f,f,f,f,f
xrp,xrp:1784352600000,1784352600000,1784353500000,2026-07-18T05:30:00Z,DOWN,NO,,1.088,official-venue-resolution,f,f,f,f,f
btc,btc:1784353500000,1784353500000,1784354400000,2026-07-18T05:45:00Z,DOWN,NO,,63918.81,official-venue-resolution,f,f,f,f,f
doge,doge:1784353500000,1784353500000,1784354400000,2026-07-18T05:45:00Z,DOWN,NO,,0.0721886,official-venue-resolution,f,f,f,f,f
eth,eth:1784353500000,1784353500000,1784354400000,2026-07-18T05:45:00Z,DOWN,NO,,1844.51,official-venue-resolution,f,f,f,f,f
sol,sol:1784353500000,1784353500000,1784354400000,2026-07-18T05:45:00Z,DOWN,NO,,74.8783,official-venue-resolution,f,f,f,f,f
xrp,xrp:1784353500000,1784353500000,1784354400000,2026-07-18T05:45:00Z,DOWN,NO,,1.0873,official-venue-resolution,f,f,f,f,f
btc,btc:1784354400000,1784354400000,1784355300000,2026-07-18T06:00:00Z,DOWN,YES,,63924.17,official-venue-resolution,t,t,f,f,f
doge,doge:1784354400000,1784354400000,1784355300000,2026-07-18T06:00:00Z,UP,YES,,0.0721954,official-venue-resolution,f,f,f,f,f
eth,eth:1784354400000,1784354400000,1784355300000,2026-07-18T06:00:00Z,DOWN,NO,,1843.66,official-venue-resolution,f,f,f,f,f
sol,sol:1784354400000,1784354400000,1784355300000,2026-07-18T06:00:00Z,UP,YES,,74.9238,official-venue-resolution,f,f,f,f,f
xrp,xrp:1784354400000,1784354400000,1784355300000,2026-07-18T06:00:00Z,DOWN,NO,,1.0866,official-venue-resolution,f,f,f,f,f
btc,btc:1784355300000,1784355300000,1784356200000,2026-07-18T06:15:00Z,UP,YES,,63951.18,official-venue-resolution,f,f,f,f,f
doge,doge:1784355300000,1784355300000,1784356200000,2026-07-18T06:15:00Z,UP,YES,,0.0723337,official-venue-resolution,f,f,f,f,f
eth,eth:1784355300000,1784355300000,1784356200000,2026-07-18T06:15:00Z,UP,YES,,1844.83,official-venue-resolution,f,f,f,f,f
sol,sol:1784355300000,1784355300000,1784356200000,2026-07-18T06:15:00Z,UP,YES,,75.0002,official-venue-resolution,f,f,f,f,f
xrp,xrp:1784355300000,1784355300000,1784356200000,2026-07-18T06:15:00Z,UP,YES,,1.0877,official-venue-resolution,f,f,f,f,f
btc,btc:1784356200000,1784356200000,1784357100000,2026-07-18T06:30:00Z,DOWN,NO,,63933.25,official-venue-resolution,f,f,f,f,f
doge,doge:1784356200000,1784356200000,1784357100000,2026-07-18T06:30:00Z,UP,YES,,0.0723479,official-venue-resolution,f,f,f,f,f
eth,eth:1784356200000,1784356200000,1784357100000,2026-07-18T06:30:00Z,DOWN,NO,,1843.45,official-venue-resolution,f,f,f,f,f
sol,sol:1784356200000,1784356200000,1784357100000,2026-07-18T06:30:00Z,DOWN,NO,,74.99,official-venue-resolution,f,f,f,f,f
xrp,xrp:1784356200000,1784356200000,1784357100000,2026-07-18T06:30:00Z,UP,YES,,1.0885,official-venue-resolution,f,f,f,f,f
btc,btc:1784357100000,1784357100000,1784358000000,2026-07-18T06:45:00Z,UP,YES,,63941.4,official-venue-resolution,f,f,f,f,f
doge,doge:1784357100000,1784357100000,1784358000000,2026-07-18T06:45:00Z,DOWN,NO,,0.0723176,official-venue-resolution,f,f,f,f,f
eth,eth:1784357100000,1784357100000,1784358000000,2026-07-18T06:45:00Z,UP,YES,,1843.62,official-venue-resolution,f,f,f,f,f
sol,sol:1784357100000,1784357100000,1784358000000,2026-07-18T06:45:00Z,DOWN,NO,,74.9405,official-venue-resolution,f,f,f,f,f
xrp,xrp:1784357100000,1784357100000,1784358000000,2026-07-18T06:45:00Z,UP,YES,,1.0888,official-venue-resolution,f,f,f,f,f
btc,btc:1784358000000,1784358000000,1784358900000,2026-07-18T07:00:00Z,UP,YES,,63959.33,official-venue-resolution,f,f,f,f,f
doge,doge:1784358000000,1784358000000,1784358900000,2026-07-18T07:00:00Z,DOWN,NO,,0.072284,official-venue-resolution,f,f,f,f,f
eth,eth:1784358000000,1784358000000,1784358900000,2026-07-18T07:00:00Z,DOWN,NO,,1842.16,official-venue-resolution,f,f,f,f,f
sol,sol:1784358000000,1784358000000,1784358900000,2026-07-18T07:00:00Z,DOWN,NO,,74.8803,official-venue-resolution,f,f,f,f,f
xrp,xrp:1784358000000,1784358000000,1784358900000,2026-07-18T07:00:00Z,DOWN,NO,,1.0879,official-venue-resolution,f,f,f,f,f
btc,btc:1784358900000,1784358900000,1784359800000,2026-07-18T07:15:00Z,UP,YES,,63974.14,official-venue-resolution,f,f,f,f,f
doge,doge:1784358900000,1784358900000,1784359800000,2026-07-18T07:15:00Z,UP,NO,,0.0722825,official-venue-resolution,t,f,t,f,f
eth,eth:1784358900000,1784358900000,1784359800000,2026-07-18T07:15:00Z,UP,YES,,1843.99,official-venue-resolution,f,f,f,f,f
sol,sol:1784358900000,1784358900000,1784359800000,2026-07-18T07:15:00Z,UP,YES,,74.9063,official-venue-resolution,f,f,f,f,f
xrp,xrp:1784358900000,1784358900000,1784359800000,2026-07-18T07:15:00Z,UP,YES,,1.0888,official-venue-resolution,f,f,f,f,f
btc,btc:1784359800000,1784359800000,1784360700000,2026-07-18T07:30:00Z,UP,YES,,63977.55,official-venue-resolution,f,f,f,f,f
doge,doge:1784359800000,1784359800000,1784360700000,2026-07-18T07:30:00Z,UP,YES,,0.0722847,official-venue-resolution,f,f,f,f,f
eth,eth:1784359800000,1784359800000,1784360700000,2026-07-18T07:30:00Z,DOWN,NO,,1843.94,official-venue-resolution,f,f,f,f,f
sol,sol:1784359800000,1784359800000,1784360700000,2026-07-18T07:30:00Z,UP,YES,,74.9727,official-venue-resolution,f,f,f,f,f
xrp,xrp:1784359800000,1784359800000,1784360700000,2026-07-18T07:30:00Z,UP,YES,,1.0897,official-venue-resolution,f,f,f,f,f
btc,btc:1784360700000,1784360700000,1784361600000,2026-07-18T07:45:00Z,DOWN,YES,,63978.53,official-venue-resolution,t,t,f,f,f
doge,doge:1784360700000,1784360700000,1784361600000,2026-07-18T07:45:00Z,DOWN,NO,,0.0722623,official-venue-resolution,f,f,f,f,f
eth,eth:1784360700000,1784360700000,1784361600000,2026-07-18T07:45:00Z,DOWN,NO,,1843.05,official-venue-resolution,f,f,f,f,f
sol,sol:1784360700000,1784360700000,1784361600000,2026-07-18T07:45:00Z,DOWN,NO,,74.9247,official-venue-resolution,f,f,f,f,f
xrp,xrp:1784360700000,1784360700000,1784361600000,2026-07-18T07:45:00Z,DOWN,NO,,1.0883,official-venue-resolution,f,f,f,f,f
btc,btc:1784361600000,1784361600000,1784362500000,2026-07-18T08:00:00Z,DOWN,NO,,63931.46,official-venue-resolution,f,f,f,f,f
doge,doge:1784361600000,1784361600000,1784362500000,2026-07-18T08:00:00Z,DOWN,NO,,0.0722476,official-venue-resolution,f,f,f,f,f
eth,eth:1784361600000,1784361600000,1784362500000,2026-07-18T08:00:00Z,UP,YES,,1843.24,official-venue-resolution,f,f,f,f,f
sol,sol:1784361600000,1784361600000,1784362500000,2026-07-18T08:00:00Z,DOWN,NO,,74.8575,official-venue-resolution,f,f,f,f,f
xrp,xrp:1784361600000,1784361600000,1784362500000,2026-07-18T08:00:00Z,UP,YES,,1.0903,official-venue-resolution,f,f,f,f,f
btc,btc:1784362500000,1784362500000,1784363400000,2026-07-18T08:15:00Z,UP,YES,,63969.68,official-venue-resolution,f,f,f,f,f
doge,doge:1784362500000,1784362500000,1784363400000,2026-07-18T08:15:00Z,UP,YES,,0.0723582,official-venue-resolution,f,f,f,f,f
eth,eth:1784362500000,1784362500000,1784363400000,2026-07-18T08:15:00Z,UP,YES,,1845.46,official-venue-resolution,f,f,f,f,f
sol,sol:1784362500000,1784362500000,1784363400000,2026-07-18T08:15:00Z,UP,YES,,74.937,official-venue-resolution,f,f,f,f,f
xrp,xrp:1784362500000,1784362500000,1784363400000,2026-07-18T08:15:00Z,DOWN,NO,,1.09,official-venue-resolution,f,f,f,f,f
btc,btc:1784363400000,1784363400000,1784364300000,2026-07-18T08:30:00Z,DOWN,NO,,63944.16,official-venue-resolution,f,f,f,f,f
doge,doge:1784363400000,1784363400000,1784364300000,2026-07-18T08:30:00Z,DOWN,NO,,0.0722181,official-venue-resolution,f,f,f,f,f
eth,eth:1784363400000,1784363400000,1784364300000,2026-07-18T08:30:00Z,UP,YES,,1845.65,official-venue-resolution,f,f,f,f,f
sol,sol:1784363400000,1784363400000,1784364300000,2026-07-18T08:30:00Z,DOWN,NO,,74.8908,official-venue-resolution,f,f,f,f,f
xrp,xrp:1784363400000,1784363400000,1784364300000,2026-07-18T08:30:00Z,DOWN,NO,,1.0889,official-venue-resolution,f,f,f,f,f
btc,btc:1784364300000,1784364300000,1784365200000,2026-07-18T08:45:00Z,UP,YES,,63951.59,official-venue-resolution,f,f,f,f,f
doge,doge:1784364300000,1784364300000,1784365200000,2026-07-18T08:45:00Z,UP,NO,,0.0722053,official-venue-resolution,t,f,t,f,f
eth,eth:1784364300000,1784364300000,1784365200000,2026-07-18T08:45:00Z,UP,YES,,1846.08,official-venue-resolution,f,f,f,f,f
sol,sol:1784364300000,1784364300000,1784365200000,2026-07-18T08:45:00Z,UP,YES,,74.8973,official-venue-resolution,f,f,f,f,f
xrp,xrp:1784364300000,1784364300000,1784365200000,2026-07-18T08:45:00Z,DOWN,NO,,1.0884,official-venue-resolution,f,f,f,f,f
btc,btc:1784365200000,1784365200000,1784366100000,2026-07-18T09:00:00Z,DOWN,NO,,63934.85,official-venue-resolution,f,f,f,f,f
doge,doge:1784365200000,1784365200000,1784366100000,2026-07-18T09:00:00Z,DOWN,NO,,0.0721424,official-venue-resolution,f,f,f,f,f
eth,eth:1784365200000,1784365200000,1784366100000,2026-07-18T09:00:00Z,DOWN,NO,,1845.33,official-venue-resolution,f,f,f,f,f
sol,sol:1784365200000,1784365200000,1784366100000,2026-07-18T09:00:00Z,DOWN,NO,,74.8338,official-venue-resolution,f,f,f,f,f
xrp,xrp:1784365200000,1784365200000,1784366100000,2026-07-18T09:00:00Z,DOWN,NO,,1.0875,official-venue-resolution,f,f,f,f,f
btc,btc:1784366100000,1784366100000,1784367000000,2026-07-18T09:15:00Z,DOWN,NO,,63920.23,official-venue-resolution,f,f,f,f,f
doge,doge:1784366100000,1784366100000,1784367000000,2026-07-18T09:15:00Z,DOWN,NO,,0.0719996,official-venue-resolution,f,f,f,f,f
eth,eth:1784366100000,1784366100000,1784367000000,2026-07-18T09:15:00Z,DOWN,NO,,1843.37,official-venue-resolution,f,f,f,f,f
sol,sol:1784366100000,1784366100000,1784367000000,2026-07-18T09:15:00Z,DOWN,NO,,74.6835,official-venue-resolution,f,f,f,f,f
xrp,xrp:1784366100000,1784366100000,1784367000000,2026-07-18T09:15:00Z,DOWN,NO,,1.0858,official-venue-resolution,f,f,f,f,f
btc,btc:1784367000000,1784367000000,1784367900000,2026-07-18T09:30:00Z,UP,YES,,63929.02,official-venue-resolution,f,f,f,f,f
doge,doge:1784367000000,1784367000000,1784367900000,2026-07-18T09:30:00Z,UP,YES,,0.0720333,official-venue-resolution,f,f,f,f,f
eth,eth:1784367000000,1784367000000,1784367900000,2026-07-18T09:30:00Z,UP,YES,,1843.98,official-venue-resolution,f,f,f,f,f
sol,sol:1784367000000,1784367000000,1784367900000,2026-07-18T09:30:00Z,UP,YES,,74.7013,official-venue-resolution,f,f,f,f,f
xrp,xrp:1784367000000,1784367000000,1784367900000,2026-07-18T09:30:00Z,DOWN,NO,,1.0836,official-venue-resolution,f,f,f,f,f
btc,btc:1784367900000,1784367900000,1784368800000,2026-07-18T09:45:00Z,UP,YES,,63944.05,official-venue-resolution,f,f,f,f,f
doge,doge:1784367900000,1784367900000,1784368800000,2026-07-18T09:45:00Z,UP,YES,,0.07214,official-venue-resolution,f,f,f,f,f
eth,eth:1784367900000,1784367900000,1784368800000,2026-07-18T09:45:00Z,DOWN,YES,,1844.06,official-venue-resolution,t,t,f,f,f
sol,sol:1784367900000,1784367900000,1784368800000,2026-07-18T09:45:00Z,UP,YES,,74.7887,official-venue-resolution,f,f,f,f,f
xrp,xrp:1784367900000,1784367900000,1784368800000,2026-07-18T09:45:00Z,UP,YES,,1.0854,official-venue-resolution,f,f,f,f,f
btc,btc:1784368800000,1784368800000,1784369700000,2026-07-18T10:00:00Z,UP,YES,,63949.23,official-venue-resolution,f,f,f,f,f
doge,doge:1784368800000,1784368800000,1784369700000,2026-07-18T10:00:00Z,DOWN,NO,,0.0721257,official-venue-resolution,f,f,f,f,f
eth,eth:1784368800000,1784368800000,1784369700000,2026-07-18T10:00:00Z,DOWN,NO,,1843.72,official-venue-resolution,f,f,f,f,f
sol,sol:1784368800000,1784368800000,1784369700000,2026-07-18T10:00:00Z,DOWN,YES,,74.7985,official-venue-resolution,t,t,f,f,f
xrp,xrp:1784368800000,1784368800000,1784369700000,2026-07-18T10:00:00Z,UP,YES,,1.0865,official-venue-resolution,f,f,f,f,f
btc,btc:1784369700000,1784369700000,1784370600000,2026-07-18T10:15:00Z,UP,YES,,63962.64,official-venue-resolution,f,f,f,f,f
doge,doge:1784369700000,1784369700000,1784370600000,2026-07-18T10:15:00Z,UP,YES,,0.0722564,official-venue-resolution,f,f,f,f,f
eth,eth:1784369700000,1784369700000,1784370600000,2026-07-18T10:15:00Z,UP,YES,,1845.09,official-venue-resolution,f,f,f,f,f
sol,sol:1784369700000,1784369700000,1784370600000,2026-07-18T10:15:00Z,UP,YES,,74.847,official-venue-resolution,f,f,f,f,f
xrp,xrp:1784369700000,1784369700000,1784370600000,2026-07-18T10:15:00Z,UP,YES,,1.0871,official-venue-resolution,f,f,f,f,f
btc,btc:1784370600000,1784370600000,1784371500000,2026-07-18T10:30:00Z,DOWN,NO,,63961.19,official-venue-resolution,f,f,f,f,f
doge,doge:1784370600000,1784370600000,1784371500000,2026-07-18T10:30:00Z,DOWN,NO,,0.0721564,official-venue-resolution,f,f,f,f,f
eth,eth:1784370600000,1784370600000,1784371500000,2026-07-18T10:30:00Z,DOWN,NO,,1843.21,official-venue-resolution,f,f,f,f,f
sol,sol:1784370600000,1784370600000,1784371500000,2026-07-18T10:30:00Z,DOWN,NO,,74.817,official-venue-resolution,f,f,f,f,f
xrp,xrp:1784370600000,1784370600000,1784371500000,2026-07-18T10:30:00Z,DOWN,NO,,1.0865,official-venue-resolution,f,f,f,f,f
btc,btc:1784371500000,1784371500000,1784372400000,2026-07-18T10:45:00Z,UP,YES,,63967.65,official-venue-resolution,f,f,f,f,f
doge,doge:1784371500000,1784371500000,1784372400000,2026-07-18T10:45:00Z,UP,YES,,0.0721742,official-venue-resolution,f,f,f,f,f
eth,eth:1784371500000,1784371500000,1784372400000,2026-07-18T10:45:00Z,UP,YES,,1844.25,official-venue-resolution,f,f,f,f,f
sol,sol:1784371500000,1784371500000,1784372400000,2026-07-18T10:45:00Z,UP,YES,,74.84,official-venue-resolution,f,f,f,f,f
xrp,xrp:1784371500000,1784371500000,1784372400000,2026-07-18T10:45:00Z,UP,NO,,1.0864,official-venue-resolution,t,f,t,f,f
btc,btc:1784372400000,1784372400000,1784373300000,2026-07-18T11:00:00Z,UP,YES,,63973.07,official-venue-resolution,f,f,f,f,f
doge,doge:1784372400000,1784372400000,1784373300000,2026-07-18T11:00:00Z,UP,YES,,0.0721906,official-venue-resolution,f,f,f,f,f
eth,eth:1784372400000,1784372400000,1784373300000,2026-07-18T11:00:00Z,DOWN,NO,,1844.03,official-venue-resolution,f,f,f,f,f
sol,sol:1784372400000,1784372400000,1784373300000,2026-07-18T11:00:00Z,UP,YES,,74.89,official-venue-resolution,f,f,f,f,f
xrp,xrp:1784372400000,1784372400000,1784373300000,2026-07-18T11:00:00Z,DOWN,YES,,1.0864,official-venue-resolution,t,t,f,f,f
btc,btc:1784373300000,1784373300000,1784374200000,2026-07-18T11:15:00Z,UP,YES,,63980.2,official-venue-resolution,f,f,f,f,f
doge,doge:1784373300000,1784373300000,1784374200000,2026-07-18T11:15:00Z,UP,YES,,0.0722291,official-venue-resolution,f,f,f,f,f
eth,eth:1784373300000,1784373300000,1784374200000,2026-07-18T11:15:00Z,UP,YES,,1844.25,official-venue-resolution,f,f,f,f,f
sol,sol:1784373300000,1784373300000,1784374200000,2026-07-18T11:15:00Z,UP,YES,,74.96,official-venue-resolution,f,f,f,f,f
xrp,xrp:1784373300000,1784373300000,1784374200000,2026-07-18T11:15:00Z,UP,YES,,1.088,official-venue-resolution,f,f,f,f,f
btc,btc:1784374200000,1784374200000,1784375100000,2026-07-18T11:30:00Z,UP,NO,,63976.18,official-venue-resolution,t,f,t,f,f
doge,doge:1784374200000,1784374200000,1784375100000,2026-07-18T11:30:00Z,DOWN,NO,,0.0721799,official-venue-resolution,f,f,f,f,f
eth,eth:1784374200000,1784374200000,1784375100000,2026-07-18T11:30:00Z,DOWN,NO,,1843.71,official-venue-resolution,f,f,f,f,f
sol,sol:1784374200000,1784374200000,1784375100000,2026-07-18T11:30:00Z,DOWN,NO,,74.884,official-venue-resolution,f,f,f,f,f
xrp,xrp:1784374200000,1784374200000,1784375100000,2026-07-18T11:30:00Z,DOWN,NO,,1.087,official-venue-resolution,f,f,f,f,f
btc,btc:1784375100000,1784375100000,1784376000000,2026-07-18T11:45:00Z,UP,YES,,64024.02,official-venue-resolution,f,f,f,f,f
doge,doge:1784375100000,1784375100000,1784376000000,2026-07-18T11:45:00Z,UP,YES,,0.0722239,official-venue-resolution,f,f,f,f,f
eth,eth:1784375100000,1784375100000,1784376000000,2026-07-18T11:45:00Z,UP,YES,,1844.52,official-venue-resolution,f,f,f,f,f
sol,sol:1784375100000,1784375100000,1784376000000,2026-07-18T11:45:00Z,UP,YES,,74.9145,official-venue-resolution,f,f,f,f,f
xrp,xrp:1784375100000,1784375100000,1784376000000,2026-07-18T11:45:00Z,UP,YES,,1.0881,official-venue-resolution,f,f,f,f,f
btc,btc:1784376000000,1784376000000,1784376900000,2026-07-18T12:00:00Z,UP,YES,,64095.5,official-venue-resolution,f,f,f,f,f
doge,doge:1784376000000,1784376000000,1784376900000,2026-07-18T12:00:00Z,UP,YES,,0.0723022,official-venue-resolution,f,f,f,f,f
eth,eth:1784376000000,1784376000000,1784376900000,2026-07-18T12:00:00Z,UP,YES,,1845.6,official-venue-resolution,f,f,f,f,f
sol,sol:1784376000000,1784376000000,1784376900000,2026-07-18T12:00:00Z,UP,YES,,74.9677,official-venue-resolution,f,f,f,f,f
xrp,xrp:1784376000000,1784376000000,1784376900000,2026-07-18T12:00:00Z,UP,YES,,1.0883,official-venue-resolution,f,f,f,f,f
btc,btc:1784376900000,1784376900000,1784377800000,2026-07-18T12:15:00Z,DOWN,NO,,64062.04,official-venue-resolution,f,f,f,f,f
doge,doge:1784376900000,1784376900000,1784377800000,2026-07-18T12:15:00Z,DOWN,NO,,0.0720609,official-venue-resolution,f,f,f,f,f
eth,eth:1784376900000,1784376900000,1784377800000,2026-07-18T12:15:00Z,DOWN,NO,,1840.63,official-venue-resolution,f,f,f,f,f
sol,sol:1784376900000,1784376900000,1784377800000,2026-07-18T12:15:00Z,DOWN,NO,,74.7273,official-venue-resolution,f,f,f,f,f
xrp,xrp:1784376900000,1784376900000,1784377800000,2026-07-18T12:15:00Z,DOWN,NO,,1.0859,official-venue-resolution,f,f,f,f,f
btc,btc:1784377800000,1784377800000,1784378700000,2026-07-18T12:30:00Z,UP,YES,,64145.53,official-venue-resolution,f,f,f,f,f
doge,doge:1784377800000,1784377800000,1784378700000,2026-07-18T12:30:00Z,UP,YES,,0.0722998,official-venue-resolution,f,f,f,f,f
eth,eth:1784377800000,1784377800000,1784378700000,2026-07-18T12:30:00Z,UP,YES,,1843.5,official-venue-resolution,f,f,f,f,f
sol,sol:1784377800000,1784377800000,1784378700000,2026-07-18T12:30:00Z,UP,YES,,74.9093,official-venue-resolution,f,f,f,f,f
xrp,xrp:1784377800000,1784377800000,1784378700000,2026-07-18T12:30:00Z,UP,YES,,1.0884,official-venue-resolution,f,f,f,f,f
btc,btc:1784378700000,1784378700000,1784379600000,2026-07-18T12:45:00Z,UP,YES,,64179.26,official-venue-resolution,f,f,f,f,f
doge,doge:1784378700000,1784378700000,1784379600000,2026-07-18T12:45:00Z,UP,YES,,0.0723402,official-venue-resolution,f,f,f,f,f
eth,eth:1784378700000,1784378700000,1784379600000,2026-07-18T12:45:00Z,UP,YES,,1844.41,official-venue-resolution,f,f,f,f,f
sol,sol:1784378700000,1784378700000,1784379600000,2026-07-18T12:45:00Z,UP,YES,,74.9685,official-venue-resolution,f,f,f,f,f
xrp,xrp:1784378700000,1784378700000,1784379600000,2026-07-18T12:45:00Z,UP,YES,,1.0889,official-venue-resolution,f,f,f,f,f
btc,btc:1784379600000,1784379600000,1784380500000,2026-07-18T13:00:00Z,DOWN,NO,,63989.26,official-venue-resolution,f,f,f,f,f
doge,doge:1784379600000,1784379600000,1784380500000,2026-07-18T13:00:00Z,DOWN,NO,,0.072091,official-venue-resolution,f,f,f,f,f
eth,eth:1784379600000,1784379600000,1784380500000,2026-07-18T13:00:00Z,DOWN,NO,,1838.71,official-venue-resolution,f,f,f,f,f
sol,sol:1784379600000,1784379600000,1784380500000,2026-07-18T13:00:00Z,DOWN,NO,,74.6603,official-venue-resolution,f,f,f,f,f
xrp,xrp:1784379600000,1784379600000,1784380500000,2026-07-18T13:00:00Z,DOWN,NO,,1.0862,official-venue-resolution,f,f,f,f,f
btc,btc:1784380500000,1784380500000,1784381400000,2026-07-18T13:15:00Z,UP,YES,,64015.47,official-venue-resolution,f,f,f,f,f
doge,doge:1784380500000,1784380500000,1784381400000,2026-07-18T13:15:00Z,UP,NO,,0.0720845,official-venue-resolution,t,f,t,f,f
eth,eth:1784380500000,1784380500000,1784381400000,2026-07-18T13:15:00Z,UP,YES,,1840.13,official-venue-resolution,f,f,f,f,f
sol,sol:1784380500000,1784380500000,1784381400000,2026-07-18T13:15:00Z,UP,NO,,74.642,official-venue-resolution,t,f,t,f,f
xrp,xrp:1784380500000,1784380500000,1784381400000,2026-07-18T13:15:00Z,DOWN,NO,,1.0847,official-venue-resolution,f,f,f,f,f
btc,btc:1784381400000,1784381400000,1784382300000,2026-07-18T13:30:00Z,UP,NO,,64011.86,official-venue-resolution,t,f,t,f,f
doge,doge:1784381400000,1784381400000,1784382300000,2026-07-18T13:30:00Z,UP,YES,,0.0721189,official-venue-resolution,f,f,f,f,f
eth,eth:1784381400000,1784381400000,1784382300000,2026-07-18T13:30:00Z,UP,YES,,1840.13,official-venue-resolution,f,f,f,f,f
sol,sol:1784381400000,1784381400000,1784382300000,2026-07-18T13:30:00Z,UP,YES,,74.6708,official-venue-resolution,f,f,f,f,f
xrp,xrp:1784381400000,1784381400000,1784382300000,2026-07-18T13:30:00Z,UP,YES,,1.0853,official-venue-resolution,f,f,f,f,f
btc,btc:1784382300000,1784382300000,1784383200000,2026-07-18T13:45:00Z,UP,YES,,64062.43,official-venue-resolution,f,f,f,f,f
doge,doge:1784382300000,1784382300000,1784383200000,2026-07-18T13:45:00Z,DOWN,NO,,0.0721105,official-venue-resolution,f,f,f,f,f
eth,eth:1784382300000,1784382300000,1784383200000,2026-07-18T13:45:00Z,UP,YES,,1840.37,official-venue-resolution,f,f,f,f,f
sol,sol:1784382300000,1784382300000,1784383200000,2026-07-18T13:45:00Z,UP,YES,,74.6752,official-venue-resolution,f,f,f,f,f
xrp,xrp:1784382300000,1784382300000,1784383200000,2026-07-18T13:45:00Z,DOWN,NO,,1.0852,official-venue-resolution,f,f,f,f,f
btc,btc:1784383200000,1784383200000,1784384100000,2026-07-18T14:00:00Z,UP,YES,,64129.61,official-venue-resolution,f,f,f,f,f
doge,doge:1784383200000,1784383200000,1784384100000,2026-07-18T14:00:00Z,UP,YES,,0.0722159,official-venue-resolution,f,f,f,f,f
eth,eth:1784383200000,1784383200000,1784384100000,2026-07-18T14:00:00Z,UP,YES,,1842.21,official-venue-resolution,f,f,f,f,f
sol,sol:1784383200000,1784383200000,1784384100000,2026-07-18T14:00:00Z,UP,YES,,74.7518,official-venue-resolution,f,f,f,f,f
xrp,xrp:1784383200000,1784383200000,1784384100000,2026-07-18T14:00:00Z,UP,YES,,1.087,official-venue-resolution,f,f,f,f,f
btc,btc:1784384100000,1784384100000,1784385000000,2026-07-18T14:15:00Z,UP,YES,,64134.75,official-venue-resolution,f,f,f,f,f
doge,doge:1784384100000,1784384100000,1784385000000,2026-07-18T14:15:00Z,UP,YES,,0.0722786,official-venue-resolution,f,f,f,f,f
eth,eth:1784384100000,1784384100000,1784385000000,2026-07-18T14:15:00Z,UP,YES,,1844.19,official-venue-resolution,f,f,f,f,f
sol,sol:1784384100000,1784384100000,1784385000000,2026-07-18T14:15:00Z,UP,YES,,74.8512,official-venue-resolution,f,f,f,f,f
xrp,xrp:1784384100000,1784384100000,1784385000000,2026-07-18T14:15:00Z,UP,YES,,1.0872,official-venue-resolution,f,f,f,f,f
btc,btc:1784385000000,1784385000000,1784385900000,2026-07-18T14:30:00Z,UP,NO,,64128.17,official-venue-resolution,t,f,t,f,f
doge,doge:1784385000000,1784385000000,1784385900000,2026-07-18T14:30:00Z,DOWN,NO,,0.0722297,official-venue-resolution,f,f,f,f,f
eth,eth:1784385000000,1784385000000,1784385900000,2026-07-18T14:30:00Z,UP,NO,,1844.17,official-venue-resolution,t,f,t,f,f
sol,sol:1784385000000,1784385000000,1784385900000,2026-07-18T14:30:00Z,UP,YES,,74.8763,official-venue-resolution,f,f,f,f,f
xrp,xrp:1784385000000,1784385000000,1784385900000,2026-07-18T14:30:00Z,UP,YES,,1.0882,official-venue-resolution,f,f,f,f,f
btc,btc:1784385900000,1784385900000,1784386800000,2026-07-18T14:45:00Z,DOWN,NO,,64090.88,official-venue-resolution,f,f,f,f,f
doge,doge:1784385900000,1784385900000,1784386800000,2026-07-18T14:45:00Z,DOWN,YES,,0.0722371,official-venue-resolution,t,t,f,f,f
eth,eth:1784385900000,1784385900000,1784386800000,2026-07-18T14:45:00Z,DOWN,YES,,1844.49,official-venue-resolution,t,t,f,f,f
sol,sol:1784385900000,1784385900000,1784386800000,2026-07-18T14:45:00Z,UP,YES,,74.9295,official-venue-resolution,f,f,f,f,f
xrp,xrp:1784385900000,1784385900000,1784386800000,2026-07-18T14:45:00Z,DOWN,NO,,1.0879,official-venue-resolution,f,f,f,f,f
btc,btc:1784386800000,1784386800000,1784387700000,2026-07-18T15:00:00Z,DOWN,NO,,64063.46,official-venue-resolution,f,f,f,f,f
doge,doge:1784386800000,1784386800000,1784387700000,2026-07-18T15:00:00Z,DOWN,NO,,0.0722186,official-venue-resolution,f,f,f,f,f
eth,eth:1784386800000,1784386800000,1784387700000,2026-07-18T15:00:00Z,DOWN,NO,,1843.22,official-venue-resolution,f,f,f,f,f
sol,sol:1784386800000,1784386800000,1784387700000,2026-07-18T15:00:00Z,DOWN,NO,,74.8703,official-venue-resolution,f,f,f,f,f
xrp,xrp:1784386800000,1784386800000,1784387700000,2026-07-18T15:00:00Z,DOWN,NO,,1.0877,official-venue-resolution,f,f,f,f,f
btc,btc:1784387700000,1784387700000,1784388600000,2026-07-18T15:15:00Z,DOWN,NO,,64047.33,official-venue-resolution,f,f,f,f,f
doge,doge:1784387700000,1784387700000,1784388600000,2026-07-18T15:15:00Z,DOWN,NO,,0.0721707,official-venue-resolution,f,f,f,f,f
eth,eth:1784387700000,1784387700000,1784388600000,2026-07-18T15:15:00Z,DOWN,NO,,1842.61,official-venue-resolution,f,f,f,f,f
sol,sol:1784387700000,1784387700000,1784388600000,2026-07-18T15:15:00Z,DOWN,NO,,74.8382,official-venue-resolution,f,f,f,f,f
xrp,xrp:1784387700000,1784387700000,1784388600000,2026-07-18T15:15:00Z,DOWN,NO,,1.087,official-venue-resolution,f,f,f,f,f
btc,btc:1784388600000,1784388600000,1784389500000,2026-07-18T15:30:00Z,DOWN,NO,,64022.91,official-venue-resolution,f,f,f,f,f
doge,doge:1784388600000,1784388600000,1784389500000,2026-07-18T15:30:00Z,DOWN,NO,,0.0721312,official-venue-resolution,f,f,f,f,f
eth,eth:1784388600000,1784388600000,1784389500000,2026-07-18T15:30:00Z,DOWN,NO,,1842.58,official-venue-resolution,f,f,f,f,f
sol,sol:1784388600000,1784388600000,1784389500000,2026-07-18T15:30:00Z,DOWN,YES,,74.8395,official-venue-resolution,t,t,f,f,f
xrp,xrp:1784388600000,1784388600000,1784389500000,2026-07-18T15:30:00Z,DOWN,NO,,1.0863,official-venue-resolution,f,f,f,f,f
btc,btc:1784389500000,1784389500000,1784390400000,2026-07-18T15:45:00Z,UP,YES,,64082.06,official-venue-resolution,f,f,f,f,f
doge,doge:1784389500000,1784389500000,1784390400000,2026-07-18T15:45:00Z,UP,YES,,0.0721666,official-venue-resolution,f,f,f,f,f
eth,eth:1784389500000,1784389500000,1784390400000,2026-07-18T15:45:00Z,UP,YES,,1842.73,official-venue-resolution,f,f,f,f,f
sol,sol:1784389500000,1784389500000,1784390400000,2026-07-18T15:45:00Z,UP,YES,,74.92,official-venue-resolution,f,f,f,f,f
xrp,xrp:1784389500000,1784389500000,1784390400000,2026-07-18T15:45:00Z,DOWN,YES,,1.0868,official-venue-resolution,t,t,f,f,f
btc,btc:1784390400000,1784390400000,1784391300000,2026-07-18T16:00:00Z,UP,YES,,64104.97,official-venue-resolution,f,f,f,f,f
doge,doge:1784390400000,1784390400000,1784391300000,2026-07-18T16:00:00Z,UP,NO,,0.072154,official-venue-resolution,t,f,t,f,f
eth,eth:1784390400000,1784390400000,1784391300000,2026-07-18T16:00:00Z,UP,YES,,1842.91,official-venue-resolution,f,f,f,f,f
sol,sol:1784390400000,1784390400000,1784391300000,2026-07-18T16:00:00Z,UP,YES,,74.9903,official-venue-resolution,f,f,f,f,f
xrp,xrp:1784390400000,1784390400000,1784391300000,2026-07-18T16:00:00Z,UP,YES,,1.0874,official-venue-resolution,f,f,f,f,f
btc,btc:1784391300000,1784391300000,1784392200000,2026-07-18T16:15:00Z,UP,NO,,64097.36,official-venue-resolution,t,f,t,f,f
doge,doge:1784391300000,1784391300000,1784392200000,2026-07-18T16:15:00Z,DOWN,NO,,0.0720937,official-venue-resolution,f,f,f,f,f
eth,eth:1784391300000,1784391300000,1784392200000,2026-07-18T16:15:00Z,DOWN,NO,,1842.34,official-venue-resolution,f,f,f,f,f
sol,sol:1784391300000,1784391300000,1784392200000,2026-07-18T16:15:00Z,DOWN,NO,,74.9605,official-venue-resolution,f,f,f,f,f
xrp,xrp:1784391300000,1784391300000,1784392200000,2026-07-18T16:15:00Z,DOWN,NO,,1.0871,official-venue-resolution,f,f,f,f,f
btc,btc:1784392200000,1784392200000,1784393100000,2026-07-18T16:30:00Z,DOWN,YES,,64103.17,official-venue-resolution,t,t,f,f,f
doge,doge:1784392200000,1784392200000,1784393100000,2026-07-18T16:30:00Z,UP,YES,,0.0721263,official-venue-resolution,f,f,f,f,f
eth,eth:1784392200000,1784392200000,1784393100000,2026-07-18T16:30:00Z,DOWN,NO,,1842.13,official-venue-resolution,f,f,f,f,f
sol,sol:1784392200000,1784392200000,1784393100000,2026-07-18T16:30:00Z,UP,YES,,75.004,official-venue-resolution,f,f,f,f,f
xrp,xrp:1784392200000,1784392200000,1784393100000,2026-07-18T16:30:00Z,UP,YES,,1.0874,official-venue-resolution,f,f,f,f,f
btc,btc:1784393100000,1784393100000,1784394000000,2026-07-18T16:45:00Z,UP,YES,,64248.95,official-venue-resolution,f,f,f,f,f
doge,doge:1784393100000,1784393100000,1784394000000,2026-07-18T16:45:00Z,UP,YES,,0.0722867,official-venue-resolution,f,f,f,f,f
eth,eth:1784393100000,1784393100000,1784394000000,2026-07-18T16:45:00Z,UP,YES,,1844.8,official-venue-resolution,f,f,f,f,f
sol,sol:1784393100000,1784393100000,1784394000000,2026-07-18T16:45:00Z,UP,YES,,75.1147,official-venue-resolution,f,f,f,f,f
xrp,xrp:1784393100000,1784393100000,1784394000000,2026-07-18T16:45:00Z,UP,YES,,1.0892,official-venue-resolution,f,f,f,f,f
btc,btc:1784394000000,1784394000000,1784394900000,2026-07-18T17:00:00Z,UP,YES,,64272.65,official-venue-resolution,f,f,f,f,f
doge,doge:1784394000000,1784394000000,1784394900000,2026-07-18T17:00:00Z,DOWN,NO,,0.0722322,official-venue-resolution,f,f,f,f,f
eth,eth:1784394000000,1784394000000,1784394900000,2026-07-18T17:00:00Z,UP,NO,,1844.79,official-venue-resolution,t,f,t,f,f
sol,sol:1784394000000,1784394000000,1784394900000,2026-07-18T17:00:00Z,DOWN,NO,,75.0932,official-venue-resolution,f,f,f,f,f
xrp,xrp:1784394000000,1784394000000,1784394900000,2026-07-18T17:00:00Z,DOWN,NO,,1.0887,official-venue-resolution,f,f,f,f,f
btc,btc:1784394900000,1784394900000,1784395800000,2026-07-18T17:15:00Z,DOWN,NO,,64255.3,official-venue-resolution,f,f,f,f,f
doge,doge:1784394900000,1784394900000,1784395800000,2026-07-18T17:15:00Z,DOWN,NO,,0.0721457,official-venue-resolution,f,f,f,f,f
eth,eth:1784394900000,1784394900000,1784395800000,2026-07-18T17:15:00Z,DOWN,NO,,1842.87,official-venue-resolution,f,f,f,f,f
sol,sol:1784394900000,1784394900000,1784395800000,2026-07-18T17:15:00Z,DOWN,NO,,75.0565,official-venue-resolution,f,f,f,f,f
xrp,xrp:1784394900000,1784394900000,1784395800000,2026-07-18T17:15:00Z,DOWN,NO,,1.0875,official-venue-resolution,f,f,f,f,f
btc,btc:1784395800000,1784395800000,1784396700000,2026-07-18T17:30:00Z,UP,YES,,64399.82,official-venue-resolution,f,f,f,f,f
doge,doge:1784395800000,1784395800000,1784396700000,2026-07-18T17:30:00Z,UP,YES,,0.0723281,official-venue-resolution,f,f,f,f,f
eth,eth:1784395800000,1784395800000,1784396700000,2026-07-18T17:30:00Z,UP,YES,,1848.03,official-venue-resolution,f,f,f,f,f
sol,sol:1784395800000,1784395800000,1784396700000,2026-07-18T17:30:00Z,UP,YES,,75.2557,official-venue-resolution,f,f,f,f,f
xrp,xrp:1784395800000,1784395800000,1784396700000,2026-07-18T17:30:00Z,UP,YES,,1.0916,official-venue-resolution,f,f,f,f,f
btc,btc:1784396700000,1784396700000,1784397600000,2026-07-18T17:45:00Z,UP,YES,,64448.86,official-venue-resolution,f,f,f,f,f
doge,doge:1784396700000,1784396700000,1784397600000,2026-07-18T17:45:00Z,UP,YES,,0.0723725,official-venue-resolution,f,f,f,f,f
eth,eth:1784396700000,1784396700000,1784397600000,2026-07-18T17:45:00Z,UP,YES,,1851.55,official-venue-resolution,f,f,f,f,f
sol,sol:1784396700000,1784396700000,1784397600000,2026-07-18T17:45:00Z,UP,YES,,75.2905,official-venue-resolution,f,f,f,f,f
xrp,xrp:1784396700000,1784396700000,1784397600000,2026-07-18T17:45:00Z,UP,YES,,1.0929,official-venue-resolution,f,f,f,f,f
btc,btc:1784397600000,1784397600000,1784398500000,2026-07-18T18:00:00Z,DOWN,NO,,64435.09,official-venue-resolution,f,f,f,f,f
doge,doge:1784397600000,1784397600000,1784398500000,2026-07-18T18:00:00Z,DOWN,NO,,0.0722769,official-venue-resolution,f,f,f,f,f
eth,eth:1784397600000,1784397600000,1784398500000,2026-07-18T18:00:00Z,DOWN,NO,,1849.54,official-venue-resolution,f,f,f,f,f
sol,sol:1784397600000,1784397600000,1784398500000,2026-07-18T18:00:00Z,DOWN,NO,,75.2418,official-venue-resolution,f,f,f,f,f
xrp,xrp:1784397600000,1784397600000,1784398500000,2026-07-18T18:00:00Z,DOWN,NO,,1.0919,official-venue-resolution,f,f,f,f,f
btc,btc:1784398500000,1784398500000,1784399400000,2026-07-18T18:15:00Z,UP,YES,,64531.24,official-venue-resolution,f,f,f,f,f
doge,doge:1784398500000,1784398500000,1784399400000,2026-07-18T18:15:00Z,UP,YES,,0.0724307,official-venue-resolution,f,f,f,f,f
eth,eth:1784398500000,1784398500000,1784399400000,2026-07-18T18:15:00Z,UP,YES,,1858.01,official-venue-resolution,f,f,f,f,f
sol,sol:1784398500000,1784398500000,1784399400000,2026-07-18T18:15:00Z,UP,YES,,75.3922,official-venue-resolution,f,f,f,f,f
xrp,xrp:1784398500000,1784398500000,1784399400000,2026-07-18T18:15:00Z,UP,YES,,1.0934,official-venue-resolution,f,f,f,f,f
btc,btc:1784399400000,1784399400000,1784400300000,2026-07-18T18:30:00Z,DOWN,NO,,64452.77,official-venue-resolution,f,f,f,f,f
doge,doge:1784399400000,1784399400000,1784400300000,2026-07-18T18:30:00Z,DOWN,NO,,0.0722718,official-venue-resolution,f,f,f,f,f
eth,eth:1784399400000,1784399400000,1784400300000,2026-07-18T18:30:00Z,DOWN,NO,,1853.56,official-venue-resolution,f,f,f,f,f
sol,sol:1784399400000,1784399400000,1784400300000,2026-07-18T18:30:00Z,DOWN,NO,,75.1572,official-venue-resolution,f,f,f,f,f
xrp,xrp:1784399400000,1784399400000,1784400300000,2026-07-18T18:30:00Z,DOWN,NO,,1.0896,official-venue-resolution,f,f,f,f,f
btc,btc:1784400300000,1784400300000,1784401200000,2026-07-18T18:45:00Z,UP,YES,,64484.13,official-venue-resolution,f,f,f,f,f
doge,doge:1784400300000,1784400300000,1784401200000,2026-07-18T18:45:00Z,UP,YES,,0.0723049,official-venue-resolution,f,f,f,f,f
eth,eth:1784400300000,1784400300000,1784401200000,2026-07-18T18:45:00Z,UP,YES,,1856.09,official-venue-resolution,f,f,f,f,f
sol,sol:1784400300000,1784400300000,1784401200000,2026-07-18T18:45:00Z,UP,YES,,75.241,official-venue-resolution,f,f,f,f,f
xrp,xrp:1784400300000,1784400300000,1784401200000,2026-07-18T18:45:00Z,UP,YES,,1.0905,official-venue-resolution,f,f,f,f,f
btc,btc:1784401200000,1784401200000,1784402100000,2026-07-18T19:00:00Z,UP,YES,,64498.97,official-venue-resolution,f,f,f,f,f
doge,doge:1784401200000,1784401200000,1784402100000,2026-07-18T19:00:00Z,UP,YES,,0.0723307,official-venue-resolution,f,f,f,f,f
eth,eth:1784401200000,1784401200000,1784402100000,2026-07-18T19:00:00Z,UP,YES,,1857.04,official-venue-resolution,f,f,f,f,f
sol,sol:1784401200000,1784401200000,1784402100000,2026-07-18T19:00:00Z,DOWN,NO,,75.2138,official-venue-resolution,f,f,f,f,f
xrp,xrp:1784401200000,1784401200000,1784402100000,2026-07-18T19:00:00Z,UP,YES,1.0905540440360821,1.0905,official-venue-resolution,f,f,f,f,f
btc,btc:1784402100000,1784402100000,1784403000000,2026-07-18T19:15:00Z,DOWN,NO,,64452.42,official-venue-resolution,f,f,f,f,f
doge,doge:1784402100000,1784402100000,1784403000000,2026-07-18T19:15:00Z,DOWN,NO,,0.0722982,official-venue-resolution,f,f,f,f,f
eth,eth:1784402100000,1784402100000,1784403000000,2026-07-18T19:15:00Z,DOWN,NO,,1855.74,official-venue-resolution,f,f,f,f,f
sol,sol:1784402100000,1784402100000,1784403000000,2026-07-18T19:15:00Z,DOWN,YES,,75.229,official-venue-resolution,t,t,f,f,f
xrp,xrp:1784402100000,1784402100000,1784403000000,2026-07-18T19:15:00Z,UP,YES,,1.0912,official-venue-resolution,f,f,f,f,f
btc,btc:1784403000000,1784403000000,1784403900000,2026-07-18T19:30:00Z,UP,YES,,64495.37,official-venue-resolution,f,f,f,f,f
doge,doge:1784403000000,1784403000000,1784403900000,2026-07-18T19:30:00Z,UP,YES,,0.07231,official-venue-resolution,f,f,f,f,f
eth,eth:1784403000000,1784403000000,1784403900000,2026-07-18T19:30:00Z,UP,YES,,1856.59,official-venue-resolution,f,f,f,f,f
sol,sol:1784403000000,1784403000000,1784403900000,2026-07-18T19:30:00Z,UP,YES,,75.3138,official-venue-resolution,f,f,f,f,f
xrp,xrp:1784403000000,1784403000000,1784403900000,2026-07-18T19:30:00Z,UP,YES,,1.0924,official-venue-resolution,f,f,f,f,f
btc,btc:1784403900000,1784403900000,1784404800000,2026-07-18T19:45:00Z,UP,YES,,64535.9,official-venue-resolution,f,f,f,f,f
doge,doge:1784403900000,1784403900000,1784404800000,2026-07-18T19:45:00Z,UP,YES,,0.0723466,official-venue-resolution,f,f,f,f,f
eth,eth:1784403900000,1784403900000,1784404800000,2026-07-18T19:45:00Z,UP,YES,,1856.98,official-venue-resolution,f,f,f,f,f
sol,sol:1784403900000,1784403900000,1784404800000,2026-07-18T19:45:00Z,UP,YES,,75.4002,official-venue-resolution,f,f,f,f,f
xrp,xrp:1784403900000,1784403900000,1784404800000,2026-07-18T19:45:00Z,UP,YES,,1.093,official-venue-resolution,f,f,f,f,f
btc,btc:1784404800000,1784404800000,1784405700000,2026-07-18T20:00:00Z,UP,YES,,64584.83,official-venue-resolution,f,f,f,f,f
doge,doge:1784404800000,1784404800000,1784405700000,2026-07-18T20:00:00Z,UP,YES,,0.0723929,official-venue-resolution,f,f,f,f,f
eth,eth:1784404800000,1784404800000,1784405700000,2026-07-18T20:00:00Z,UP,YES,,1858.73,official-venue-resolution,f,f,f,f,f
sol,sol:1784404800000,1784404800000,1784405700000,2026-07-18T20:00:00Z,UP,YES,,75.4555,official-venue-resolution,f,f,f,f,f
xrp,xrp:1784404800000,1784404800000,1784405700000,2026-07-18T20:00:00Z,UP,YES,,1.0941,official-venue-resolution,f,f,f,f,f
btc,btc:1784405700000,1784405700000,1784406600000,2026-07-18T20:15:00Z,UP,YES,,64618.12,official-venue-resolution,f,f,f,f,f
doge,doge:1784405700000,1784405700000,1784406600000,2026-07-18T20:15:00Z,UP,YES,,0.0723994,official-venue-resolution,f,f,f,f,f
eth,eth:1784405700000,1784405700000,1784406600000,2026-07-18T20:15:00Z,DOWN,NO,,1858.52,official-venue-resolution,f,f,f,f,f
sol,sol:1784405700000,1784405700000,1784406600000,2026-07-18T20:15:00Z,DOWN,NO,,75.4112,official-venue-resolution,f,f,f,f,f
xrp,xrp:1784405700000,1784405700000,1784406600000,2026-07-18T20:15:00Z,UP,YES,,1.0947,official-venue-resolution,f,f,f,f,f
btc,btc:1784406600000,1784406600000,1784407500000,2026-07-18T20:30:00Z,DOWN,NO,,64573.39,official-venue-resolution,f,f,f,f,f
doge,doge:1784406600000,1784406600000,1784407500000,2026-07-18T20:30:00Z,DOWN,NO,,0.0723472,official-venue-resolution,f,f,f,f,f
eth,eth:1784406600000,1784406600000,1784407500000,2026-07-18T20:30:00Z,DOWN,NO,,1856.63,official-venue-resolution,f,f,f,f,f
sol,sol:1784406600000,1784406600000,1784407500000,2026-07-18T20:30:00Z,DOWN,NO,,75.34,official-venue-resolution,f,f,f,f,f
xrp,xrp:1784406600000,1784406600000,1784407500000,2026-07-18T20:30:00Z,DOWN,NO,,1.0932,official-venue-resolution,f,f,f,f,f
btc,btc:1784407500000,1784407500000,1784408400000,2026-07-18T20:45:00Z,UP,YES,,64665.25,official-venue-resolution,f,f,f,f,f
doge,doge:1784407500000,1784407500000,1784408400000,2026-07-18T20:45:00Z,UP,YES,,0.0723828,official-venue-resolution,f,f,f,f,f
eth,eth:1784407500000,1784407500000,1784408400000,2026-07-18T20:45:00Z,DOWN,NO,,1856.21,official-venue-resolution,f,f,f,f,f
sol,sol:1784407500000,1784407500000,1784408400000,2026-07-18T20:45:00Z,UP,YES,,75.4317,official-venue-resolution,f,f,f,f,f
xrp,xrp:1784407500000,1784407500000,1784408400000,2026-07-18T20:45:00Z,DOWN,NO,,1.093,official-venue-resolution,f,f,f,f,f
btc,btc:1784408400000,1784408400000,1784409300000,2026-07-18T21:00:00Z,UP,YES,,64702.16,official-venue-resolution,f,f,f,f,f
doge,doge:1784408400000,1784408400000,1784409300000,2026-07-18T21:00:00Z,UP,YES,,0.0724438,official-venue-resolution,f,f,f,f,f
eth,eth:1784408400000,1784408400000,1784409300000,2026-07-18T21:00:00Z,UP,YES,,1859.86,official-venue-resolution,f,f,f,f,f
sol,sol:1784408400000,1784408400000,1784409300000,2026-07-18T21:00:00Z,UP,YES,,75.5185,official-venue-resolution,f,f,f,f,f
xrp,xrp:1784408400000,1784408400000,1784409300000,2026-07-18T21:00:00Z,UP,YES,,1.0958,official-venue-resolution,f,f,f,f,f
btc,btc:1784409300000,1784409300000,1784410200000,2026-07-18T21:15:00Z,DOWN,NO,,64696.01,official-venue-resolution,f,f,f,f,f
doge,doge:1784409300000,1784409300000,1784410200000,2026-07-18T21:15:00Z,DOWN,NO,,0.0723718,official-venue-resolution,f,f,f,f,f
eth,eth:1784409300000,1784409300000,1784410200000,2026-07-18T21:15:00Z,DOWN,NO,,1858.92,official-venue-resolution,f,f,f,f,f
sol,sol:1784409300000,1784409300000,1784410200000,2026-07-18T21:15:00Z,DOWN,NO,,75.4758,official-venue-resolution,f,f,f,f,f
xrp,xrp:1784409300000,1784409300000,1784410200000,2026-07-18T21:15:00Z,DOWN,NO,,1.094,official-venue-resolution,f,f,f,f,f
btc,btc:1784410200000,1784410200000,1784411100000,2026-07-18T21:30:00Z,DOWN,NO,,64629.99,official-venue-resolution,f,f,f,f,f
doge,doge:1784410200000,1784410200000,1784411100000,2026-07-18T21:30:00Z,DOWN,NO,,0.0722778,official-venue-resolution,f,f,f,f,f
eth,eth:1784410200000,1784410200000,1784411100000,2026-07-18T21:30:00Z,DOWN,NO,,1857.68,official-venue-resolution,f,f,f,f,f
sol,sol:1784410200000,1784410200000,1784411100000,2026-07-18T21:30:00Z,DOWN,NO,,75.3618,official-venue-resolution,f,f,f,f,f
xrp,xrp:1784410200000,1784410200000,1784411100000,2026-07-18T21:30:00Z,DOWN,NO,,1.0928,official-venue-resolution,f,f,f,f,f
btc,btc:1784411100000,1784411100000,1784412000000,2026-07-18T21:45:00Z,UP,YES,,64701.8,official-venue-resolution,f,f,f,f,f
doge,doge:1784411100000,1784411100000,1784412000000,2026-07-18T21:45:00Z,UP,YES,,0.0723574,official-venue-resolution,f,f,f,f,f
eth,eth:1784411100000,1784411100000,1784412000000,2026-07-18T21:45:00Z,UP,YES,,1860.25,official-venue-resolution,f,f,f,f,f
sol,sol:1784411100000,1784411100000,1784412000000,2026-07-18T21:45:00Z,UP,YES,,75.4585,official-venue-resolution,f,f,f,f,f
xrp,xrp:1784411100000,1784411100000,1784412000000,2026-07-18T21:45:00Z,DOWN,YES,,1.0934,official-venue-resolution,t,t,f,f,f
btc,btc:1784412000000,1784412000000,1784412900000,2026-07-18T22:00:00Z,UP,YES,,64767.91,official-venue-resolution,f,f,f,f,f
doge,doge:1784412000000,1784412000000,1784412900000,2026-07-18T22:00:00Z,UP,YES,,0.0724256,official-venue-resolution,f,f,f,f,f
eth,eth:1784412000000,1784412000000,1784412900000,2026-07-18T22:00:00Z,UP,YES,,1862.18,official-venue-resolution,f,f,f,f,f
sol,sol:1784412000000,1784412000000,1784412900000,2026-07-18T22:00:00Z,UP,YES,,75.4995,official-venue-resolution,f,f,f,f,f
xrp,xrp:1784412000000,1784412000000,1784412900000,2026-07-18T22:00:00Z,UP,YES,,1.0939,official-venue-resolution,f,f,f,f,f
btc,btc:1784412900000,1784412900000,1784413800000,2026-07-18T22:15:00Z,DOWN,NO,,64704.32,official-venue-resolution,f,f,f,f,f
doge,doge:1784412900000,1784412900000,1784413800000,2026-07-18T22:15:00Z,DOWN,NO,,0.0723559,official-venue-resolution,f,f,f,f,f
eth,eth:1784412900000,1784412900000,1784413800000,2026-07-18T22:15:00Z,DOWN,NO,,1860.42,official-venue-resolution,f,f,f,f,f
sol,sol:1784412900000,1784412900000,1784413800000,2026-07-18T22:15:00Z,DOWN,NO,,75.43,official-venue-resolution,f,f,f,f,f
xrp,xrp:1784412900000,1784412900000,1784413800000,2026-07-18T22:15:00Z,DOWN,NO,,1.0923,official-venue-resolution,f,f,f,f,f
btc,btc:1784413800000,1784413800000,1784414700000,2026-07-18T22:30:00Z,UP,YES,,64737.87,official-venue-resolution,f,f,f,f,f
doge,doge:1784413800000,1784413800000,1784414700000,2026-07-18T22:30:00Z,UP,YES,,0.0724517,official-venue-resolution,f,f,f,f,f
eth,eth:1784413800000,1784413800000,1784414700000,2026-07-18T22:30:00Z,UP,YES,,1861.38,official-venue-resolution,f,f,f,f,f
sol,sol:1784413800000,1784413800000,1784414700000,2026-07-18T22:30:00Z,UP,YES,,75.4438,official-venue-resolution,f,f,f,f,f
xrp,xrp:1784413800000,1784413800000,1784414700000,2026-07-18T22:30:00Z,UP,NO,,1.0922,official-venue-resolution,t,f,t,f,f
btc,btc:1784414700000,1784414700000,1784415600000,2026-07-18T22:45:00Z,UP,YES,,64777.78,official-venue-resolution,f,f,f,f,f
doge,doge:1784414700000,1784414700000,1784415600000,2026-07-18T22:45:00Z,DOWN,YES,,0.0724615,official-venue-resolution,t,t,f,f,f
eth,eth:1784414700000,1784414700000,1784415600000,2026-07-18T22:45:00Z,UP,YES,,1862.64,official-venue-resolution,f,f,f,f,f
sol,sol:1784414700000,1784414700000,1784415600000,2026-07-18T22:45:00Z,UP,YES,,75.5317,official-venue-resolution,f,f,f,f,f
xrp,xrp:1784414700000,1784414700000,1784415600000,2026-07-18T22:45:00Z,UP,YES,,1.0931,official-venue-resolution,f,f,f,f,f
btc,btc:1784415600000,1784415600000,1784416500000,2026-07-18T23:00:00Z,DOWN,NO,,64701.84,official-venue-resolution,f,f,f,f,f
doge,doge:1784415600000,1784415600000,1784416500000,2026-07-18T23:00:00Z,DOWN,NO,,0.0723817,official-venue-resolution,f,f,f,f,f
eth,eth:1784415600000,1784415600000,1784416500000,2026-07-18T23:00:00Z,DOWN,NO,,1859.57,official-venue-resolution,f,f,f,f,f
sol,sol:1784415600000,1784415600000,1784416500000,2026-07-18T23:00:00Z,DOWN,NO,,75.384,official-venue-resolution,f,f,f,f,f
xrp,xrp:1784415600000,1784415600000,1784416500000,2026-07-18T23:00:00Z,DOWN,NO,,1.0915,official-venue-resolution,f,f,f,f,f
btc,btc:1784416500000,1784416500000,1784417400000,2026-07-18T23:15:00Z,UP,YES,,64802.6,official-venue-resolution,f,f,f,f,f
doge,doge:1784416500000,1784416500000,1784417400000,2026-07-18T23:15:00Z,UP,YES,,0.0725041,official-venue-resolution,f,f,f,f,f
eth,eth:1784416500000,1784416500000,1784417400000,2026-07-18T23:15:00Z,UP,YES,,1862.18,official-venue-resolution,f,f,f,f,f
sol,sol:1784416500000,1784416500000,1784417400000,2026-07-18T23:15:00Z,UP,YES,,75.5188,official-venue-resolution,f,f,f,f,f
xrp,xrp:1784416500000,1784416500000,1784417400000,2026-07-18T23:15:00Z,UP,YES,,1.0922,official-venue-resolution,f,f,f,f,f
btc,btc:1784417400000,1784417400000,1784418300000,2026-07-18T23:30:00Z,DOWN,NO,,64789.8,official-venue-resolution,f,f,f,f,f
doge,doge:1784417400000,1784417400000,1784418300000,2026-07-18T23:30:00Z,DOWN,NO,,0.0724842,official-venue-resolution,f,f,f,f,f
eth,eth:1784417400000,1784417400000,1784418300000,2026-07-18T23:30:00Z,DOWN,NO,,1860.81,official-venue-resolution,f,f,f,f,f
sol,sol:1784417400000,1784417400000,1784418300000,2026-07-18T23:30:00Z,DOWN,NO,,75.4508,official-venue-resolution,f,f,f,f,f
xrp,xrp:1784417400000,1784417400000,1784418300000,2026-07-18T23:30:00Z,UP,YES,,1.0923,official-venue-resolution,f,f,f,f,f
btc,btc:1784418300000,1784418300000,1784419200000,2026-07-18T23:45:00Z,UP,YES,,64797.52,official-venue-resolution,f,f,f,f,f
doge,doge:1784418300000,1784418300000,1784419200000,2026-07-18T23:45:00Z,UP,YES,,0.0724918,official-venue-resolution,f,f,f,f,f
eth,eth:1784418300000,1784418300000,1784419200000,2026-07-18T23:45:00Z,UP,YES,,1861.68,official-venue-resolution,f,f,f,f,f
sol,sol:1784418300000,1784418300000,1784419200000,2026-07-18T23:45:00Z,UP,YES,,75.4727,official-venue-resolution,f,f,f,f,f
xrp,xrp:1784418300000,1784418300000,1784419200000,2026-07-18T23:45:00Z,DOWN,NO,,1.0922,official-venue-resolution,f,f,f,f,f
btc,btc:1784419200000,1784419200000,1784420100000,2026-07-19T00:00:00Z,UP,YES,,64811.03,official-venue-resolution,f,f,f,f,f
doge,doge:1784419200000,1784419200000,1784420100000,2026-07-19T00:00:00Z,DOWN,NO,,0.0724818,official-venue-resolution,f,f,f,f,f
eth,eth:1784419200000,1784419200000,1784420100000,2026-07-19T00:00:00Z,DOWN,NO,,1861.64,official-venue-resolution,f,f,f,f,f
sol,sol:1784419200000,1784419200000,1784420100000,2026-07-19T00:00:00Z,DOWN,NO,,75.4633,official-venue-resolution,f,f,f,f,f
xrp,xrp:1784419200000,1784419200000,1784420100000,2026-07-19T00:00:00Z,UP,YES,,1.0935,official-venue-resolution,f,f,f,f,f
btc,btc:1784420100000,1784420100000,1784421000000,2026-07-19T00:15:00Z,DOWN,NO,,64762.01,official-venue-resolution,f,f,f,f,f
doge,doge:1784420100000,1784420100000,1784421000000,2026-07-19T00:15:00Z,DOWN,NO,,0.0723856,official-venue-resolution,f,f,f,f,f
eth,eth:1784420100000,1784420100000,1784421000000,2026-07-19T00:15:00Z,DOWN,NO,,1858.74,official-venue-resolution,f,f,f,f,f
sol,sol:1784420100000,1784420100000,1784421000000,2026-07-19T00:15:00Z,DOWN,NO,,75.4385,official-venue-resolution,f,f,f,f,f
xrp,xrp:1784420100000,1784420100000,1784421000000,2026-07-19T00:15:00Z,DOWN,NO,,1.0921,official-venue-resolution,f,f,f,f,f
btc,btc:1784421000000,1784421000000,1784421900000,2026-07-19T00:30:00Z,DOWN,NO,,64740.79,official-venue-resolution,f,f,f,f,f
doge,doge:1784421000000,1784421000000,1784421900000,2026-07-19T00:30:00Z,UP,YES,,0.0724279,official-venue-resolution,f,f,f,f,f
eth,eth:1784421000000,1784421000000,1784421900000,2026-07-19T00:30:00Z,UP,NO,,1858.6,official-venue-resolution,t,f,t,f,f
sol,sol:1784421000000,1784421000000,1784421900000,2026-07-19T00:30:00Z,UP,YES,,75.48,official-venue-resolution,f,f,f,f,f
xrp,xrp:1784421000000,1784421000000,1784421900000,2026-07-19T00:30:00Z,DOWN,NO,,1.0917,official-venue-resolution,f,f,f,f,f
btc,btc:1784421900000,1784421900000,1784422800000,2026-07-19T00:45:00Z,UP,NO,,64739.6,official-venue-resolution,t,f,t,f,f
doge,doge:1784421900000,1784421900000,1784422800000,2026-07-19T00:45:00Z,UP,YES,,0.0724762,official-venue-resolution,f,f,f,f,f
eth,eth:1784421900000,1784421900000,1784422800000,2026-07-19T00:45:00Z,UP,YES,,1859.85,official-venue-resolution,f,f,f,f,f
sol,sol:1784421900000,1784421900000,1784422800000,2026-07-19T00:45:00Z,UP,YES,,75.5112,official-venue-resolution,f,f,f,f,f
xrp,xrp:1784421900000,1784421900000,1784422800000,2026-07-19T00:45:00Z,UP,YES,,1.0935,official-venue-resolution,f,f,f,f,f
btc,btc:1784422800000,1784422800000,1784423700000,2026-07-19T01:00:00Z,DOWN,NO,,64739.54,official-venue-resolution,f,f,f,f,f
doge,doge:1784422800000,1784422800000,1784423700000,2026-07-19T01:00:00Z,DOWN,NO,,0.0724458,official-venue-resolution,f,f,f,f,f
eth,eth:1784422800000,1784422800000,1784423700000,2026-07-19T01:00:00Z,DOWN,NO,,1859.28,official-venue-resolution,f,f,f,f,f
sol,sol:1784422800000,1784422800000,1784423700000,2026-07-19T01:00:00Z,UP,YES,,75.536,official-venue-resolution,f,f,f,f,f
xrp,xrp:1784422800000,1784422800000,1784423700000,2026-07-19T01:00:00Z,DOWN,NO,,1.0923,official-venue-resolution,f,f,f,f,f
btc,btc:1784423700000,1784423700000,1784424600000,2026-07-19T01:15:00Z,DOWN,YES,,64740.23,official-venue-resolution,t,t,f,f,f
doge,doge:1784423700000,1784423700000,1784424600000,2026-07-19T01:15:00Z,UP,YES,,0.0725055,official-venue-resolution,f,f,f,f,f
eth,eth:1784423700000,1784423700000,1784424600000,2026-07-19T01:15:00Z,DOWN,YES,,1859.74,official-venue-resolution,t,t,f,f,f
sol,sol:1784423700000,1784423700000,1784424600000,2026-07-19T01:15:00Z,DOWN,YES,,75.5848,official-venue-resolution,t,t,f,f,f
xrp,xrp:1784423700000,1784423700000,1784424600000,2026-07-19T01:15:00Z,UP,YES,,1.0939,official-venue-resolution,f,f,f,f,f
btc,btc:1784424600000,1784424600000,1784425500000,2026-07-19T01:30:00Z,DOWN,NO,,64733.09,official-venue-resolution,f,f,f,f,f
doge,doge:1784424600000,1784424600000,1784425500000,2026-07-19T01:30:00Z,DOWN,NO,,0.0724166,official-venue-resolution,f,f,f,f,f
eth,eth:1784424600000,1784424600000,1784425500000,2026-07-19T01:30:00Z,DOWN,NO,,1858.12,official-venue-resolution,f,f,f,f,f
sol,sol:1784424600000,1784424600000,1784425500000,2026-07-19T01:30:00Z,UP,NO,,75.5042,official-venue-resolution,t,f,t,f,f
xrp,xrp:1784424600000,1784424600000,1784425500000,2026-07-19T01:30:00Z,DOWN,NO,,1.0931,official-venue-resolution,f,f,f,f,f
btc,btc:1784425500000,1784425500000,1784426400000,2026-07-19T01:45:00Z,DOWN,YES,,64736.18,official-venue-resolution,t,t,f,f,f
doge,doge:1784425500000,1784425500000,1784426400000,2026-07-19T01:45:00Z,DOWN,NO,,0.072379,official-venue-resolution,f,f,f,f,f
eth,eth:1784425500000,1784425500000,1784426400000,2026-07-19T01:45:00Z,UP,NO,,1857.98,official-venue-resolution,t,f,t,f,f
sol,sol:1784425500000,1784425500000,1784426400000,2026-07-19T01:45:00Z,UP,YES,,75.6223,official-venue-resolution,f,f,f,f,f
xrp,xrp:1784425500000,1784425500000,1784426400000,2026-07-19T01:45:00Z,UP,YES,,1.0932,official-venue-resolution,f,f,f,f,f
btc,btc:1784426400000,1784426400000,1784427300000,2026-07-19T02:00:00Z,UP,YES,,64863.02,official-venue-resolution,f,f,f,f,f
doge,doge:1784426400000,1784426400000,1784427300000,2026-07-19T02:00:00Z,UP,YES,,0.072662,official-venue-resolution,f,f,f,f,f
eth,eth:1784426400000,1784426400000,1784427300000,2026-07-19T02:00:00Z,UP,YES,,1869.96,official-venue-resolution,f,f,f,f,f
sol,sol:1784426400000,1784426400000,1784427300000,2026-07-19T02:00:00Z,UP,YES,,76.0642,official-venue-resolution,f,f,f,f,f
xrp,xrp:1784426400000,1784426400000,1784427300000,2026-07-19T02:00:00Z,UP,YES,,1.0975,official-venue-resolution,f,f,f,f,f
btc,btc:1784427300000,1784427300000,1784428200000,2026-07-19T02:15:00Z,DOWN,NO,,64788.48,official-venue-resolution,f,f,f,f,f
doge,doge:1784427300000,1784427300000,1784428200000,2026-07-19T02:15:00Z,DOWN,NO,,0.072551,official-venue-resolution,f,f,f,f,f
eth,eth:1784427300000,1784427300000,1784428200000,2026-07-19T02:15:00Z,DOWN,NO,,1867.09,official-venue-resolution,f,f,f,f,f
sol,sol:1784427300000,1784427300000,1784428200000,2026-07-19T02:15:00Z,DOWN,NO,,76.0183,official-venue-resolution,f,f,f,f,f
xrp,xrp:1784427300000,1784427300000,1784428200000,2026-07-19T02:15:00Z,DOWN,NO,,1.0958,official-venue-resolution,f,f,f,f,f
btc,btc:1784428200000,1784428200000,1784429100000,2026-07-19T02:30:00Z,UP,YES,,64804.27,official-venue-resolution,f,f,f,f,f
doge,doge:1784428200000,1784428200000,1784429100000,2026-07-19T02:30:00Z,UP,YES,,0.0726449,official-venue-resolution,f,f,f,f,f
eth,eth:1784428200000,1784428200000,1784429100000,2026-07-19T02:30:00Z,UP,YES,,1871.77,official-venue-resolution,f,f,f,f,f
sol,sol:1784428200000,1784428200000,1784429100000,2026-07-19T02:30:00Z,UP,YES,,76.2352,official-venue-resolution,f,f,f,f,f
xrp,xrp:1784428200000,1784428200000,1784429100000,2026-07-19T02:30:00Z,UP,YES,,1.0965,official-venue-resolution,f,f,f,f,f
btc,btc:1784429100000,1784429100000,1784430000000,2026-07-19T02:45:00Z,DOWN,NO,,64790.92,official-venue-resolution,f,f,f,f,f
doge,doge:1784429100000,1784429100000,1784430000000,2026-07-19T02:45:00Z,DOWN,NO,,0.0725913,official-venue-resolution,f,f,f,f,f
eth,eth:1784429100000,1784429100000,1784430000000,2026-07-19T02:45:00Z,DOWN,NO,,1870.56,official-venue-resolution,f,f,f,f,f
sol,sol:1784429100000,1784429100000,1784430000000,2026-07-19T02:45:00Z,DOWN,NO,,76.16,official-venue-resolution,f,f,f,f,f
xrp,xrp:1784429100000,1784429100000,1784430000000,2026-07-19T02:45:00Z,DOWN,YES,,1.0965,official-venue-resolution,t,t,f,f,f
btc,btc:1784430000000,1784430000000,1784430900000,2026-07-19T03:00:00Z,DOWN,NO,,64702.05,official-venue-resolution,f,f,f,f,f
doge,doge:1784430000000,1784430000000,1784430900000,2026-07-19T03:00:00Z,DOWN,NO,,0.0724764,official-venue-resolution,f,f,f,f,f
eth,eth:1784430000000,1784430000000,1784430900000,2026-07-19T03:00:00Z,DOWN,NO,,1867.04,official-venue-resolution,f,f,f,f,f
sol,sol:1784430000000,1784430000000,1784430900000,2026-07-19T03:00:00Z,DOWN,NO,,75.9828,official-venue-resolution,f,f,f,f,f
xrp,xrp:1784430000000,1784430000000,1784430900000,2026-07-19T03:00:00Z,DOWN,NO,,1.0953,official-venue-resolution,f,f,f,f,f
btc,btc:1784430900000,1784430900000,1784431800000,2026-07-19T03:15:00Z,DOWN,NO,,64627.76,official-venue-resolution,f,f,f,f,f
doge,doge:1784430900000,1784430900000,1784431800000,2026-07-19T03:15:00Z,DOWN,NO,,0.0723478,official-venue-resolution,f,f,f,f,f
eth,eth:1784430900000,1784430900000,1784431800000,2026-07-19T03:15:00Z,DOWN,NO,,1864.26,official-venue-resolution,f,f,f,f,f
sol,sol:1784430900000,1784430900000,1784431800000,2026-07-19T03:15:00Z,DOWN,NO,,75.8505,official-venue-resolution,f,f,f,f,f
xrp,xrp:1784430900000,1784430900000,1784431800000,2026-07-19T03:15:00Z,DOWN,NO,,1.0931,official-venue-resolution,f,f,f,f,f
btc,btc:1784431800000,1784431800000,1784432700000,2026-07-19T03:30:00Z,DOWN,NO,,64625.28,official-venue-resolution,f,f,f,f,f
doge,doge:1784431800000,1784431800000,1784432700000,2026-07-19T03:30:00Z,UP,YES,,0.0724128,official-venue-resolution,f,f,f,f,f
eth,eth:1784431800000,1784431800000,1784432700000,2026-07-19T03:30:00Z,UP,NO,,1864.23,official-venue-resolution,t,f,t,f,f
sol,sol:1784431800000,1784431800000,1784432700000,2026-07-19T03:30:00Z,UP,YES,,75.8723,official-venue-resolution,f,f,f,f,f
xrp,xrp:1784431800000,1784431800000,1784432700000,2026-07-19T03:30:00Z,UP,YES,,1.0941,official-venue-resolution,f,f,f,f,f
btc,btc:1784432700000,1784432700000,1784433600000,2026-07-19T03:45:00Z,UP,YES,,64665.55,official-venue-resolution,f,f,f,f,f
doge,doge:1784432700000,1784432700000,1784433600000,2026-07-19T03:45:00Z,DOWN,NO,,0.0723775,official-venue-resolution,f,f,f,f,f
eth,eth:1784432700000,1784432700000,1784433600000,2026-07-19T03:45:00Z,UP,YES,,1865.76,official-venue-resolution,f,f,f,f,f
sol,sol:1784432700000,1784432700000,1784433600000,2026-07-19T03:45:00Z,UP,NO,,75.8582,official-venue-resolution,t,f,t,f,f
xrp,xrp:1784432700000,1784432700000,1784433600000,2026-07-19T03:45:00Z,UP,YES,,1.0943,official-venue-resolution,f,f,f,f,f
btc,btc:1784433600000,1784433600000,1784434500000,2026-07-19T04:00:00Z,DOWN,NO,,64606.19,official-venue-resolution,f,f,f,f,f
doge,doge:1784433600000,1784433600000,1784434500000,2026-07-19T04:00:00Z,DOWN,NO,,0.0722525,official-venue-resolution,f,f,f,f,f
eth,eth:1784433600000,1784433600000,1784434500000,2026-07-19T04:00:00Z,DOWN,NO,,1864.22,official-venue-resolution,f,f,f,f,f
sol,sol:1784433600000,1784433600000,1784434500000,2026-07-19T04:00:00Z,DOWN,NO,,75.7358,official-venue-resolution,f,f,f,f,f
xrp,xrp:1784433600000,1784433600000,1784434500000,2026-07-19T04:00:00Z,DOWN,NO,,1.0935,official-venue-resolution,f,f,f,f,f
btc,btc:1784434500000,1784434500000,1784435400000,2026-07-19T04:15:00Z,UP,YES,,64673.63,official-venue-resolution,f,f,f,f,f
doge,doge:1784434500000,1784434500000,1784435400000,2026-07-19T04:15:00Z,UP,YES,,0.0722927,official-venue-resolution,f,f,f,f,f
eth,eth:1784434500000,1784434500000,1784435400000,2026-07-19T04:15:00Z,UP,YES,,1865.44,official-venue-resolution,f,f,f,f,f
sol,sol:1784434500000,1784434500000,1784435400000,2026-07-19T04:15:00Z,UP,YES,,75.8477,official-venue-resolution,f,f,f,f,f
xrp,xrp:1784434500000,1784434500000,1784435400000,2026-07-19T04:15:00Z,UP,YES,,1.0949,official-venue-resolution,f,f,f,f,f
btc,btc:1784435400000,1784435400000,1784436300000,2026-07-19T04:30:00Z,UP,YES,,64726.41,official-venue-resolution,f,f,f,f,f
doge,doge:1784435400000,1784435400000,1784436300000,2026-07-19T04:30:00Z,UP,YES,,0.0723676,official-venue-resolution,f,f,f,f,f
eth,eth:1784435400000,1784435400000,1784436300000,2026-07-19T04:30:00Z,UP,YES,,1867.3,official-venue-resolution,f,f,f,f,f
sol,sol:1784435400000,1784435400000,1784436300000,2026-07-19T04:30:00Z,UP,YES,,75.95,official-venue-resolution,f,f,f,f,f
xrp,xrp:1784435400000,1784435400000,1784436300000,2026-07-19T04:30:00Z,UP,YES,,1.0973,official-venue-resolution,f,f,f,f,f
btc,btc:1784436300000,1784436300000,1784437200000,2026-07-19T04:45:00Z,DOWN,NO,,64683.68,official-venue-resolution,f,f,f,f,f
doge,doge:1784436300000,1784436300000,1784437200000,2026-07-19T04:45:00Z,DOWN,NO,,0.0723109,official-venue-resolution,f,f,f,f,f
eth,eth:1784436300000,1784436300000,1784437200000,2026-07-19T04:45:00Z,DOWN,NO,,1866.18,official-venue-resolution,f,f,f,f,f
sol,sol:1784436300000,1784436300000,1784437200000,2026-07-19T04:45:00Z,UP,NO,,75.9217,official-venue-resolution,t,f,t,f,f
xrp,xrp:1784436300000,1784436300000,1784437200000,2026-07-19T04:45:00Z,DOWN,NO,,1.0959,official-venue-resolution,f,f,f,f,f
btc,btc:1784437200000,1784437200000,1784438100000,2026-07-19T05:00:00Z,UP,YES,,64741.59,official-venue-resolution,f,f,f,f,f
doge,doge:1784437200000,1784437200000,1784438100000,2026-07-19T05:00:00Z,UP,YES,,0.0724322,official-venue-resolution,f,f,f,f,f
eth,eth:1784437200000,1784437200000,1784438100000,2026-07-19T05:00:00Z,UP,YES,,1868.77,official-venue-resolution,f,f,f,f,f
sol,sol:1784437200000,1784437200000,1784438100000,2026-07-19T05:00:00Z,UP,YES,,76.0472,official-venue-resolution,f,f,f,f,f
xrp,xrp:1784437200000,1784437200000,1784438100000,2026-07-19T05:00:00Z,DOWN,NO,,1.0957,official-venue-resolution,f,f,f,f,f
btc,btc:1784438100000,1784438100000,1784439000000,2026-07-19T05:15:00Z,DOWN,NO,,64684.32,official-venue-resolution,f,f,f,f,f
doge,doge:1784438100000,1784438100000,1784439000000,2026-07-19T05:15:00Z,DOWN,NO,,0.0723547,official-venue-resolution,f,f,f,f,f
eth,eth:1784438100000,1784438100000,1784439000000,2026-07-19T05:15:00Z,DOWN,NO,,1867.45,official-venue-resolution,f,f,f,f,f
sol,sol:1784438100000,1784438100000,1784439000000,2026-07-19T05:15:00Z,DOWN,NO,,75.9635,official-venue-resolution,f,f,f,f,f
xrp,xrp:1784438100000,1784438100000,1784439000000,2026-07-19T05:15:00Z,DOWN,NO,,1.0955,official-venue-resolution,f,f,f,f,f
btc,btc:1784439000000,1784439000000,1784439900000,2026-07-19T05:30:00Z,DOWN,NO,,64660.62,official-venue-resolution,f,f,f,f,f
doge,doge:1784439000000,1784439000000,1784439900000,2026-07-19T05:30:00Z,DOWN,NO,,0.0723055,official-venue-resolution,f,f,f,f,f
eth,eth:1784439000000,1784439000000,1784439900000,2026-07-19T05:30:00Z,DOWN,NO,,1866.4,official-venue-resolution,f,f,f,f,f
sol,sol:1784439000000,1784439000000,1784439900000,2026-07-19T05:30:00Z,DOWN,NO,,75.915,official-venue-resolution,f,f,f,f,f
xrp,xrp:1784439000000,1784439000000,1784439900000,2026-07-19T05:30:00Z,UP,YES,,1.096,official-venue-resolution,f,f,f,f,f
btc,btc:1784439900000,1784439900000,1784440800000,2026-07-19T05:45:00Z,UP,YES,,64686.07,official-venue-resolution,f,f,f,f,f
doge,doge:1784439900000,1784439900000,1784440800000,2026-07-19T05:45:00Z,UP,YES,,0.0723103,official-venue-resolution,f,f,f,f,f
eth,eth:1784439900000,1784439900000,1784440800000,2026-07-19T05:45:00Z,UP,YES,,1867.58,official-venue-resolution,f,f,f,f,f
sol,sol:1784439900000,1784439900000,1784440800000,2026-07-19T05:45:00Z,UP,YES,,75.9403,official-venue-resolution,f,f,f,f,f
xrp,xrp:1784439900000,1784439900000,1784440800000,2026-07-19T05:45:00Z,UP,YES,,1.0961,official-venue-resolution,f,f,f,f,f
btc,btc:1784440800000,1784440800000,1784441700000,2026-07-19T06:00:00Z,DOWN,YES,,64689.4,official-venue-resolution,t,t,f,f,f
doge,doge:1784440800000,1784440800000,1784441700000,2026-07-19T06:00:00Z,UP,YES,,0.0723663,official-venue-resolution,f,f,f,f,f
eth,eth:1784440800000,1784440800000,1784441700000,2026-07-19T06:00:00Z,UP,YES,,1868.5,official-venue-resolution,f,f,f,f,f
sol,sol:1784440800000,1784440800000,1784441700000,2026-07-19T06:00:00Z,UP,YES,,75.9863,official-venue-resolution,f,f,f,f,f
xrp,xrp:1784440800000,1784440800000,1784441700000,2026-07-19T06:00:00Z,UP,YES,,1.0969,official-venue-resolution,f,f,f,f,f
btc,btc:1784441700000,1784441700000,1784442600000,2026-07-19T06:15:00Z,UP,YES,,64693,official-venue-resolution,f,f,f,f,f
doge,doge:1784441700000,1784441700000,1784442600000,2026-07-19T06:15:00Z,UP,YES,,0.0724053,official-venue-resolution,f,f,f,f,f
eth,eth:1784441700000,1784441700000,1784442600000,2026-07-19T06:15:00Z,DOWN,NO,,1868.12,official-venue-resolution,f,f,f,f,f
sol,sol:1784441700000,1784441700000,1784442600000,2026-07-19T06:15:00Z,DOWN,YES,,76.0053,official-venue-resolution,t,t,f,f,f
xrp,xrp:1784441700000,1784441700000,1784442600000,2026-07-19T06:15:00Z,DOWN,NO,,1.0963,official-venue-resolution,f,f,f,f,f
btc,btc:1784442600000,1784442600000,1784443500000,2026-07-19T06:30:00Z,UP,YES,,64693.06,official-venue-resolution,f,f,f,f,f
doge,doge:1784442600000,1784442600000,1784443500000,2026-07-19T06:30:00Z,UP,YES,,0.072439,official-venue-resolution,f,f,f,f,f
eth,eth:1784442600000,1784442600000,1784443500000,2026-07-19T06:30:00Z,UP,YES,,1868.87,official-venue-resolution,f,f,f,f,f
sol,sol:1784442600000,1784442600000,1784443500000,2026-07-19T06:30:00Z,UP,NO,,75.965,official-venue-resolution,t,f,t,f,f
xrp,xrp:1784442600000,1784442600000,1784443500000,2026-07-19T06:30:00Z,DOWN,NO,,1.0958,official-venue-resolution,f,f,f,f,f
btc,btc:1784443500000,1784443500000,1784444400000,2026-07-19T06:45:00Z,DOWN,NO,,64675.68,official-venue-resolution,f,f,f,f,f
doge,doge:1784443500000,1784443500000,1784444400000,2026-07-19T06:45:00Z,DOWN,YES,,0.0724457,official-venue-resolution,t,t,f,f,f
eth,eth:1784443500000,1784443500000,1784444400000,2026-07-19T06:45:00Z,DOWN,NO,,1868.2,official-venue-resolution,f,f,f,f,f
sol,sol:1784443500000,1784443500000,1784444400000,2026-07-19T06:45:00Z,UP,YES,,76.0627,official-venue-resolution,f,f,f,f,f
xrp,xrp:1784443500000,1784443500000,1784444400000,2026-07-19T06:45:00Z,UP,YES,,1.0961,official-venue-resolution,f,f,f,f,f
btc,btc:1784444400000,1784444400000,1784445300000,2026-07-19T07:00:00Z,DOWN,NO,,64659.41,official-venue-resolution,f,f,f,f,f
doge,doge:1784444400000,1784444400000,1784445300000,2026-07-19T07:00:00Z,DOWN,NO,,0.072383,official-venue-resolution,f,f,f,f,f
eth,eth:1784444400000,1784444400000,1784445300000,2026-07-19T07:00:00Z,DOWN,NO,,1866.8,official-venue-resolution,f,f,f,f,f
sol,sol:1784444400000,1784444400000,1784445300000,2026-07-19T07:00:00Z,DOWN,NO,,76.0087,official-venue-resolution,f,f,f,f,f
xrp,xrp:1784444400000,1784444400000,1784445300000,2026-07-19T07:00:00Z,UP,NO,,1.0958,official-venue-resolution,t,f,t,f,f
btc,btc:1784445300000,1784445300000,1784446200000,2026-07-19T07:15:00Z,UP,YES,,64684.08,official-venue-resolution,f,f,f,f,f
doge,doge:1784445300000,1784445300000,1784446200000,2026-07-19T07:15:00Z,UP,YES,,0.0724855,official-venue-resolution,f,f,f,f,f
eth,eth:1784445300000,1784445300000,1784446200000,2026-07-19T07:15:00Z,UP,YES,,1868.24,official-venue-resolution,f,f,f,f,f
sol,sol:1784445300000,1784445300000,1784446200000,2026-07-19T07:15:00Z,UP,YES,,76.1767,official-venue-resolution,f,f,f,f,f
xrp,xrp:1784445300000,1784445300000,1784446200000,2026-07-19T07:15:00Z,UP,YES,,1.0962,official-venue-resolution,f,f,f,f,f
btc,btc:1784446200000,1784446200000,1784447100000,2026-07-19T07:30:00Z,UP,YES,,64728.3,official-venue-resolution,f,f,f,f,f
doge,doge:1784446200000,1784446200000,1784447100000,2026-07-19T07:30:00Z,UP,YES,,0.0725424,official-venue-resolution,f,f,f,f,f
eth,eth:1784446200000,1784446200000,1784447100000,2026-07-19T07:30:00Z,UP,YES,,1869.83,official-venue-resolution,f,f,f,f,f
sol,sol:1784446200000,1784446200000,1784447100000,2026-07-19T07:30:00Z,UP,YES,,76.19,official-venue-resolution,f,f,f,f,f
xrp,xrp:1784446200000,1784446200000,1784447100000,2026-07-19T07:30:00Z,UP,YES,,1.0963,official-venue-resolution,f,f,f,f,f
btc,btc:1784447100000,1784447100000,1784448000000,2026-07-19T07:45:00Z,DOWN,NO,,64642.89,official-venue-resolution,f,f,f,f,f
doge,doge:1784447100000,1784447100000,1784448000000,2026-07-19T07:45:00Z,DOWN,NO,,0.0723938,official-venue-resolution,f,f,f,f,f
eth,eth:1784447100000,1784447100000,1784448000000,2026-07-19T07:45:00Z,DOWN,NO,,1868.17,official-venue-resolution,f,f,f,f,f
sol,sol:1784447100000,1784447100000,1784448000000,2026-07-19T07:45:00Z,DOWN,NO,,76.0558,official-venue-resolution,f,f,f,f,f
xrp,xrp:1784447100000,1784447100000,1784448000000,2026-07-19T07:45:00Z,DOWN,NO,,1.0947,official-venue-resolution,f,f,f,f,f
btc,btc:1784448000000,1784448000000,1784448900000,2026-07-19T08:00:00Z,DOWN,YES,,64685.21,official-venue-resolution,t,t,f,f,f
doge,doge:1784448000000,1784448000000,1784448900000,2026-07-19T08:00:00Z,UP,YES,,0.0726101,official-venue-resolution,f,f,f,f,f
eth,eth:1784448000000,1784448000000,1784448900000,2026-07-19T08:00:00Z,UP,YES,,1869.74,official-venue-resolution,f,f,f,f,f
sol,sol:1784448000000,1784448000000,1784448900000,2026-07-19T08:00:00Z,UP,YES,,76.2373,official-venue-resolution,f,f,f,f,f
xrp,xrp:1784448000000,1784448000000,1784448900000,2026-07-19T08:00:00Z,UP,YES,,1.0967,official-venue-resolution,f,f,f,f,f
btc,btc:1784448900000,1784448900000,1784449800000,2026-07-19T08:15:00Z,DOWN,NO,,64630.89,official-venue-resolution,f,f,f,f,f
doge,doge:1784448900000,1784448900000,1784449800000,2026-07-19T08:15:00Z,DOWN,NO,,0.0725382,official-venue-resolution,f,f,f,f,f
eth,eth:1784448900000,1784448900000,1784449800000,2026-07-19T08:15:00Z,DOWN,NO,,1867.78,official-venue-resolution,f,f,f,f,f
sol,sol:1784448900000,1784448900000,1784449800000,2026-07-19T08:15:00Z,DOWN,NO,,76.1653,official-venue-resolution,f,f,f,f,f
xrp,xrp:1784448900000,1784448900000,1784449800000,2026-07-19T08:15:00Z,DOWN,NO,,1.0962,official-venue-resolution,f,f,f,f,f
btc,btc:1784449800000,1784449800000,1784450700000,2026-07-19T08:30:00Z,DOWN,NO,,64619.21,official-venue-resolution,f,f,f,f,f
doge,doge:1784449800000,1784449800000,1784450700000,2026-07-19T08:30:00Z,UP,YES,,0.0725832,official-venue-resolution,f,f,f,f,f
eth,eth:1784449800000,1784449800000,1784450700000,2026-07-19T08:30:00Z,UP,YES,,1869.59,official-venue-resolution,f,f,f,f,f
sol,sol:1784449800000,1784449800000,1784450700000,2026-07-19T08:30:00Z,UP,YES,,76.228,official-venue-resolution,f,f,f,f,f
xrp,xrp:1784449800000,1784449800000,1784450700000,2026-07-19T08:30:00Z,DOWN,YES,,1.0965,official-venue-resolution,t,t,f,f,f
btc,btc:1784450700000,1784450700000,1784451600000,2026-07-19T08:45:00Z,UP,YES,,64667.34,official-venue-resolution,f,f,f,f,f
doge,doge:1784450700000,1784450700000,1784451600000,2026-07-19T08:45:00Z,UP,YES,,0.072608,official-venue-resolution,f,f,f,f,f
eth,eth:1784450700000,1784450700000,1784451600000,2026-07-19T08:45:00Z,UP,YES,,1872.16,official-venue-resolution,f,f,f,f,f
sol,sol:1784450700000,1784450700000,1784451600000,2026-07-19T08:45:00Z,UP,NO,,76.1973,official-venue-resolution,t,f,t,f,f
xrp,xrp:1784450700000,1784450700000,1784451600000,2026-07-19T08:45:00Z,UP,YES,,1.0975,official-venue-resolution,f,f,f,f,f
btc,btc:1784451600000,1784451600000,1784452500000,2026-07-19T09:00:00Z,DOWN,NO,,64613.96,official-venue-resolution,f,f,f,f,f
doge,doge:1784451600000,1784451600000,1784452500000,2026-07-19T09:00:00Z,DOWN,YES,,0.072628,official-venue-resolution,t,t,f,f,f
eth,eth:1784451600000,1784451600000,1784452500000,2026-07-19T09:00:00Z,DOWN,NO,,1870.19,official-venue-resolution,f,f,f,f,f
sol,sol:1784451600000,1784451600000,1784452500000,2026-07-19T09:00:00Z,DOWN,NO,,76.107,official-venue-resolution,f,f,f,f,f
xrp,xrp:1784451600000,1784451600000,1784452500000,2026-07-19T09:00:00Z,DOWN,NO,,1.0968,official-venue-resolution,f,f,f,f,f
btc,btc:1784452500000,1784452500000,1784453400000,2026-07-19T09:15:00Z,DOWN,NO,,64538.34,official-venue-resolution,f,f,f,f,f
doge,doge:1784452500000,1784452500000,1784453400000,2026-07-19T09:15:00Z,DOWN,NO,,0.0725186,official-venue-resolution,f,f,f,f,f
eth,eth:1784452500000,1784452500000,1784453400000,2026-07-19T09:15:00Z,DOWN,NO,,1867.47,official-venue-resolution,f,f,f,f,f
sol,sol:1784452500000,1784452500000,1784453400000,2026-07-19T09:15:00Z,DOWN,NO,,76,official-venue-resolution,f,f,f,f,f
xrp,xrp:1784452500000,1784452500000,1784453400000,2026-07-19T09:15:00Z,DOWN,NO,,1.0957,official-venue-resolution,f,f,f,f,f
btc,btc:1784453400000,1784453400000,1784454300000,2026-07-19T09:30:00Z,DOWN,NO,,64481.1,official-venue-resolution,f,f,f,f,f
doge,doge:1784453400000,1784453400000,1784454300000,2026-07-19T09:30:00Z,DOWN,NO,,0.0724076,official-venue-resolution,f,f,f,f,f
eth,eth:1784453400000,1784453400000,1784454300000,2026-07-19T09:30:00Z,DOWN,NO,,1865.7,official-venue-resolution,f,f,f,f,f
sol,sol:1784453400000,1784453400000,1784454300000,2026-07-19T09:30:00Z,DOWN,NO,,75.9367,official-venue-resolution,f,f,f,f,f
xrp,xrp:1784453400000,1784453400000,1784454300000,2026-07-19T09:30:00Z,DOWN,NO,,1.0946,official-venue-resolution,f,f,f,f,f
btc,btc:1784454300000,1784454300000,1784455200000,2026-07-19T09:45:00Z,DOWN,YES,,64486.14,official-venue-resolution,t,t,f,f,f
doge,doge:1784454300000,1784454300000,1784455200000,2026-07-19T09:45:00Z,UP,YES,,0.0724714,official-venue-resolution,f,f,f,f,f
eth,eth:1784454300000,1784454300000,1784455200000,2026-07-19T09:45:00Z,DOWN,NO,,1865.38,official-venue-resolution,f,f,f,f,f
sol,sol:1784454300000,1784454300000,1784455200000,2026-07-19T09:45:00Z,UP,YES,,75.978,official-venue-resolution,f,f,f,f,f
xrp,xrp:1784454300000,1784454300000,1784455200000,2026-07-19T09:45:00Z,UP,YES,,1.0953,official-venue-resolution,f,f,f,f,f
btc,btc:1784455200000,1784455200000,1784456100000,2026-07-19T10:00:00Z,UP,YES,,64537.26,official-venue-resolution,f,f,f,f,f
doge,doge:1784455200000,1784455200000,1784456100000,2026-07-19T10:00:00Z,UP,NO,,0.0724652,official-venue-resolution,t,f,t,f,f
eth,eth:1784455200000,1784455200000,1784456100000,2026-07-19T10:00:00Z,DOWN,YES,,1865.48,official-venue-resolution,t,t,f,f,f
sol,sol:1784455200000,1784455200000,1784456100000,2026-07-19T10:00:00Z,UP,YES,,75.9818,official-venue-resolution,f,f,f,f,f
xrp,xrp:1784455200000,1784455200000,1784456100000,2026-07-19T10:00:00Z,DOWN,NO,,1.095,official-venue-resolution,f,f,f,f,f
btc,btc:1784456100000,1784456100000,1784457000000,2026-07-19T10:15:00Z,UP,YES,,64580.55,official-venue-resolution,f,f,f,f,f
doge,doge:1784456100000,1784456100000,1784457000000,2026-07-19T10:15:00Z,UP,YES,,0.072584,official-venue-resolution,f,f,f,f,f
eth,eth:1784456100000,1784456100000,1784457000000,2026-07-19T10:15:00Z,UP,YES,,1867.01,official-venue-resolution,f,f,f,f,f
sol,sol:1784456100000,1784456100000,1784457000000,2026-07-19T10:15:00Z,UP,YES,,76.0368,official-venue-resolution,f,f,f,f,f
xrp,xrp:1784456100000,1784456100000,1784457000000,2026-07-19T10:15:00Z,UP,YES,,1.0951,official-venue-resolution,f,f,f,f,f
btc,btc:1784457000000,1784457000000,1784457900000,2026-07-19T10:30:00Z,UP,YES,,64624.38,official-venue-resolution,f,f,f,f,f
doge,doge:1784457000000,1784457000000,1784457900000,2026-07-19T10:30:00Z,DOWN,NO,,0.0725065,official-venue-resolution,f,f,f,f,f
eth,eth:1784457000000,1784457000000,1784457900000,2026-07-19T10:30:00Z,UP,YES,,1870.07,official-venue-resolution,f,f,f,f,f
sol,sol:1784457000000,1784457000000,1784457900000,2026-07-19T10:30:00Z,UP,YES,,76.1622,official-venue-resolution,f,f,f,f,f
xrp,xrp:1784457000000,1784457000000,1784457900000,2026-07-19T10:30:00Z,UP,YES,,1.0962,official-venue-resolution,f,f,f,f,f
btc,btc:1784457900000,1784457900000,1784458800000,2026-07-19T10:45:00Z,DOWN,NO,64547.2870576859,64537.61,official-venue-resolution,f,f,f,f,f
doge,doge:1784457900000,1784457900000,1784458800000,2026-07-19T10:45:00Z,UP,YES,0.07257303348571792,0.0725773,official-venue-resolution,f,f,f,f,f
eth,eth:1784457900000,1784457900000,1784458800000,2026-07-19T10:45:00Z,UP,YES,1870.99565,1871.18,official-venue-resolution,f,f,f,f,f
sol,sol:1784457900000,1784457900000,1784458800000,2026-07-19T10:45:00Z,UP,YES,76.21716970116493,76.2327,official-venue-resolution,f,f,f,f,f
xrp,xrp:1784457900000,1784457900000,1784458800000,2026-07-19T10:45:00Z,UP,YES,1.097220727588276,1.0973,official-venue-resolution,f,f,f,f,f
btc,btc:1784482200000,1784482200000,1784483100000,2026-07-19T17:30:00Z,DOWN,NO,,64584.73,official-venue-resolution,f,f,f,f,f
doge,doge:1784482200000,1784482200000,1784483100000,2026-07-19T17:30:00Z,DOWN,NO,,0.0722889,official-venue-resolution,f,f,f,f,f
eth,eth:1784482200000,1784482200000,1784483100000,2026-07-19T17:30:00Z,DOWN,NO,,1868.03,official-venue-resolution,f,f,f,f,f
sol,sol:1784482200000,1784482200000,1784483100000,2026-07-19T17:30:00Z,DOWN,NO,,75.9528,official-venue-resolution,f,f,f,f,f
xrp,xrp:1784482200000,1784482200000,1784483100000,2026-07-19T17:30:00Z,UP,YES,,1.0947,official-venue-resolution,f,f,f,f,f
btc,btc:1784483100000,1784483100000,1784484000000,2026-07-19T17:45:00Z,DOWN,NO,,64512.13,official-venue-resolution,f,f,f,f,f
doge,doge:1784483100000,1784483100000,1784484000000,2026-07-19T17:45:00Z,DOWN,NO,,0.0722209,official-venue-resolution,f,f,f,f,f
eth,eth:1784483100000,1784483100000,1784484000000,2026-07-19T17:45:00Z,DOWN,NO,,1866.17,official-venue-resolution,f,f,f,f,f
sol,sol:1784483100000,1784483100000,1784484000000,2026-07-19T17:45:00Z,DOWN,NO,,75.9227,official-venue-resolution,f,f,f,f,f
xrp,xrp:1784483100000,1784483100000,1784484000000,2026-07-19T17:45:00Z,DOWN,NO,,1.0939,official-venue-resolution,f,f,f,f,f
btc,btc:1784484000000,1784484000000,1784484900000,2026-07-19T18:00:00Z,DOWN,NO,,64447.16,official-venue-resolution,f,f,f,f,f
doge,doge:1784484000000,1784484000000,1784484900000,2026-07-19T18:00:00Z,DOWN,NO,,0.072074,official-venue-resolution,f,f,f,f,f
eth,eth:1784484000000,1784484000000,1784484900000,2026-07-19T18:00:00Z,DOWN,NO,,1861.99,official-venue-resolution,f,f,f,f,f
sol,sol:1784484000000,1784484000000,1784484900000,2026-07-19T18:00:00Z,DOWN,NO,,75.6608,official-venue-resolution,f,f,f,f,f
xrp,xrp:1784484000000,1784484000000,1784484900000,2026-07-19T18:00:00Z,DOWN,NO,,1.0923,official-venue-resolution,f,f,f,f,f
btc,btc:1784484900000,1784484900000,1784485800000,2026-07-19T18:15:00Z,DOWN,NO,,64375.93,official-venue-resolution,f,f,f,f,f
doge,doge:1784484900000,1784484900000,1784485800000,2026-07-19T18:15:00Z,DOWN,NO,,0.0719041,official-venue-resolution,f,f,f,f,f
eth,eth:1784484900000,1784484900000,1784485800000,2026-07-19T18:15:00Z,DOWN,NO,,1857.83,official-venue-resolution,f,f,f,f,f
sol,sol:1784484900000,1784484900000,1784485800000,2026-07-19T18:15:00Z,DOWN,NO,,75.54,official-venue-resolution,f,f,f,f,f
xrp,xrp:1784484900000,1784484900000,1784485800000,2026-07-19T18:15:00Z,DOWN,NO,,1.0901,official-venue-resolution,f,f,f,f,f
btc,btc:1784485800000,1784485800000,1784486700000,2026-07-19T18:30:00Z,UP,YES,,64388.64,official-venue-resolution,f,f,f,f,f
doge,doge:1784485800000,1784485800000,1784486700000,2026-07-19T18:30:00Z,UP,YES,,0.0719417,official-venue-resolution,f,f,f,f,f
eth,eth:1784485800000,1784485800000,1784486700000,2026-07-19T18:30:00Z,UP,YES,,1858.54,official-venue-resolution,f,f,f,f,f
sol,sol:1784485800000,1784485800000,1784486700000,2026-07-19T18:30:00Z,UP,YES,,75.6443,official-venue-resolution,f,f,f,f,f
xrp,xrp:1784485800000,1784485800000,1784486700000,2026-07-19T18:30:00Z,UP,YES,,1.0917,official-venue-resolution,f,f,f,f,f
btc,btc:1784486700000,1784486700000,1784487600000,2026-07-19T18:45:00Z,DOWN,NO,,64370.86,official-venue-resolution,f,f,f,f,f
doge,doge:1784486700000,1784486700000,1784487600000,2026-07-19T18:45:00Z,UP,YES,,0.0719942,official-venue-resolution,f,f,f,f,f
eth,eth:1784486700000,1784486700000,1784487600000,2026-07-19T18:45:00Z,UP,YES,,1859.2,official-venue-resolution,f,f,f,f,f
sol,sol:1784486700000,1784486700000,1784487600000,2026-07-19T18:45:00Z,UP,YES,,75.6815,official-venue-resolution,f,f,f,f,f
xrp,xrp:1784486700000,1784486700000,1784487600000,2026-07-19T18:45:00Z,UP,NO,,1.0915,official-venue-resolution,t,f,t,f,f
btc,btc:1784487600000,1784487600000,1784488500000,2026-07-19T19:00:00Z,UP,YES,,64404.93,official-venue-resolution,f,f,f,f,f
doge,doge:1784487600000,1784487600000,1784488500000,2026-07-19T19:00:00Z,UP,YES,,0.0720879,official-venue-resolution,f,f,f,f,f
eth,eth:1784487600000,1784487600000,1784488500000,2026-07-19T19:00:00Z,DOWN,NO,,1858.47,official-venue-resolution,f,f,f,f,f
sol,sol:1784487600000,1784487600000,1784488500000,2026-07-19T19:00:00Z,UP,YES,,75.79,official-venue-resolution,f,f,f,f,f
xrp,xrp:1784487600000,1784487600000,1784488500000,2026-07-19T19:00:00Z,UP,YES,,1.0927,official-venue-resolution,f,f,f,f,f
btc,btc:1784488500000,1784488500000,1784489400000,2026-07-19T19:15:00Z,DOWN,NO,,64401.47,official-venue-resolution,f,f,f,f,f
doge,doge:1784488500000,1784488500000,1784489400000,2026-07-19T19:15:00Z,UP,YES,,0.0721373,official-venue-resolution,f,f,f,f,f
eth,eth:1784488500000,1784488500000,1784489400000,2026-07-19T19:15:00Z,UP,YES,,1858.83,official-venue-resolution,f,f,f,f,f
sol,sol:1784488500000,1784488500000,1784489400000,2026-07-19T19:15:00Z,DOWN,NO,,75.7897,official-venue-resolution,f,f,f,f,f
xrp,xrp:1784488500000,1784488500000,1784489400000,2026-07-19T19:15:00Z,DOWN,NO,,1.0926,official-venue-resolution,f,f,f,f,f
btc,btc:1784489400000,1784489400000,1784490300000,2026-07-19T19:30:00Z,DOWN,NO,,64377.87,official-venue-resolution,f,f,f,f,f
doge,doge:1784489400000,1784489400000,1784490300000,2026-07-19T19:30:00Z,UP,YES,,0.0721677,official-venue-resolution,f,f,f,f,f
eth,eth:1784489400000,1784489400000,1784490300000,2026-07-19T19:30:00Z,DOWN,NO,,1857.81,official-venue-resolution,f,f,f,f,f
sol,sol:1784489400000,1784489400000,1784490300000,2026-07-19T19:30:00Z,DOWN,NO,,75.7367,official-venue-resolution,f,f,f,f,f
xrp,xrp:1784489400000,1784489400000,1784490300000,2026-07-19T19:30:00Z,UP,YES,,1.0932,official-venue-resolution,f,f,f,f,f
btc,btc:1784490300000,1784490300000,1784491200000,2026-07-19T19:45:00Z,UP,YES,,64416.46,official-venue-resolution,f,f,f,f,f
doge,doge:1784490300000,1784490300000,1784491200000,2026-07-19T19:45:00Z,UP,YES,,0.0722269,official-venue-resolution,f,f,f,f,f
eth,eth:1784490300000,1784490300000,1784491200000,2026-07-19T19:45:00Z,UP,YES,,1860.66,official-venue-resolution,f,f,f,f,f
sol,sol:1784490300000,1784490300000,1784491200000,2026-07-19T19:45:00Z,UP,YES,,75.8182,official-venue-resolution,f,f,f,f,f
xrp,xrp:1784490300000,1784490300000,1784491200000,2026-07-19T19:45:00Z,UP,YES,,1.0939,official-venue-resolution,f,f,f,f,f
btc,btc:1784491200000,1784491200000,1784492100000,2026-07-19T20:00:00Z,UP,YES,,64469.32,official-venue-resolution,f,f,f,f,f
doge,doge:1784491200000,1784491200000,1784492100000,2026-07-19T20:00:00Z,UP,YES,,0.0722818,official-venue-resolution,f,f,f,f,f
eth,eth:1784491200000,1784491200000,1784492100000,2026-07-19T20:00:00Z,UP,YES,,1862.73,official-venue-resolution,f,f,f,f,f
sol,sol:1784491200000,1784491200000,1784492100000,2026-07-19T20:00:00Z,UP,YES,,75.9082,official-venue-resolution,f,f,f,f,f
xrp,xrp:1784491200000,1784491200000,1784492100000,2026-07-19T20:00:00Z,UP,YES,,1.0967,official-venue-resolution,f,f,f,f,f
btc,btc:1784492100000,1784492100000,1784493000000,2026-07-19T20:15:00Z,DOWN,NO,,64451.46,official-venue-resolution,f,f,f,f,f
doge,doge:1784492100000,1784492100000,1784493000000,2026-07-19T20:15:00Z,DOWN,NO,,0.0722546,official-venue-resolution,f,f,f,f,f
eth,eth:1784492100000,1784492100000,1784493000000,2026-07-19T20:15:00Z,UP,YES,,1862.74,official-venue-resolution,f,f,f,f,f
sol,sol:1784492100000,1784492100000,1784493000000,2026-07-19T20:15:00Z,UP,NO,,75.9055,official-venue-resolution,t,f,t,f,f
xrp,xrp:1784492100000,1784492100000,1784493000000,2026-07-19T20:15:00Z,DOWN,NO,,1.0958,official-venue-resolution,f,f,f,f,f
btc,btc:1784493000000,1784493000000,1784493900000,2026-07-19T20:30:00Z,UP,YES,,64458.95,official-venue-resolution,f,f,f,f,f
doge,doge:1784493000000,1784493000000,1784493900000,2026-07-19T20:30:00Z,UP,YES,,0.0722761,official-venue-resolution,f,f,f,f,f
eth,eth:1784493000000,1784493000000,1784493900000,2026-07-19T20:30:00Z,UP,YES,,1863.93,official-venue-resolution,f,f,f,f,f
sol,sol:1784493000000,1784493000000,1784493900000,2026-07-19T20:30:00Z,UP,YES,,75.9942,official-venue-resolution,f,f,f,f,f
xrp,xrp:1784493000000,1784493000000,1784493900000,2026-07-19T20:30:00Z,UP,YES,,1.0967,official-venue-resolution,f,f,f,f,f
btc,btc:1784493900000,1784493900000,1784494800000,2026-07-19T20:45:00Z,UP,YES,,64473.78,official-venue-resolution,f,f,f,f,f
doge,doge:1784493900000,1784493900000,1784494800000,2026-07-19T20:45:00Z,UP,YES,,0.0723501,official-venue-resolution,f,f,f,f,f
eth,eth:1784493900000,1784493900000,1784494800000,2026-07-19T20:45:00Z,UP,YES,,1865,official-venue-resolution,f,f,f,f,f
sol,sol:1784493900000,1784493900000,1784494800000,2026-07-19T20:45:00Z,UP,YES,,76.0712,official-venue-resolution,f,f,f,f,f
xrp,xrp:1784493900000,1784493900000,1784494800000,2026-07-19T20:45:00Z,DOWN,NO,,1.0958,official-venue-resolution,f,f,f,f,f
btc,btc:1784494800000,1784494800000,1784495700000,2026-07-19T21:00:00Z,UP,YES,64492.2656605238,64508.67,official-venue-resolution,f,f,f,f,f
doge,doge:1784494800000,1784494800000,1784495700000,2026-07-19T21:00:00Z,DOWN,NO,,0.0722368,official-venue-resolution,f,f,f,f,f
eth,eth:1784494800000,1784494800000,1784495700000,2026-07-19T21:00:00Z,DOWN,YES,,1865.57,official-venue-resolution,t,t,f,f,f
sol,sol:1784494800000,1784494800000,1784495700000,2026-07-19T21:00:00Z,UP,YES,76.12942343184697,76.162,official-venue-resolution,f,f,f,f,f
xrp,xrp:1784494800000,1784494800000,1784495700000,2026-07-19T21:00:00Z,DOWN,YES,1.0959067698083746,1.0962,official-venue-resolution,t,t,f,f,f
btc,btc:1784495700000,1784495700000,1784496600000,2026-07-19T21:15:00Z,DOWN,NO,,64435.79,official-venue-resolution,f,f,f,f,f
doge,doge:1784495700000,1784495700000,1784496600000,2026-07-19T21:15:00Z,DOWN,NO,,0.0721721,official-venue-resolution,f,f,f,f,f
eth,eth:1784495700000,1784495700000,1784496600000,2026-07-19T21:15:00Z,DOWN,NO,,1862.98,official-venue-resolution,f,f,f,f,f
sol,sol:1784495700000,1784495700000,1784496600000,2026-07-19T21:15:00Z,DOWN,NO,,76.0005,official-venue-resolution,f,f,f,f,f
xrp,xrp:1784495700000,1784495700000,1784496600000,2026-07-19T21:15:00Z,DOWN,NO,,1.0945,official-venue-resolution,f,f,f,f,f
btc,btc:1784496600000,1784496600000,1784497500000,2026-07-19T21:30:00Z,DOWN,NO,,64329.14,official-venue-resolution,f,f,f,f,f
doge,doge:1784496600000,1784496600000,1784497500000,2026-07-19T21:30:00Z,DOWN,NO,,0.0719783,official-venue-resolution,f,f,f,f,f
eth,eth:1784496600000,1784496600000,1784497500000,2026-07-19T21:30:00Z,DOWN,NO,,1858.4,official-venue-resolution,f,f,f,f,f
sol,sol:1784496600000,1784496600000,1784497500000,2026-07-19T21:30:00Z,DOWN,NO,,75.7363,official-venue-resolution,f,f,f,f,f
xrp,xrp:1784496600000,1784496600000,1784497500000,2026-07-19T21:30:00Z,DOWN,NO,,1.092,official-venue-resolution,f,f,f,f,f
btc,btc:1784497500000,1784497500000,1784498400000,2026-07-19T21:45:00Z,UP,YES,,64364.91,official-venue-resolution,f,f,f,f,f
doge,doge:1784497500000,1784497500000,1784498400000,2026-07-19T21:45:00Z,DOWN,NO,,0.0719477,official-venue-resolution,f,f,f,f,f
eth,eth:1784497500000,1784497500000,1784498400000,2026-07-19T21:45:00Z,UP,YES,,1860.45,official-venue-resolution,f,f,f,f,f
sol,sol:1784497500000,1784497500000,1784498400000,2026-07-19T21:45:00Z,DOWN,NO,,75.723,official-venue-resolution,f,f,f,f,f
xrp,xrp:1784497500000,1784497500000,1784498400000,2026-07-19T21:45:00Z,UP,YES,,1.0924,official-venue-resolution,f,f,f,f,f
btc,btc:1784498400000,1784498400000,1784499300000,2026-07-19T22:00:00Z,UP,YES,,64610.65,official-venue-resolution,f,f,f,f,f
doge,doge:1784498400000,1784498400000,1784499300000,2026-07-19T22:00:00Z,UP,YES,,0.0722601,official-venue-resolution,f,f,f,f,f
eth,eth:1784498400000,1784498400000,1784499300000,2026-07-19T22:00:00Z,UP,YES,,1866.95,official-venue-resolution,f,f,f,f,f
sol,sol:1784498400000,1784498400000,1784499300000,2026-07-19T22:00:00Z,UP,YES,,76.051,official-venue-resolution,f,f,f,f,f
xrp,xrp:1784498400000,1784498400000,1784499300000,2026-07-19T22:00:00Z,UP,YES,,1.0965,official-venue-resolution,f,f,f,f,f
btc,btc:1784499300000,1784499300000,1784500200000,2026-07-19T22:15:00Z,UP,YES,,64732.22,official-venue-resolution,f,f,f,f,f
doge,doge:1784499300000,1784499300000,1784500200000,2026-07-19T22:15:00Z,UP,YES,,0.0723519,official-venue-resolution,f,f,f,f,f
eth,eth:1784499300000,1784499300000,1784500200000,2026-07-19T22:15:00Z,UP,YES,,1870.83,official-venue-resolution,f,f,f,f,f
sol,sol:1784499300000,1784499300000,1784500200000,2026-07-19T22:15:00Z,UP,YES,,76.123,official-venue-resolution,f,f,f,f,f
xrp,xrp:1784499300000,1784499300000,1784500200000,2026-07-19T22:15:00Z,UP,YES,,1.0977,official-venue-resolution,f,f,f,f,f
btc,btc:1784500200000,1784500200000,1784501100000,2026-07-19T22:30:00Z,UP,YES,,64770.83,official-venue-resolution,f,f,f,f,f
doge,doge:1784500200000,1784500200000,1784501100000,2026-07-19T22:30:00Z,UP,YES,,0.0724398,official-venue-resolution,f,f,f,f,f
eth,eth:1784500200000,1784500200000,1784501100000,2026-07-19T22:30:00Z,UP,YES,,1873.39,official-venue-resolution,f,f,f,f,f
sol,sol:1784500200000,1784500200000,1784501100000,2026-07-19T22:30:00Z,UP,YES,,76.2118,official-venue-resolution,f,f,f,f,f
xrp,xrp:1784500200000,1784500200000,1784501100000,2026-07-19T22:30:00Z,UP,YES,,1.0989,official-venue-resolution,f,f,f,f,f
btc,btc:1784501100000,1784501100000,1784502000000,2026-07-19T22:45:00Z,DOWN,NO,,64635.63,official-venue-resolution,f,f,f,f,f
doge,doge:1784501100000,1784501100000,1784502000000,2026-07-19T22:45:00Z,DOWN,NO,,0.072268,official-venue-resolution,f,f,f,f,f
eth,eth:1784501100000,1784501100000,1784502000000,2026-07-19T22:45:00Z,DOWN,NO,,1869.28,official-venue-resolution,f,f,f,f,f
sol,sol:1784501100000,1784501100000,1784502000000,2026-07-19T22:45:00Z,DOWN,NO,,76.0592,official-venue-resolution,f,f,f,f,f
xrp,xrp:1784501100000,1784501100000,1784502000000,2026-07-19T22:45:00Z,DOWN,NO,,,official-venue-resolution,f,f,f,f,f
btc,btc:1784502000000,1784502000000,1784502900000,2026-07-19T23:00:00Z,UP,YES,,64652.09,official-venue-resolution,f,f,f,f,f
doge,doge:1784502000000,1784502000000,1784502900000,2026-07-19T23:00:00Z,DOWN,NO,,0.0721674,official-venue-resolution,f,f,f,f,f
eth,eth:1784502000000,1784502000000,1784502900000,2026-07-19T23:00:00Z,UP,YES,,1869.4,official-venue-resolution,f,f,f,f,f
sol,sol:1784502000000,1784502000000,1784502900000,2026-07-19T23:00:00Z,UP,YES,,76.0743,official-venue-resolution,f,f,f,f,f
xrp,xrp:1784502000000,1784502000000,1784502900000,2026-07-19T23:00:00Z,DOWN,NO,,1.0948,official-venue-resolution,f,f,f,f,f
btc,btc:1784502900000,1784502900000,1784503800000,2026-07-19T23:15:00Z,DOWN,NO,,64625.93,official-venue-resolution,f,f,f,f,f
doge,doge:1784502900000,1784502900000,1784503800000,2026-07-19T23:15:00Z,UP,YES,,0.0721892,official-venue-resolution,f,f,f,f,f
eth,eth:1784502900000,1784502900000,1784503800000,2026-07-19T23:15:00Z,DOWN,NO,,1867.64,official-venue-resolution,f,f,f,f,f
sol,sol:1784502900000,1784502900000,1784503800000,2026-07-19T23:15:00Z,UP,YES,,76.1955,official-venue-resolution,f,f,f,f,f
xrp,xrp:1784502900000,1784502900000,1784503800000,2026-07-19T23:15:00Z,DOWN,YES,,1.0948,official-venue-resolution,t,t,f,f,f
btc,btc:1784503800000,1784503800000,1784504700000,2026-07-19T23:30:00Z,UP,YES,,64686.07,official-venue-resolution,f,f,f,f,f
doge,doge:1784503800000,1784503800000,1784504700000,2026-07-19T23:30:00Z,UP,YES,,0.0722968,official-venue-resolution,f,f,f,f,f
eth,eth:1784503800000,1784503800000,1784504700000,2026-07-19T23:30:00Z,UP,YES,,1871.15,official-venue-resolution,f,f,f,f,f
sol,sol:1784503800000,1784503800000,1784504700000,2026-07-19T23:30:00Z,UP,YES,,76.4562,official-venue-resolution,f,f,f,f,f
xrp,xrp:1784503800000,1784503800000,1784504700000,2026-07-19T23:30:00Z,UP,YES,,1.0962,official-venue-resolution,f,f,f,f,f
btc,btc:1784504700000,1784504700000,1784505600000,2026-07-19T23:45:00Z,DOWN,YES,,64686.93,official-venue-resolution,t,t,f,f,f
doge,doge:1784504700000,1784504700000,1784505600000,2026-07-19T23:45:00Z,UP,YES,,0.072387,official-venue-resolution,f,f,f,f,f
eth,eth:1784504700000,1784504700000,1784505600000,2026-07-19T23:45:00Z,DOWN,YES,,1871.33,official-venue-resolution,t,t,f,f,f
sol,sol:1784504700000,1784504700000,1784505600000,2026-07-19T23:45:00Z,DOWN,NO,,76.3497,official-venue-resolution,f,f,f,f,f
xrp,xrp:1784504700000,1784504700000,1784505600000,2026-07-19T23:45:00Z,UP,YES,,1.0971,official-venue-resolution,f,f,f,f,f
btc,btc:1784505600000,1784505600000,1784506500000,2026-07-20T00:00:00Z,UP,YES,,64992.86,official-venue-resolution,f,f,f,f,f
doge,doge:1784505600000,1784505600000,1784506500000,2026-07-20T00:00:00Z,UP,YES,,0.0728955,official-venue-resolution,f,f,f,f,f
eth,eth:1784505600000,1784505600000,1784506500000,2026-07-20T00:00:00Z,UP,YES,,1887.96,official-venue-resolution,f,f,f,f,f
sol,sol:1784505600000,1784505600000,1784506500000,2026-07-20T00:00:00Z,UP,YES,,76.8248,official-venue-resolution,f,f,f,f,f
xrp,xrp:1784505600000,1784505600000,1784506500000,2026-07-20T00:00:00Z,UP,YES,,1.1037,official-venue-resolution,f,f,f,f,f
btc,btc:1784506500000,1784506500000,1784507400000,2026-07-20T00:15:00Z,DOWN,NO,,64842.22,official-venue-resolution,f,f,f,f,f
doge,doge:1784506500000,1784506500000,1784507400000,2026-07-20T00:15:00Z,DOWN,NO,,0.0727588,official-venue-resolution,f,f,f,f,f
eth,eth:1784506500000,1784506500000,1784507400000,2026-07-20T00:15:00Z,DOWN,NO,,1878.8,official-venue-resolution,f,f,f,f,f
sol,sol:1784506500000,1784506500000,1784507400000,2026-07-20T00:15:00Z,DOWN,NO,,76.6792,official-venue-resolution,f,f,f,f,f
xrp,xrp:1784506500000,1784506500000,1784507400000,2026-07-20T00:15:00Z,DOWN,NO,,1.0994,official-venue-resolution,f,f,f,f,f
btc,btc:1784507400000,1784507400000,1784508300000,2026-07-20T00:30:00Z,DOWN,NO,,64791.55,official-venue-resolution,f,f,f,f,f
doge,doge:1784507400000,1784507400000,1784508300000,2026-07-20T00:30:00Z,DOWN,NO,,0.0727368,official-venue-resolution,f,f,f,f,f
eth,eth:1784507400000,1784507400000,1784508300000,2026-07-20T00:30:00Z,UP,YES,,1880.21,official-venue-resolution,f,f,f,f,f
sol,sol:1784507400000,1784507400000,1784508300000,2026-07-20T00:30:00Z,UP,YES,,76.9392,official-venue-resolution,f,f,f,f,f
xrp,xrp:1784507400000,1784507400000,1784508300000,2026-07-20T00:30:00Z,UP,YES,,1.1001,official-venue-resolution,f,f,f,f,f
btc,btc:1784508300000,1784508300000,1784509200000,2026-07-20T00:45:00Z,DOWN,NO,,64516.57,official-venue-resolution,f,f,f,f,f
doge,doge:1784508300000,1784508300000,1784509200000,2026-07-20T00:45:00Z,DOWN,NO,,0.0724255,official-venue-resolution,f,f,f,f,f
eth,eth:1784508300000,1784508300000,1784509200000,2026-07-20T00:45:00Z,DOWN,NO,,1870.88,official-venue-resolution,f,f,f,f,f
sol,sol:1784508300000,1784508300000,1784509200000,2026-07-20T00:45:00Z,DOWN,NO,,76.5593,official-venue-resolution,f,f,f,f,f
xrp,xrp:1784508300000,1784508300000,1784509200000,2026-07-20T00:45:00Z,DOWN,NO,,1.0956,official-venue-resolution,f,f,f,f,f
btc,btc:1784509200000,1784509200000,1784510100000,2026-07-20T01:00:00Z,UP,YES,,64775.5,official-venue-resolution,f,f,f,f,f
doge,doge:1784509200000,1784509200000,1784510100000,2026-07-20T01:00:00Z,UP,YES,,0.0727937,official-venue-resolution,f,f,f,f,f
eth,eth:1784509200000,1784509200000,1784510100000,2026-07-20T01:00:00Z,UP,YES,,1878.81,official-venue-resolution,f,f,f,f,f
sol,sol:1784509200000,1784509200000,1784510100000,2026-07-20T01:00:00Z,UP,YES,,76.9977,official-venue-resolution,f,f,f,f,f
xrp,xrp:1784509200000,1784509200000,1784510100000,2026-07-20T01:00:00Z,UP,YES,,1.1026,official-venue-resolution,f,f,f,f,f
btc,btc:1784510100000,1784510100000,1784511000000,2026-07-20T01:15:00Z,UP,YES,,64825.85,official-venue-resolution,f,f,f,f,f
doge,doge:1784510100000,1784510100000,1784511000000,2026-07-20T01:15:00Z,UP,YES,,0.0727981,official-venue-resolution,f,f,f,f,f
eth,eth:1784510100000,1784510100000,1784511000000,2026-07-20T01:15:00Z,UP,YES,,1879.96,official-venue-resolution,f,f,f,f,f
sol,sol:1784510100000,1784510100000,1784511000000,2026-07-20T01:15:00Z,DOWN,YES,,77.0017,official-venue-resolution,t,t,f,f,f
xrp,xrp:1784510100000,1784510100000,1784511000000,2026-07-20T01:15:00Z,DOWN,NO,,1.1016,official-venue-resolution,f,f,f,f,f
btc,btc:1784511000000,1784511000000,1784511900000,2026-07-20T01:30:00Z,DOWN,NO,,64710.16,official-venue-resolution,f,f,f,f,f
doge,doge:1784511000000,1784511000000,1784511900000,2026-07-20T01:30:00Z,DOWN,NO,,0.0725366,official-venue-resolution,f,f,f,f,f
eth,eth:1784511000000,1784511000000,1784511900000,2026-07-20T01:30:00Z,DOWN,NO,,1872.28,official-venue-resolution,f,f,f,f,f
sol,sol:1784511000000,1784511000000,1784511900000,2026-07-20T01:30:00Z,DOWN,NO,,76.6177,official-venue-resolution,f,f,f,f,f
xrp,xrp:1784511000000,1784511000000,1784511900000,2026-07-20T01:30:00Z,DOWN,NO,,1.0981,official-venue-resolution,f,f,f,f,f
btc,btc:1784511900000,1784511900000,1784512800000,2026-07-20T01:45:00Z,DOWN,NO,,64586.83,official-venue-resolution,f,f,f,f,f
doge,doge:1784511900000,1784511900000,1784512800000,2026-07-20T01:45:00Z,DOWN,NO,,0.0722803,official-venue-resolution,f,f,f,f,f
eth,eth:1784511900000,1784511900000,1784512800000,2026-07-20T01:45:00Z,DOWN,NO,,1868.28,official-venue-resolution,f,f,f,f,f
sol,sol:1784511900000,1784511900000,1784512800000,2026-07-20T01:45:00Z,DOWN,NO,,76.39,official-venue-resolution,f,f,f,f,f
xrp,xrp:1784511900000,1784511900000,1784512800000,2026-07-20T01:45:00Z,DOWN,NO,,1.0963,official-venue-resolution,f,f,f,f,f
btc,btc:1784512800000,1784512800000,1784513700000,2026-07-20T02:00:00Z,UP,YES,,64801.28,official-venue-resolution,f,f,f,f,f
doge,doge:1784512800000,1784512800000,1784513700000,2026-07-20T02:00:00Z,UP,YES,,0.0725473,official-venue-resolution,f,f,f,f,f
eth,eth:1784512800000,1784512800000,1784513700000,2026-07-20T02:00:00Z,UP,YES,,1876.67,official-venue-resolution,f,f,f,f,f
sol,sol:1784512800000,1784512800000,1784513700000,2026-07-20T02:00:00Z,UP,YES,,76.8048,official-venue-resolution,f,f,f,f,f
xrp,xrp:1784512800000,1784512800000,1784513700000,2026-07-20T02:00:00Z,UP,YES,,1.1,official-venue-resolution,f,f,f,f,f
btc,btc:1784513700000,1784513700000,1784514600000,2026-07-20T02:15:00Z,DOWN,NO,,64655.49,official-venue-resolution,f,f,f,f,f
doge,doge:1784513700000,1784513700000,1784514600000,2026-07-20T02:15:00Z,DOWN,NO,,0.0723875,official-venue-resolution,f,f,f,f,f
eth,eth:1784513700000,1784513700000,1784514600000,2026-07-20T02:15:00Z,DOWN,NO,,1870.87,official-venue-resolution,f,f,f,f,f
sol,sol:1784513700000,1784513700000,1784514600000,2026-07-20T02:15:00Z,DOWN,NO,,76.5113,official-venue-resolution,f,f,f,f,f
xrp,xrp:1784513700000,1784513700000,1784514600000,2026-07-20T02:15:00Z,DOWN,NO,,1.0976,official-venue-resolution,f,f,f,f,f
btc,btc:1784514600000,1784514600000,1784515500000,2026-07-20T02:30:00Z,UP,YES,,64818.06,official-venue-resolution,f,f,f,f,f
doge,doge:1784514600000,1784514600000,1784515500000,2026-07-20T02:30:00Z,UP,YES,,0.072551,official-venue-resolution,f,f,f,f,f
eth,eth:1784514600000,1784514600000,1784515500000,2026-07-20T02:30:00Z,UP,YES,,1877.15,official-venue-resolution,f,f,f,f,f
sol,sol:1784514600000,1784514600000,1784515500000,2026-07-20T02:30:00Z,UP,YES,,76.841,official-venue-resolution,f,f,f,f,f
xrp,xrp:1784514600000,1784514600000,1784515500000,2026-07-20T02:30:00Z,UP,YES,,1.1015,official-venue-resolution,f,f,f,f,f
btc,btc:1784515500000,1784515500000,1784516400000,2026-07-20T02:45:00Z,DOWN,NO,,64788.32,official-venue-resolution,f,f,f,f,f
doge,doge:1784515500000,1784515500000,1784516400000,2026-07-20T02:45:00Z,UP,YES,,0.0726468,official-venue-resolution,f,f,f,f,f
eth,eth:1784515500000,1784515500000,1784516400000,2026-07-20T02:45:00Z,UP,YES,,1877.82,official-venue-resolution,f,f,f,f,f
sol,sol:1784515500000,1784515500000,1784516400000,2026-07-20T02:45:00Z,UP,YES,,76.9395,official-venue-resolution,f,f,f,f,f
xrp,xrp:1784515500000,1784515500000,1784516400000,2026-07-20T02:45:00Z,DOWN,NO,,1.1007,official-venue-resolution,f,f,f,f,f
btc,btc:1784516400000,1784516400000,1784517300000,2026-07-20T03:00:00Z,UP,YES,,64803.94,official-venue-resolution,f,f,f,f,f
doge,doge:1784516400000,1784516400000,1784517300000,2026-07-20T03:00:00Z,UP,YES,,0.0727975,official-venue-resolution,f,f,f,f,f
eth,eth:1784516400000,1784516400000,1784517300000,2026-07-20T03:00:00Z,UP,YES,,1878.96,official-venue-resolution,f,f,f,f,f
sol,sol:1784516400000,1784516400000,1784517300000,2026-07-20T03:00:00Z,DOWN,YES,,76.9395,official-venue-resolution,t,t,f,f,f
xrp,xrp:1784516400000,1784516400000,1784517300000,2026-07-20T03:00:00Z,DOWN,NO,,1.1001,official-venue-resolution,f,f,f,f,f
btc,btc:1784517300000,1784517300000,1784518200000,2026-07-20T03:15:00Z,DOWN,NO,,64644.92,official-venue-resolution,f,f,f,f,f
doge,doge:1784517300000,1784517300000,1784518200000,2026-07-20T03:15:00Z,DOWN,NO,,0.0725469,official-venue-resolution,f,f,f,f,f
eth,eth:1784517300000,1784517300000,1784518200000,2026-07-20T03:15:00Z,DOWN,NO,,1871.35,official-venue-resolution,f,f,f,f,f
sol,sol:1784517300000,1784517300000,1784518200000,2026-07-20T03:15:00Z,DOWN,NO,,76.5655,official-venue-resolution,f,f,f,f,f
xrp,xrp:1784517300000,1784517300000,1784518200000,2026-07-20T03:15:00Z,DOWN,NO,,1.0969,official-venue-resolution,f,f,f,f,f
btc,btc:1784518200000,1784518200000,1784519100000,2026-07-20T03:30:00Z,UP,YES,,64847.79,official-venue-resolution,f,f,f,f,f
doge,doge:1784518200000,1784518200000,1784519100000,2026-07-20T03:30:00Z,UP,YES,,0.072711,official-venue-resolution,f,f,f,f,f
eth,eth:1784518200000,1784518200000,1784519100000,2026-07-20T03:30:00Z,UP,YES,,1878.14,official-venue-resolution,f,f,f,f,f
sol,sol:1784518200000,1784518200000,1784519100000,2026-07-20T03:30:00Z,UP,YES,,76.7768,official-venue-resolution,f,f,f,f,f
xrp,xrp:1784518200000,1784518200000,1784519100000,2026-07-20T03:30:00Z,UP,YES,,1.1003,official-venue-resolution,f,f,f,f,f
btc,btc:1784519100000,1784519100000,1784520000000,2026-07-20T03:45:00Z,DOWN,NO,,64779.22,official-venue-resolution,f,f,f,f,f
doge,doge:1784519100000,1784519100000,1784520000000,2026-07-20T03:45:00Z,DOWN,NO,,0.0726179,official-venue-resolution,f,f,f,f,f
eth,eth:1784519100000,1784519100000,1784520000000,2026-07-20T03:45:00Z,DOWN,NO,,1876.88,official-venue-resolution,f,f,f,f,f
sol,sol:1784519100000,1784519100000,1784520000000,2026-07-20T03:45:00Z,DOWN,NO,,76.6445,official-venue-resolution,f,f,f,f,f
xrp,xrp:1784519100000,1784519100000,1784520000000,2026-07-20T03:45:00Z,DOWN,NO,,1.0985,official-venue-resolution,f,f,f,f,f
btc,btc:1784520000000,1784520000000,1784520900000,2026-07-20T04:00:00Z,DOWN,NO,,64671.81,official-venue-resolution,f,f,f,f,f
doge,doge:1784520000000,1784520000000,1784520900000,2026-07-20T04:00:00Z,DOWN,NO,,0.0724375,official-venue-resolution,f,f,f,f,f
eth,eth:1784520000000,1784520000000,1784520900000,2026-07-20T04:00:00Z,DOWN,NO,,1871.02,official-venue-resolution,f,f,f,f,f
sol,sol:1784520000000,1784520000000,1784520900000,2026-07-20T04:00:00Z,DOWN,NO,,76.3967,official-venue-resolution,f,f,f,f,f
xrp,xrp:1784520000000,1784520000000,1784520900000,2026-07-20T04:00:00Z,DOWN,NO,,1.0965,official-venue-resolution,f,f,f,f,f
btc,btc:1784520900000,1784520900000,1784521800000,2026-07-20T04:15:00Z,UP,YES,,64712.97,official-venue-resolution,f,f,f,f,f
doge,doge:1784520900000,1784520900000,1784521800000,2026-07-20T04:15:00Z,UP,YES,,0.0724498,official-venue-resolution,f,f,f,f,f
eth,eth:1784520900000,1784520900000,1784521800000,2026-07-20T04:15:00Z,UP,YES,,1872.49,official-venue-resolution,f,f,f,f,f
sol,sol:1784520900000,1784520900000,1784521800000,2026-07-20T04:15:00Z,UP,YES,,76.5268,official-venue-resolution,f,f,f,f,f
xrp,xrp:1784520900000,1784520900000,1784521800000,2026-07-20T04:15:00Z,UP,YES,,1.0973,official-venue-resolution,f,f,f,f,f
btc,btc:1784521800000,1784521800000,1784522700000,2026-07-20T04:30:00Z,DOWN,NO,,64695.77,official-venue-resolution,f,f,f,f,f
doge,doge:1784521800000,1784521800000,1784522700000,2026-07-20T04:30:00Z,UP,YES,,0.0725895,official-venue-resolution,f,f,f,f,f
eth,eth:1784521800000,1784521800000,1784522700000,2026-07-20T04:30:00Z,UP,YES,,1874.88,official-venue-resolution,f,f,f,f,f
sol,sol:1784521800000,1784521800000,1784522700000,2026-07-20T04:30:00Z,UP,YES,,76.7683,official-venue-resolution,f,f,f,f,f
xrp,xrp:1784521800000,1784521800000,1784522700000,2026-07-20T04:30:00Z,UP,YES,,1.0984,official-venue-resolution,f,f,f,f,f
btc,btc:1784522700000,1784522700000,1784523600000,2026-07-20T04:45:00Z,DOWN,NO,,64503.79,official-venue-resolution,f,f,f,f,f
doge,doge:1784522700000,1784522700000,1784523600000,2026-07-20T04:45:00Z,DOWN,NO,,0.0722929,official-venue-resolution,f,f,f,f,f
eth,eth:1784522700000,1784522700000,1784523600000,2026-07-20T04:45:00Z,DOWN,NO,,1868.06,official-venue-resolution,f,f,f,f,f
sol,sol:1784522700000,1784522700000,1784523600000,2026-07-20T04:45:00Z,DOWN,NO,,76.4438,official-venue-resolution,f,f,f,f,f
xrp,xrp:1784522700000,1784522700000,1784523600000,2026-07-20T04:45:00Z,DOWN,NO,,1.0953,official-venue-resolution,f,f,f,f,f
btc,btc:1784523600000,1784523600000,1784524500000,2026-07-20T05:00:00Z,DOWN,NO,,64193.64,official-venue-resolution,f,f,f,f,f
doge,doge:1784523600000,1784523600000,1784524500000,2026-07-20T05:00:00Z,DOWN,NO,,0.0718328,official-venue-resolution,f,f,f,f,f
eth,eth:1784523600000,1784523600000,1784524500000,2026-07-20T05:00:00Z,DOWN,NO,,1857.44,official-venue-resolution,f,f,f,f,f
sol,sol:1784523600000,1784523600000,1784524500000,2026-07-20T05:00:00Z,DOWN,NO,,76.0085,official-venue-resolution,f,f,f,f,f
xrp,xrp:1784523600000,1784523600000,1784524500000,2026-07-20T05:00:00Z,DOWN,NO,,1.0886,official-venue-resolution,f,f,f,f,f
btc,btc:1784524500000,1784524500000,1784525400000,2026-07-20T05:15:00Z,DOWN,NO,,64143.45,official-venue-resolution,f,f,f,f,f
doge,doge:1784524500000,1784524500000,1784525400000,2026-07-20T05:15:00Z,DOWN,YES,,0.0718358,official-venue-resolution,t,t,f,f,f
eth,eth:1784524500000,1784524500000,1784525400000,2026-07-20T05:15:00Z,DOWN,YES,,1857.79,official-venue-resolution,t,t,f,f,f
sol,sol:1784524500000,1784524500000,1784525400000,2026-07-20T05:15:00Z,DOWN,YES,,76.034,official-venue-resolution,t,t,f,f,f
xrp,xrp:1784524500000,1784524500000,1784525400000,2026-07-20T05:15:00Z,UP,YES,,1.0889,official-venue-resolution,f,f,f,f,f
btc,btc:1784525400000,1784525400000,1784526300000,2026-07-20T05:30:00Z,UP,YES,,64174.02,official-venue-resolution,f,f,f,f,f
doge,doge:1784525400000,1784525400000,1784526300000,2026-07-20T05:30:00Z,DOWN,YES,,0.0718406,official-venue-resolution,t,t,f,f,f
eth,eth:1784525400000,1784525400000,1784526300000,2026-07-20T05:30:00Z,DOWN,NO,,1857.61,official-venue-resolution,f,f,f,f,f
sol,sol:1784525400000,1784525400000,1784526300000,2026-07-20T05:30:00Z,DOWN,NO,,75.9573,official-venue-resolution,f,f,f,f,f
xrp,xrp:1784525400000,1784525400000,1784526300000,2026-07-20T05:30:00Z,DOWN,YES,,1.0892,official-venue-resolution,t,t,f,f,f
btc,btc:1784526300000,1784526300000,1784527200000,2026-07-20T05:45:00Z,DOWN,NO,,64080.91,official-venue-resolution,f,f,f,f,f
doge,doge:1784526300000,1784526300000,1784527200000,2026-07-20T05:45:00Z,DOWN,NO,,0.0716684,official-venue-resolution,f,f,f,f,f
eth,eth:1784526300000,1784526300000,1784527200000,2026-07-20T05:45:00Z,DOWN,NO,,1853.82,official-venue-resolution,f,f,f,f,f
sol,sol:1784526300000,1784526300000,1784527200000,2026-07-20T05:45:00Z,DOWN,NO,,75.8495,official-venue-resolution,f,f,f,f,f
xrp,xrp:1784526300000,1784526300000,1784527200000,2026-07-20T05:45:00Z,DOWN,NO,,1.0872,official-venue-resolution,f,f,f,f,f
btc,btc:1784527200000,1784527200000,1784528100000,2026-07-20T06:00:00Z,UP,YES,,64141.26,official-venue-resolution,f,f,f,f,f
doge,doge:1784527200000,1784527200000,1784528100000,2026-07-20T06:00:00Z,DOWN,YES,,0.0716789,official-venue-resolution,t,t,f,f,f
eth,eth:1784527200000,1784527200000,1784528100000,2026-07-20T06:00:00Z,UP,YES,,1855.76,official-venue-resolution,f,f,f,f,f
sol,sol:1784527200000,1784527200000,1784528100000,2026-07-20T06:00:00Z,UP,YES,,75.9502,official-venue-resolution,f,f,f,f,f
xrp,xrp:1784527200000,1784527200000,1784528100000,2026-07-20T06:00:00Z,UP,YES,,1.0876,official-venue-resolution,f,f,f,f,f
btc,btc:1784528100000,1784528100000,1784529000000,2026-07-20T06:15:00Z,DOWN,NO,,64089.24,official-venue-resolution,f,f,f,f,f
doge,doge:1784528100000,1784528100000,1784529000000,2026-07-20T06:15:00Z,UP,YES,,0.0717195,official-venue-resolution,f,f,f,f,f
eth,eth:1784528100000,1784528100000,1784529000000,2026-07-20T06:15:00Z,DOWN,NO,,1855.61,official-venue-resolution,f,f,f,f,f
sol,sol:1784528100000,1784528100000,1784529000000,2026-07-20T06:15:00Z,UP,YES,,75.9523,official-venue-resolution,f,f,f,f,f
xrp,xrp:1784528100000,1784528100000,1784529000000,2026-07-20T06:15:00Z,UP,YES,,1.0879,official-venue-resolution,f,f,f,f,f
btc,btc:1784529000000,1784529000000,1784529900000,2026-07-20T06:30:00Z,DOWN,NO,,63763.93,official-venue-resolution,f,f,f,f,f
doge,doge:1784529000000,1784529000000,1784529900000,2026-07-20T06:30:00Z,DOWN,NO,,0.0713206,official-venue-resolution,f,f,f,f,f
eth,eth:1784529000000,1784529000000,1784529900000,2026-07-20T06:30:00Z,DOWN,NO,,1846.23,official-venue-resolution,f,f,f,f,f
sol,sol:1784529000000,1784529000000,1784529900000,2026-07-20T06:30:00Z,DOWN,NO,,75.6918,official-venue-resolution,f,f,f,f,f
xrp,xrp:1784529000000,1784529000000,1784529900000,2026-07-20T06:30:00Z,DOWN,NO,,1.0844,official-venue-resolution,f,f,f,f,f
btc,btc:1784529900000,1784529900000,1784530800000,2026-07-20T06:45:00Z,UP,YES,,63847.62,official-venue-resolution,f,f,f,f,f
doge,doge:1784529900000,1784529900000,1784530800000,2026-07-20T06:45:00Z,DOWN,NO,,0.0712744,official-venue-resolution,f,f,f,f,f
eth,eth:1784529900000,1784529900000,1784530800000,2026-07-20T06:45:00Z,UP,YES,,1847.48,official-venue-resolution,f,f,f,f,f
sol,sol:1784529900000,1784529900000,1784530800000,2026-07-20T06:45:00Z,DOWN,NO,,75.5673,official-venue-resolution,f,f,f,f,f
xrp,xrp:1784529900000,1784529900000,1784530800000,2026-07-20T06:45:00Z,UP,NO,,1.0843,official-venue-resolution,t,f,t,f,f
btc,btc:1784530800000,1784530800000,1784531700000,2026-07-20T07:00:00Z,UP,YES,,63923.54,official-venue-resolution,f,f,f,f,f
doge,doge:1784530800000,1784530800000,1784531700000,2026-07-20T07:00:00Z,UP,YES,,0.0714745,official-venue-resolution,f,f,f,f,f
eth,eth:1784530800000,1784530800000,1784531700000,2026-07-20T07:00:00Z,UP,YES,,1851.97,official-venue-resolution,f,f,f,f,f
sol,sol:1784530800000,1784530800000,1784531700000,2026-07-20T07:00:00Z,UP,YES,,75.6875,official-venue-resolution,f,f,f,f,f
xrp,xrp:1784530800000,1784530800000,1784531700000,2026-07-20T07:00:00Z,DOWN,YES,,1.0846,official-venue-resolution,t,t,f,f,f
btc,btc:1784531700000,1784531700000,1784532600000,2026-07-20T07:15:00Z,UP,YES,,64075.79,official-venue-resolution,f,f,f,f,f
doge,doge:1784531700000,1784531700000,1784532600000,2026-07-20T07:15:00Z,UP,YES,,0.0716781,official-venue-resolution,f,f,f,f,f
eth,eth:1784531700000,1784531700000,1784532600000,2026-07-20T07:15:00Z,UP,YES,,1856.51,official-venue-resolution,f,f,f,f,f
sol,sol:1784531700000,1784531700000,1784532600000,2026-07-20T07:15:00Z,UP,YES,,75.9105,official-venue-resolution,f,f,f,f,f
xrp,xrp:1784531700000,1784531700000,1784532600000,2026-07-20T07:15:00Z,UP,YES,,1.0878,official-venue-resolution,f,f,f,f,f
btc,btc:1784532600000,1784532600000,1784533500000,2026-07-20T07:30:00Z,UP,YES,,64139.51,official-venue-resolution,f,f,f,f,f
doge,doge:1784532600000,1784532600000,1784533500000,2026-07-20T07:30:00Z,UP,YES,,0.0717288,official-venue-resolution,f,f,f,f,f
eth,eth:1784532600000,1784532600000,1784533500000,2026-07-20T07:30:00Z,UP,YES,,1860.54,official-venue-resolution,f,f,f,f,f
sol,sol:1784532600000,1784532600000,1784533500000,2026-07-20T07:30:00Z,UP,YES,,76.003,official-venue-resolution,f,f,f,f,f
xrp,xrp:1784532600000,1784532600000,1784533500000,2026-07-20T07:30:00Z,UP,YES,,1.088,official-venue-resolution,f,f,f,f,f
btc,btc:1784533500000,1784533500000,1784534400000,2026-07-20T07:45:00Z,UP,YES,,64203.69,official-venue-resolution,f,f,f,f,f
doge,doge:1784533500000,1784533500000,1784534400000,2026-07-20T07:45:00Z,UP,YES,,0.071792,official-venue-resolution,f,f,f,f,f
eth,eth:1784533500000,1784533500000,1784534400000,2026-07-20T07:45:00Z,UP,YES,,1862.06,official-venue-resolution,f,f,f,f,f
sol,sol:1784533500000,1784533500000,1784534400000,2026-07-20T07:45:00Z,UP,YES,,76.1487,official-venue-resolution,f,f,f,f,f
xrp,xrp:1784533500000,1784533500000,1784534400000,2026-07-20T07:45:00Z,UP,YES,,1.0891,official-venue-resolution,f,f,f,f,f
btc,btc:1784534400000,1784534400000,1784535300000,2026-07-20T08:00:00Z,UP,YES,,64242.54,official-venue-resolution,f,f,f,f,f
doge,doge:1784534400000,1784534400000,1784535300000,2026-07-20T08:00:00Z,DOWN,YES,,0.0718097,official-venue-resolution,t,t,f,f,f
eth,eth:1784534400000,1784534400000,1784535300000,2026-07-20T08:00:00Z,UP,YES,,1863.27,official-venue-resolution,f,f,f,f,f
sol,sol:1784534400000,1784534400000,1784535300000,2026-07-20T08:00:00Z,UP,YES,,76.2297,official-venue-resolution,f,f,f,f,f
xrp,xrp:1784534400000,1784534400000,1784535300000,2026-07-20T08:00:00Z,UP,YES,,1.0898,official-venue-resolution,f,f,f,f,f
btc,btc:1784535300000,1784535300000,1784536200000,2026-07-20T08:15:00Z,DOWN,NO,,64183.76,official-venue-resolution,f,f,f,f,f
doge,doge:1784535300000,1784535300000,1784536200000,2026-07-20T08:15:00Z,DOWN,NO,,0.0717529,official-venue-resolution,f,f,f,f,f
eth,eth:1784535300000,1784535300000,1784536200000,2026-07-20T08:15:00Z,DOWN,NO,,1862.67,official-venue-resolution,f,f,f,f,f
sol,sol:1784535300000,1784535300000,1784536200000,2026-07-20T08:15:00Z,UP,YES,,76.249,official-venue-resolution,f,f,f,f,f
xrp,xrp:1784535300000,1784535300000,1784536200000,2026-07-20T08:15:00Z,DOWN,NO,,1.089,official-venue-resolution,f,f,f,f,f
btc,btc:1784536200000,1784536200000,1784537100000,2026-07-20T08:30:00Z,DOWN,NO,,63909.62,official-venue-resolution,f,f,f,f,f
doge,doge:1784536200000,1784536200000,1784537100000,2026-07-20T08:30:00Z,DOWN,NO,,0.0715934,official-venue-resolution,f,f,f,f,f
eth,eth:1784536200000,1784536200000,1784537100000,2026-07-20T08:30:00Z,DOWN,NO,,1855.53,official-venue-resolution,f,f,f,f,f
sol,sol:1784536200000,1784536200000,1784537100000,2026-07-20T08:30:00Z,DOWN,NO,,75.9062,official-venue-resolution,f,f,f,f,f
xrp,xrp:1784536200000,1784536200000,1784537100000,2026-07-20T08:30:00Z,DOWN,NO,,1.0861,official-venue-resolution,f,f,f,f,f
btc,btc:1784537100000,1784537100000,1784538000000,2026-07-20T08:45:00Z,UP,YES,,63988.7,official-venue-resolution,f,f,f,f,f
doge,doge:1784537100000,1784537100000,1784538000000,2026-07-20T08:45:00Z,UP,YES,,0.0717238,official-venue-resolution,f,f,f,f,f
eth,eth:1784537100000,1784537100000,1784538000000,2026-07-20T08:45:00Z,UP,YES,,1858.47,official-venue-resolution,f,f,f,f,f
sol,sol:1784537100000,1784537100000,1784538000000,2026-07-20T08:45:00Z,UP,YES,,76.0668,official-venue-resolution,f,f,f,f,f
xrp,xrp:1784537100000,1784537100000,1784538000000,2026-07-20T08:45:00Z,UP,YES,,1.0871,official-venue-resolution,f,f,f,f,f
btc,btc:1784538000000,1784538000000,1784538900000,2026-07-20T09:00:00Z,UP,YES,,64040.67,official-venue-resolution,f,f,f,f,f
doge,doge:1784538000000,1784538000000,1784538900000,2026-07-20T09:00:00Z,UP,YES,,0.0718329,official-venue-resolution,f,f,f,f,f
eth,eth:1784538000000,1784538000000,1784538900000,2026-07-20T09:00:00Z,DOWN,YES,,1858.48,official-venue-resolution,t,t,f,f,f
sol,sol:1784538000000,1784538000000,1784538900000,2026-07-20T09:00:00Z,UP,YES,,76.1635,official-venue-resolution,f,f,f,f,f
xrp,xrp:1784538000000,1784538000000,1784538900000,2026-07-20T09:00:00Z,UP,YES,,1.0872,official-venue-resolution,f,f,f,f,f
btc,btc:1784538900000,1784538900000,1784539800000,2026-07-20T09:15:00Z,UP,YES,,64139.83,official-venue-resolution,f,f,f,f,f
doge,doge:1784538900000,1784538900000,1784539800000,2026-07-20T09:15:00Z,UP,YES,,0.0719133,official-venue-resolution,f,f,f,f,f
eth,eth:1784538900000,1784538900000,1784539800000,2026-07-20T09:15:00Z,UP,YES,,1862.06,official-venue-resolution,f,f,f,f,f
sol,sol:1784538900000,1784538900000,1784539800000,2026-07-20T09:15:00Z,UP,YES,,76.507,official-venue-resolution,f,f,f,f,f
xrp,xrp:1784538900000,1784538900000,1784539800000,2026-07-20T09:15:00Z,UP,YES,,1.0887,official-venue-resolution,f,f,f,f,f
btc,btc:1784539800000,1784539800000,1784540700000,2026-07-20T09:30:00Z,UP,YES,,64179.17,official-venue-resolution,f,f,f,f,f
doge,doge:1784539800000,1784539800000,1784540700000,2026-07-20T09:30:00Z,UP,YES,,0.0719431,official-venue-resolution,f,f,f,f,f
eth,eth:1784539800000,1784539800000,1784540700000,2026-07-20T09:30:00Z,UP,YES,,1863.57,official-venue-resolution,f,f,f,f,f
sol,sol:1784539800000,1784539800000,1784540700000,2026-07-20T09:30:00Z,UP,YES,,76.5473,official-venue-resolution,f,f,f,f,f
xrp,xrp:1784539800000,1784539800000,1784540700000,2026-07-20T09:30:00Z,UP,YES,,1.0902,official-venue-resolution,f,f,f,f,f
btc,btc:1784540700000,1784540700000,1784541600000,2026-07-20T09:45:00Z,DOWN,NO,,64154.69,official-venue-resolution,f,f,f,f,f
doge,doge:1784540700000,1784540700000,1784541600000,2026-07-20T09:45:00Z,UP,YES,,0.0720041,official-venue-resolution,f,f,f,f,f
eth,eth:1784540700000,1784540700000,1784541600000,2026-07-20T09:45:00Z,DOWN,NO,,1863.13,official-venue-resolution,f,f,f,f,f
sol,sol:1784540700000,1784540700000,1784541600000,2026-07-20T09:45:00Z,DOWN,NO,,76.4232,official-venue-resolution,f,f,f,f,f
xrp,xrp:1784540700000,1784540700000,1784541600000,2026-07-20T09:45:00Z,DOWN,NO,,1.0896,official-venue-resolution,f,f,f,f,f
btc,btc:1784541600000,1784541600000,1784542500000,2026-07-20T10:00:00Z,UP,YES,,64220.08,official-venue-resolution,f,f,f,f,f
doge,doge:1784541600000,1784541600000,1784542500000,2026-07-20T10:00:00Z,UP,YES,,0.0720153,official-venue-resolution,f,f,f,f,f
eth,eth:1784541600000,1784541600000,1784542500000,2026-07-20T10:00:00Z,UP,YES,,1864.25,official-venue-resolution,f,f,f,f,f
sol,sol:1784541600000,1784541600000,1784542500000,2026-07-20T10:00:00Z,UP,NO,,76.4207,official-venue-resolution,t,f,t,f,f
xrp,xrp:1784541600000,1784541600000,1784542500000,2026-07-20T10:00:00Z,UP,YES,,1.0904,official-venue-resolution,f,f,f,f,f
btc,btc:1784542500000,1784542500000,1784543400000,2026-07-20T10:15:00Z,UP,YES,,64301.75,official-venue-resolution,f,f,f,f,f
doge,doge:1784542500000,1784542500000,1784543400000,2026-07-20T10:15:00Z,UP,YES,,0.0722184,official-venue-resolution,f,f,f,f,f
eth,eth:1784542500000,1784542500000,1784543400000,2026-07-20T10:15:00Z,UP,YES,,1869.22,official-venue-resolution,f,f,f,f,f
sol,sol:1784542500000,1784542500000,1784543400000,2026-07-20T10:15:00Z,UP,YES,,76.5092,official-venue-resolution,f,f,f,f,f
xrp,xrp:1784542500000,1784542500000,1784543400000,2026-07-20T10:15:00Z,UP,YES,,1.0931,official-venue-resolution,f,f,f,f,f
btc,btc:1784543400000,1784543400000,1784544300000,2026-07-20T10:30:00Z,DOWN,NO,,64264.12,official-venue-resolution,f,f,f,f,f
doge,doge:1784543400000,1784543400000,1784544300000,2026-07-20T10:30:00Z,UP,NO,,0.0722138,official-venue-resolution,t,f,t,f,f
eth,eth:1784543400000,1784543400000,1784544300000,2026-07-20T10:30:00Z,UP,NO,,1868.53,official-venue-resolution,t,f,t,f,f
sol,sol:1784543400000,1784543400000,1784544300000,2026-07-20T10:30:00Z,DOWN,NO,,76.4552,official-venue-resolution,f,f,f,f,f
xrp,xrp:1784543400000,1784543400000,1784544300000,2026-07-20T10:30:00Z,UP,YES,,1.0938,official-venue-resolution,f,f,f,f,f
btc,btc:1784544300000,1784544300000,1784545200000,2026-07-20T10:45:00Z,DOWN,NO,,64240.13,official-venue-resolution,f,f,f,f,f
doge,doge:1784544300000,1784544300000,1784545200000,2026-07-20T10:45:00Z,DOWN,NO,,0.0721284,official-venue-resolution,f,f,f,f,f
eth,eth:1784544300000,1784544300000,1784545200000,2026-07-20T10:45:00Z,DOWN,NO,,1867.19,official-venue-resolution,f,f,f,f,f
sol,sol:1784544300000,1784544300000,1784545200000,2026-07-20T10:45:00Z,DOWN,NO,,76.2975,official-venue-resolution,f,f,f,f,f
xrp,xrp:1784544300000,1784544300000,1784545200000,2026-07-20T10:45:00Z,DOWN,NO,,1.0919,official-venue-resolution,f,f,f,f,f
btc,btc:1784545200000,1784545200000,1784546100000,2026-07-20T11:00:00Z,UP,YES,,64326.62,official-venue-resolution,f,f,f,f,f
doge,doge:1784545200000,1784545200000,1784546100000,2026-07-20T11:00:00Z,UP,YES,,0.0722531,official-venue-resolution,f,f,f,f,f
eth,eth:1784545200000,1784545200000,1784546100000,2026-07-20T11:00:00Z,UP,YES,,1873.07,official-venue-resolution,f,f,f,f,f
sol,sol:1784545200000,1784545200000,1784546100000,2026-07-20T11:00:00Z,UP,YES,,76.476,official-venue-resolution,f,f,f,f,f
xrp,xrp:1784545200000,1784545200000,1784546100000,2026-07-20T11:00:00Z,UP,YES,,1.0943,official-venue-resolution,f,f,f,f,f
btc,btc:1784546100000,1784546100000,1784547000000,2026-07-20T11:15:00Z,DOWN,NO,,64297.89,official-venue-resolution,f,f,f,f,f
doge,doge:1784546100000,1784546100000,1784547000000,2026-07-20T11:15:00Z,DOWN,NO,,0.0721972,official-venue-resolution,f,f,f,f,f
eth,eth:1784546100000,1784546100000,1784547000000,2026-07-20T11:15:00Z,DOWN,NO,,1872.82,official-venue-resolution,f,f,f,f,f
sol,sol:1784546100000,1784546100000,1784547000000,2026-07-20T11:15:00Z,DOWN,NO,,76.3763,official-venue-resolution,f,f,f,f,f
xrp,xrp:1784546100000,1784546100000,1784547000000,2026-07-20T11:15:00Z,DOWN,NO,,1.0936,official-venue-resolution,f,f,f,f,f
btc,btc:1784547000000,1784547000000,1784547900000,2026-07-20T11:30:00Z,UP,YES,,64793.18,official-venue-resolution,f,f,f,f,f
doge,doge:1784547000000,1784547000000,1784547900000,2026-07-20T11:30:00Z,UP,YES,,0.0726591,official-venue-resolution,f,f,f,f,f
eth,eth:1784547000000,1784547000000,1784547900000,2026-07-20T11:30:00Z,UP,YES,,1886.46,official-venue-resolution,f,f,f,f,f
sol,sol:1784547000000,1784547000000,1784547900000,2026-07-20T11:30:00Z,UP,YES,,76.939,official-venue-resolution,f,f,f,f,f
xrp,xrp:1784547000000,1784547000000,1784547900000,2026-07-20T11:30:00Z,UP,YES,,1.1032,official-venue-resolution,f,f,f,f,f
btc,btc:1784547900000,1784547900000,1784548800000,2026-07-20T11:45:00Z,UP,YES,,64960.15,official-venue-resolution,f,f,f,f,f
doge,doge:1784547900000,1784547900000,1784548800000,2026-07-20T11:45:00Z,UP,YES,,0.0728302,official-venue-resolution,f,f,f,f,f
eth,eth:1784547900000,1784547900000,1784548800000,2026-07-20T11:45:00Z,UP,YES,,1892.1,official-venue-resolution,f,f,f,f,f
sol,sol:1784547900000,1784547900000,1784548800000,2026-07-20T11:45:00Z,UP,YES,,77.0978,official-venue-resolution,f,f,f,f,f
xrp,xrp:1784547900000,1784547900000,1784548800000,2026-07-20T11:45:00Z,UP,YES,,1.105,official-venue-resolution,f,f,f,f,f
btc,btc:1784548800000,1784548800000,1784549700000,2026-07-20T12:00:00Z,DOWN,NO,,64684.54,official-venue-resolution,f,f,f,f,f
doge,doge:1784548800000,1784548800000,1784549700000,2026-07-20T12:00:00Z,DOWN,NO,,0.0726025,official-venue-resolution,f,f,f,f,f
eth,eth:1784548800000,1784548800000,1784549700000,2026-07-20T12:00:00Z,DOWN,NO,,1878.24,official-venue-resolution,f,f,f,f,f
sol,sol:1784548800000,1784548800000,1784549700000,2026-07-20T12:00:00Z,DOWN,NO,,76.7818,official-venue-resolution,f,f,f,f,f
xrp,xrp:1784548800000,1784548800000,1784549700000,2026-07-20T12:00:00Z,DOWN,NO,,1.1019,official-venue-resolution,f,f,f,f,f
btc,btc:1784549700000,1784549700000,1784550600000,2026-07-20T12:15:00Z,DOWN,NO,,64652.22,official-venue-resolution,f,f,f,f,f
doge,doge:1784549700000,1784549700000,1784550600000,2026-07-20T12:15:00Z,DOWN,YES,,0.0726223,official-venue-resolution,t,t,f,f,f
eth,eth:1784549700000,1784549700000,1784550600000,2026-07-20T12:15:00Z,DOWN,NO,,1875.56,official-venue-resolution,f,f,f,f,f
sol,sol:1784549700000,1784549700000,1784550600000,2026-07-20T12:15:00Z,DOWN,YES,,76.794,official-venue-resolution,t,t,f,f,f
xrp,xrp:1784549700000,1784549700000,1784550600000,2026-07-20T12:15:00Z,DOWN,NO,,1.1002,official-venue-resolution,f,f,f,f,f
btc,btc:1784550600000,1784550600000,1784551500000,2026-07-20T12:30:00Z,DOWN,NO,,64580.83,official-venue-resolution,f,f,f,f,f
doge,doge:1784550600000,1784550600000,1784551500000,2026-07-20T12:30:00Z,DOWN,NO,,0.0725262,official-venue-resolution,f,f,f,f,f
eth,eth:1784550600000,1784550600000,1784551500000,2026-07-20T12:30:00Z,DOWN,NO,,1872.57,official-venue-resolution,f,f,f,f,f
sol,sol:1784550600000,1784550600000,1784551500000,2026-07-20T12:30:00Z,DOWN,NO,,76.6667,official-venue-resolution,f,f,f,f,f
xrp,xrp:1784550600000,1784550600000,1784551500000,2026-07-20T12:30:00Z,DOWN,NO,,1.0977,official-venue-resolution,f,f,f,f,f
btc,btc:1784551500000,1784551500000,1784552400000,2026-07-20T12:45:00Z,UP,YES,,64585.28,official-venue-resolution,f,f,f,f,f
doge,doge:1784551500000,1784551500000,1784552400000,2026-07-20T12:45:00Z,UP,NO,,0.0724745,official-venue-resolution,t,f,t,f,f
eth,eth:1784551500000,1784551500000,1784552400000,2026-07-20T12:45:00Z,DOWN,NO,,1871.35,official-venue-resolution,f,f,f,f,f
sol,sol:1784551500000,1784551500000,1784552400000,2026-07-20T12:45:00Z,UP,YES,,76.6728,official-venue-resolution,f,f,f,f,f
xrp,xrp:1784551500000,1784551500000,1784552400000,2026-07-20T12:45:00Z,UP,YES,,1.0988,official-venue-resolution,f,f,f,f,f
btc,btc:1784552400000,1784552400000,1784553300000,2026-07-20T13:00:00Z,UP,YES,,64648.2,official-venue-resolution,f,f,f,f,f
doge,doge:1784552400000,1784552400000,1784553300000,2026-07-20T13:00:00Z,DOWN,YES,,0.0724868,official-venue-resolution,t,t,f,f,f
eth,eth:1784552400000,1784552400000,1784553300000,2026-07-20T13:00:00Z,DOWN,YES,,1871.89,official-venue-resolution,t,t,f,f,f
sol,sol:1784552400000,1784552400000,1784553300000,2026-07-20T13:00:00Z,DOWN,YES,,76.6805,official-venue-resolution,t,t,f,f,f
xrp,xrp:1784552400000,1784552400000,1784553300000,2026-07-20T13:00:00Z,DOWN,NO,,1.0985,official-venue-resolution,f,f,f,f,f
btc,btc:1784553300000,1784553300000,1784554200000,2026-07-20T13:15:00Z,DOWN,NO,,64485.81,official-venue-resolution,f,f,f,f,f
doge,doge:1784553300000,1784553300000,1784554200000,2026-07-20T13:15:00Z,DOWN,NO,,0.0723783,official-venue-resolution,f,f,f,f,f
eth,eth:1784553300000,1784553300000,1784554200000,2026-07-20T13:15:00Z,DOWN,NO,,1867.95,official-venue-resolution,f,f,f,f,f
sol,sol:1784553300000,1784553300000,1784554200000,2026-07-20T13:15:00Z,UP,NO,,76.675,official-venue-resolution,t,f,t,f,f
xrp,xrp:1784553300000,1784553300000,1784554200000,2026-07-20T13:15:00Z,DOWN,NO,,1.0966,official-venue-resolution,f,f,f,f,f
btc,btc:1784554200000,1784554200000,1784555100000,2026-07-20T13:30:00Z,UP,YES,,64612.08,official-venue-resolution,f,f,f,f,f
doge,doge:1784554200000,1784554200000,1784555100000,2026-07-20T13:30:00Z,UP,YES,,0.072569,official-venue-resolution,f,f,f,f,f
eth,eth:1784554200000,1784554200000,1784555100000,2026-07-20T13:30:00Z,UP,YES,,1875.23,official-venue-resolution,f,f,f,f,f
sol,sol:1784554200000,1784554200000,1784555100000,2026-07-20T13:30:00Z,UP,YES,,76.9022,official-venue-resolution,f,f,f,f,f
xrp,xrp:1784554200000,1784554200000,1784555100000,2026-07-20T13:30:00Z,UP,YES,,1.0987,official-venue-resolution,f,f,f,f,f
btc,btc:1784555100000,1784555100000,1784556000000,2026-07-20T13:45:00Z,DOWN,NO,,64257.26,official-venue-resolution,f,f,f,f,f
doge,doge:1784555100000,1784555100000,1784556000000,2026-07-20T13:45:00Z,DOWN,NO,,0.0719674,official-venue-resolution,f,f,f,f,f
eth,eth:1784555100000,1784555100000,1784556000000,2026-07-20T13:45:00Z,DOWN,NO,,1860.17,official-venue-resolution,f,f,f,f,f
sol,sol:1784555100000,1784555100000,1784556000000,2026-07-20T13:45:00Z,DOWN,NO,,76.1955,official-venue-resolution,f,f,f,f,f
xrp,xrp:1784555100000,1784555100000,1784556000000,2026-07-20T13:45:00Z,DOWN,NO,,1.0897,official-venue-resolution,f,f,f,f,f
btc,btc:1784556000000,1784556000000,1784556900000,2026-07-20T14:00:00Z,DOWN,YES,,64272.76,official-venue-resolution,t,t,f,f,f
doge,doge:1784556000000,1784556000000,1784556900000,2026-07-20T14:00:00Z,UP,YES,,0.0720296,official-venue-resolution,f,f,f,f,f
eth,eth:1784556000000,1784556000000,1784556900000,2026-07-20T14:00:00Z,DOWN,NO,,1860.02,official-venue-resolution,f,f,f,f,f
sol,sol:1784556000000,1784556000000,1784556900000,2026-07-20T14:00:00Z,DOWN,NO,,76.0668,official-venue-resolution,f,f,f,f,f
xrp,xrp:1784556000000,1784556000000,1784556900000,2026-07-20T14:00:00Z,DOWN,YES,,1.0897,official-venue-resolution,t,t,f,f,f
btc,btc:1784556900000,1784556900000,1784557800000,2026-07-20T14:15:00Z,UP,YES,,64380.24,official-venue-resolution,f,f,f,f,f
doge,doge:1784556900000,1784556900000,1784557800000,2026-07-20T14:15:00Z,UP,YES,,0.0722493,official-venue-resolution,f,f,f,f,f
eth,eth:1784556900000,1784556900000,1784557800000,2026-07-20T14:15:00Z,UP,YES,,1864.21,official-venue-resolution,f,f,f,f,f
sol,sol:1784556900000,1784556900000,1784557800000,2026-07-20T14:15:00Z,UP,YES,,76.2733,official-venue-resolution,f,f,f,f,f
xrp,xrp:1784556900000,1784556900000,1784557800000,2026-07-20T14:15:00Z,UP,YES,,1.0921,official-venue-resolution,f,f,f,f,f
btc,btc:1784557800000,1784557800000,1784558700000,2026-07-20T14:30:00Z,DOWN,NO,,64367.89,official-venue-resolution,f,f,f,f,f
doge,doge:1784557800000,1784557800000,1784558700000,2026-07-20T14:30:00Z,UP,YES,,0.0723167,official-venue-resolution,f,f,f,f,f
eth,eth:1784557800000,1784557800000,1784558700000,2026-07-20T14:30:00Z,DOWN,YES,,1864.74,official-venue-resolution,t,t,f,f,f
sol,sol:1784557800000,1784557800000,1784558700000,2026-07-20T14:30:00Z,DOWN,NO,,76.1713,official-venue-resolution,f,f,f,f,f
xrp,xrp:1784557800000,1784557800000,1784558700000,2026-07-20T14:30:00Z,DOWN,NO,,1.0919,official-venue-resolution,f,f,f,f,f
btc,btc:1784558700000,1784558700000,1784559600000,2026-07-20T14:45:00Z,DOWN,NO,,64321.44,official-venue-resolution,f,f,f,f,f
doge,doge:1784558700000,1784558700000,1784559600000,2026-07-20T14:45:00Z,DOWN,NO,,0.0722593,official-venue-resolution,f,f,f,f,f
eth,eth:1784558700000,1784558700000,1784559600000,2026-07-20T14:45:00Z,UP,YES,,1864.86,official-venue-resolution,f,f,f,f,f
sol,sol:1784558700000,1784558700000,1784559600000,2026-07-20T14:45:00Z,DOWN,NO,,76.0252,official-venue-resolution,f,f,f,f,f
xrp,xrp:1784558700000,1784558700000,1784559600000,2026-07-20T14:45:00Z,UP,NO,,1.0918,official-venue-resolution,t,f,t,f,f
btc,btc:1784559600000,1784559600000,1784560500000,2026-07-20T15:00:00Z,UP,YES,,64885.64,official-venue-resolution,f,f,f,f,f
doge,doge:1784559600000,1784559600000,1784560500000,2026-07-20T15:00:00Z,UP,YES,,0.0728421,official-venue-resolution,f,f,f,f,f
eth,eth:1784559600000,1784559600000,1784560500000,2026-07-20T15:00:00Z,UP,YES,,1882.76,official-venue-resolution,f,f,f,f,f
sol,sol:1784559600000,1784559600000,1784560500000,2026-07-20T15:00:00Z,UP,YES,,76.9612,official-venue-resolution,f,f,f,f,f
xrp,xrp:1784559600000,1784559600000,1784560500000,2026-07-20T15:00:00Z,UP,YES,,1.1045,official-venue-resolution,f,f,f,f,f
btc,btc:1784560500000,1784560500000,1784561400000,2026-07-20T15:15:00Z,DOWN,NO,,64868.78,official-venue-resolution,f,f,f,f,f
doge,doge:1784560500000,1784560500000,1784561400000,2026-07-20T15:15:00Z,UP,YES,,0.0729245,official-venue-resolution,f,f,f,f,f
eth,eth:1784560500000,1784560500000,1784561400000,2026-07-20T15:15:00Z,DOWN,NO,,1882.49,official-venue-resolution,f,f,f,f,f
sol,sol:1784560500000,1784560500000,1784561400000,2026-07-20T15:15:00Z,DOWN,NO,,76.9453,official-venue-resolution,f,f,f,f,f
xrp,xrp:1784560500000,1784560500000,1784561400000,2026-07-20T15:15:00Z,DOWN,NO,,1.1031,official-venue-resolution,f,f,f,f,f
btc,btc:1784561400000,1784561400000,1784562300000,2026-07-20T15:30:00Z,UP,YES,,65174.88,official-venue-resolution,f,f,f,f,f
doge,doge:1784561400000,1784561400000,1784562300000,2026-07-20T15:30:00Z,UP,YES,,0.0730254,official-venue-resolution,f,f,f,f,f
eth,eth:1784561400000,1784561400000,1784562300000,2026-07-20T15:30:00Z,UP,YES,,1889.36,official-venue-resolution,f,f,f,f,f
sol,sol:1784561400000,1784561400000,1784562300000,2026-07-20T15:30:00Z,UP,YES,,77.2253,official-venue-resolution,f,f,f,f,f
xrp,xrp:1784561400000,1784561400000,1784562300000,2026-07-20T15:30:00Z,UP,YES,,1.1059,official-venue-resolution,f,f,f,f,f
btc,btc:1784562300000,1784562300000,1784563200000,2026-07-20T15:45:00Z,UP,YES,,65535.15,official-venue-resolution,f,f,f,f,f
doge,doge:1784562300000,1784562300000,1784563200000,2026-07-20T15:45:00Z,UP,YES,,0.0732789,official-venue-resolution,f,f,f,f,f
eth,eth:1784562300000,1784562300000,1784563200000,2026-07-20T15:45:00Z,UP,YES,,1900.49,official-venue-resolution,f,f,f,f,f
sol,sol:1784562300000,1784562300000,1784563200000,2026-07-20T15:45:00Z,UP,YES,,77.709,official-venue-resolution,f,f,f,f,f
xrp,xrp:1784562300000,1784562300000,1784563200000,2026-07-20T15:45:00Z,UP,YES,,1.1118,official-venue-resolution,f,f,f,f,f
btc,btc:1784563200000,1784563200000,1784564100000,2026-07-20T16:00:00Z,DOWN,NO,,65508.59,official-venue-resolution,f,f,f,f,f
doge,doge:1784563200000,1784563200000,1784564100000,2026-07-20T16:00:00Z,UP,YES,,0.0734967,official-venue-resolution,f,f,f,f,f
eth,eth:1784563200000,1784563200000,1784564100000,2026-07-20T16:00:00Z,UP,YES,,1902.3,official-venue-resolution,f,f,f,f,f
sol,sol:1784563200000,1784563200000,1784564100000,2026-07-20T16:00:00Z,UP,YES,,77.774,official-venue-resolution,f,f,f,f,f
xrp,xrp:1784563200000,1784563200000,1784564100000,2026-07-20T16:00:00Z,UP,YES,,1.1135,official-venue-resolution,f,f,f,f,f
btc,btc:1784564100000,1784564100000,1784565000000,2026-07-20T16:15:00Z,DOWN,NO,,65390.5,official-venue-resolution,f,f,f,f,f
doge,doge:1784564100000,1784564100000,1784565000000,2026-07-20T16:15:00Z,DOWN,NO,,0.0730913,official-venue-resolution,f,f,f,f,f
eth,eth:1784564100000,1784564100000,1784565000000,2026-07-20T16:15:00Z,DOWN,NO,,1898.94,official-venue-resolution,f,f,f,f,f
sol,sol:1784564100000,1784564100000,1784565000000,2026-07-20T16:15:00Z,DOWN,NO,,77.5433,official-venue-resolution,f,f,f,f,f
xrp,xrp:1784564100000,1784564100000,1784565000000,2026-07-20T16:15:00Z,DOWN,NO,,1.11,official-venue-resolution,f,f,f,f,f
btc,btc:1784565000000,1784565000000,1784565900000,2026-07-20T16:30:00Z,DOWN,NO,,65355.48,official-venue-resolution,f,f,f,f,f
doge,doge:1784565000000,1784565000000,1784565900000,2026-07-20T16:30:00Z,DOWN,NO,,0.07303,official-venue-resolution,f,f,f,f,f
eth,eth:1784565000000,1784565000000,1784565900000,2026-07-20T16:30:00Z,DOWN,NO,,1896.66,official-venue-resolution,f,f,f,f,f
sol,sol:1784565000000,1784565000000,1784565900000,2026-07-20T16:30:00Z,DOWN,YES,,77.5607,official-venue-resolution,t,t,f,f,f
xrp,xrp:1784565000000,1784565000000,1784565900000,2026-07-20T16:30:00Z,UP,YES,,1.1116,official-venue-resolution,f,f,f,f,f
btc,btc:1784565900000,1784565900000,1784566800000,2026-07-20T16:45:00Z,UP,YES,,65443.99,official-venue-resolution,f,f,f,f,f
doge,doge:1784565900000,1784565900000,1784566800000,2026-07-20T16:45:00Z,UP,YES,,0.0731873,official-venue-resolution,f,f,f,f,f
eth,eth:1784565900000,1784565900000,1784566800000,2026-07-20T16:45:00Z,UP,YES,,1897.42,official-venue-resolution,f,f,f,f,f
sol,sol:1784565900000,1784565900000,1784566800000,2026-07-20T16:45:00Z,UP,YES,,77.594,official-venue-resolution,f,f,f,f,f
xrp,xrp:1784565900000,1784565900000,1784566800000,2026-07-20T16:45:00Z,UP,YES,,1.1132,official-venue-resolution,f,f,f,f,f
btc,btc:1784566800000,1784566800000,1784567700000,2026-07-20T17:00:00Z,DOWN,YES,,65466.79,official-venue-resolution,t,t,f,f,f
doge,doge:1784566800000,1784566800000,1784567700000,2026-07-20T17:00:00Z,DOWN,NO,,0.073083,official-venue-resolution,f,f,f,f,f
eth,eth:1784566800000,1784566800000,1784567700000,2026-07-20T17:00:00Z,DOWN,YES,,1897.95,official-venue-resolution,t,t,f,f,f
sol,sol:1784566800000,1784566800000,1784567700000,2026-07-20T17:00:00Z,DOWN,NO,,77.5745,official-venue-resolution,f,f,f,f,f
xrp,xrp:1784566800000,1784566800000,1784567700000,2026-07-20T17:00:00Z,DOWN,NO,,1.1126,official-venue-resolution,f,f,f,f,f
btc,btc:1784567700000,1784567700000,1784568600000,2026-07-20T17:15:00Z,UP,NO,,65449.65,official-venue-resolution,t,f,t,f,f
doge,doge:1784567700000,1784567700000,1784568600000,2026-07-20T17:15:00Z,DOWN,NO,,0.07284,official-venue-resolution,f,f,f,f,f
eth,eth:1784567700000,1784567700000,1784568600000,2026-07-20T17:15:00Z,UP,YES,,1898.43,official-venue-resolution,f,f,f,f,f
sol,sol:1784567700000,1784567700000,1784568600000,2026-07-20T17:15:00Z,DOWN,NO,,77.5228,official-venue-resolution,f,f,f,f,f
xrp,xrp:1784567700000,1784567700000,1784568600000,2026-07-20T17:15:00Z,DOWN,NO,,1.1108,official-venue-resolution,f,f,f,f,f
btc,btc:1784568600000,1784568600000,1784569500000,2026-07-20T17:30:00Z,DOWN,NO,,65317.32,official-venue-resolution,f,f,f,f,f
doge,doge:1784568600000,1784568600000,1784569500000,2026-07-20T17:30:00Z,DOWN,NO,,0.0727913,official-venue-resolution,f,f,f,f,f
eth,eth:1784568600000,1784568600000,1784569500000,2026-07-20T17:30:00Z,DOWN,NO,,1896.08,official-venue-resolution,f,f,f,f,f
sol,sol:1784568600000,1784568600000,1784569500000,2026-07-20T17:30:00Z,DOWN,NO,,77.351,official-venue-resolution,f,f,f,f,f
xrp,xrp:1784568600000,1784568600000,1784569500000,2026-07-20T17:30:00Z,DOWN,NO,,1.1102,official-venue-resolution,f,f,f,f,f
btc,btc:1784569500000,1784569500000,1784570400000,2026-07-20T17:45:00Z,UP,YES,,65538.8,official-venue-resolution,f,f,f,f,f
doge,doge:1784569500000,1784569500000,1784570400000,2026-07-20T17:45:00Z,UP,YES,,0.0730347,official-venue-resolution,f,f,f,f,f
eth,eth:1784569500000,1784569500000,1784570400000,2026-07-20T17:45:00Z,UP,YES,,1905.69,official-venue-resolution,f,f,f,f,f
sol,sol:1784569500000,1784569500000,1784570400000,2026-07-20T17:45:00Z,UP,YES,,77.6748,official-venue-resolution,f,f,f,f,f
xrp,xrp:1784569500000,1784569500000,1784570400000,2026-07-20T17:45:00Z,UP,YES,,1.1146,official-venue-resolution,f,f,f,f,f
btc,btc:1784570400000,1784570400000,1784571300000,2026-07-20T18:00:00Z,UP,YES,,65722.44,official-venue-resolution,f,f,f,f,f
doge,doge:1784570400000,1784570400000,1784571300000,2026-07-20T18:00:00Z,UP,YES,,0.0730573,official-venue-resolution,f,f,f,f,f
eth,eth:1784570400000,1784570400000,1784571300000,2026-07-20T18:00:00Z,UP,YES,,1913.9,official-venue-resolution,f,f,f,f,f
sol,sol:1784570400000,1784570400000,1784571300000,2026-07-20T18:00:00Z,UP,YES,,78.1673,official-venue-resolution,f,f,f,f,f
xrp,xrp:1784570400000,1784570400000,1784571300000,2026-07-20T18:00:00Z,UP,YES,,1.1191,official-venue-resolution,f,f,f,f,f
btc,btc:1784571300000,1784571300000,1784572200000,2026-07-20T18:15:00Z,DOWN,NO,,65558.35,official-venue-resolution,f,f,f,f,f
doge,doge:1784571300000,1784571300000,1784572200000,2026-07-20T18:15:00Z,DOWN,NO,,0.0725992,official-venue-resolution,f,f,f,f,f
eth,eth:1784571300000,1784571300000,1784572200000,2026-07-20T18:15:00Z,DOWN,NO,,1907.81,official-venue-resolution,f,f,f,f,f
sol,sol:1784571300000,1784571300000,1784572200000,2026-07-20T18:15:00Z,DOWN,NO,,78.0422,official-venue-resolution,f,f,f,f,f
xrp,xrp:1784571300000,1784571300000,1784572200000,2026-07-20T18:15:00Z,DOWN,NO,,1.1189,official-venue-resolution,f,f,f,f,f
btc,btc:1784572200000,1784572200000,1784573100000,2026-07-20T18:30:00Z,DOWN,NO,,65324.84,official-venue-resolution,f,f,f,f,f
doge,doge:1784572200000,1784572200000,1784573100000,2026-07-20T18:30:00Z,DOWN,NO,,0.0724291,official-venue-resolution,f,f,f,f,f
eth,eth:1784572200000,1784572200000,1784573100000,2026-07-20T18:30:00Z,DOWN,NO,,1901.7,official-venue-resolution,f,f,f,f,f
sol,sol:1784572200000,1784572200000,1784573100000,2026-07-20T18:30:00Z,DOWN,NO,,77.7462,official-venue-resolution,f,f,f,f,f
xrp,xrp:1784572200000,1784572200000,1784573100000,2026-07-20T18:30:00Z,DOWN,NO,,1.1153,official-venue-resolution,f,f,f,f,f
btc,btc:1784573100000,1784573100000,1784574000000,2026-07-20T18:45:00Z,DOWN,NO,,65182.93,official-venue-resolution,f,f,f,f,f
doge,doge:1784573100000,1784573100000,1784574000000,2026-07-20T18:45:00Z,DOWN,NO,,0.0723513,official-venue-resolution,f,f,f,f,f
eth,eth:1784573100000,1784573100000,1784574000000,2026-07-20T18:45:00Z,DOWN,NO,,1897.55,official-venue-resolution,f,f,f,f,f
sol,sol:1784573100000,1784573100000,1784574000000,2026-07-20T18:45:00Z,DOWN,NO,,77.6153,official-venue-resolution,f,f,f,f,f
xrp,xrp:1784573100000,1784573100000,1784574000000,2026-07-20T18:45:00Z,DOWN,NO,,1.1133,official-venue-resolution,f,f,f,f,f
btc,btc:1784574000000,1784574000000,1784574900000,2026-07-20T19:00:00Z,DOWN,NO,,65106.28,official-venue-resolution,f,f,f,f,f
doge,doge:1784574000000,1784574000000,1784574900000,2026-07-20T19:00:00Z,DOWN,NO,,0.0721282,official-venue-resolution,f,f,f,f,f
eth,eth:1784574000000,1784574000000,1784574900000,2026-07-20T19:00:00Z,DOWN,NO,,1891.97,official-venue-resolution,f,f,f,f,f
sol,sol:1784574000000,1784574000000,1784574900000,2026-07-20T19:00:00Z,DOWN,NO,,77.3948,official-venue-resolution,f,f,f,f,f
xrp,xrp:1784574000000,1784574000000,1784574900000,2026-07-20T19:00:00Z,DOWN,NO,,1.1113,official-venue-resolution,f,f,f,f,f
btc,btc:1784574900000,1784574900000,1784575800000,2026-07-20T19:15:00Z,UP,NO,,65084.28,official-venue-resolution,t,f,t,f,f
doge,doge:1784574900000,1784574900000,1784575800000,2026-07-20T19:15:00Z,UP,NO,,0.0721214,official-venue-resolution,t,f,t,f,f
eth,eth:1784574900000,1784574900000,1784575800000,2026-07-20T19:15:00Z,UP,YES,,1894,official-venue-resolution,f,f,f,f,f
sol,sol:1784574900000,1784574900000,1784575800000,2026-07-20T19:15:00Z,UP,YES,,77.4643,official-venue-resolution,f,f,f,f,f
xrp,xrp:1784574900000,1784574900000,1784575800000,2026-07-20T19:15:00Z,UP,YES,,1.1151,official-venue-resolution,f,f,f,f,f
btc,btc:1784575800000,1784575800000,1784576700000,2026-07-20T19:30:00Z,DOWN,NO,,65075.08,official-venue-resolution,f,f,f,f,f
doge,doge:1784575800000,1784575800000,1784576700000,2026-07-20T19:30:00Z,DOWN,NO,,0.0720525,official-venue-resolution,f,f,f,f,f
eth,eth:1784575800000,1784575800000,1784576700000,2026-07-20T19:30:00Z,UP,YES,,1896.3,official-venue-resolution,f,f,f,f,f
sol,sol:1784575800000,1784575800000,1784576700000,2026-07-20T19:30:00Z,DOWN,YES,,77.5073,official-venue-resolution,t,t,f,f,f
xrp,xrp:1784575800000,1784575800000,1784576700000,2026-07-20T19:30:00Z,UP,YES,,1.1168,official-venue-resolution,f,f,f,f,f
btc,btc:1784576700000,1784576700000,1784577600000,2026-07-20T19:45:00Z,UP,YES,,65095.97,official-venue-resolution,f,f,f,f,f
doge,doge:1784576700000,1784576700000,1784577600000,2026-07-20T19:45:00Z,UP,YES,,0.0720933,official-venue-resolution,f,f,f,f,f
eth,eth:1784576700000,1784576700000,1784577600000,2026-07-20T19:45:00Z,UP,YES,,1897.61,official-venue-resolution,f,f,f,f,f
sol,sol:1784576700000,1784576700000,1784577600000,2026-07-20T19:45:00Z,UP,YES,,77.6202,official-venue-resolution,f,f,f,f,f
xrp,xrp:1784576700000,1784576700000,1784577600000,2026-07-20T19:45:00Z,DOWN,NO,,1.116,official-venue-resolution,f,f,f,f,f
btc,btc:1784577600000,1784577600000,1784578500000,2026-07-20T20:00:00Z,UP,YES,,65182.22,official-venue-resolution,f,f,f,f,f
doge,doge:1784577600000,1784577600000,1784578500000,2026-07-20T20:00:00Z,UP,YES,,0.072115,official-venue-resolution,f,f,f,f,f
eth,eth:1784577600000,1784577600000,1784578500000,2026-07-20T20:00:00Z,UP,YES,,1900.1,official-venue-resolution,f,f,f,f,f
sol,sol:1784577600000,1784577600000,1784578500000,2026-07-20T20:00:00Z,UP,YES,,77.6808,official-venue-resolution,f,f,f,f,f
xrp,xrp:1784577600000,1784577600000,1784578500000,2026-07-20T20:00:00Z,DOWN,NO,,1.1147,official-venue-resolution,f,f,f,f,f
btc,btc:1784578500000,1784578500000,1784579400000,2026-07-20T20:15:00Z,UP,YES,,65248.05,official-venue-resolution,f,f,f,f,f
doge,doge:1784578500000,1784578500000,1784579400000,2026-07-20T20:15:00Z,UP,YES,,0.0721274,official-venue-resolution,f,f,f,f,f
eth,eth:1784578500000,1784578500000,1784579400000,2026-07-20T20:15:00Z,UP,YES,,1900.3,official-venue-resolution,f,f,f,f,f
sol,sol:1784578500000,1784578500000,1784579400000,2026-07-20T20:15:00Z,UP,YES,,77.7835,official-venue-resolution,f,f,f,f,f
xrp,xrp:1784578500000,1784578500000,1784579400000,2026-07-20T20:15:00Z,DOWN,NO,,1.1131,official-venue-resolution,f,f,f,f,f
btc,btc:1784579400000,1784579400000,1784580300000,2026-07-20T20:30:00Z,UP,YES,,65266.13,official-venue-resolution,f,f,f,f,f
doge,doge:1784579400000,1784579400000,1784580300000,2026-07-20T20:30:00Z,DOWN,NO,,0.0720614,official-venue-resolution,f,f,f,f,f
eth,eth:1784579400000,1784579400000,1784580300000,2026-07-20T20:30:00Z,UP,YES,,1902.18,official-venue-resolution,f,f,f,f,f
sol,sol:1784579400000,1784579400000,1784580300000,2026-07-20T20:30:00Z,UP,YES,,77.8283,official-venue-resolution,f,f,f,f,f
xrp,xrp:1784579400000,1784579400000,1784580300000,2026-07-20T20:30:00Z,UP,YES,,1.1147,official-venue-resolution,f,f,f,f,f
btc,btc:1784580300000,1784580300000,1784581200000,2026-07-20T20:45:00Z,UP,YES,,65326.85,official-venue-resolution,f,f,f,f,f
doge,doge:1784580300000,1784580300000,1784581200000,2026-07-20T20:45:00Z,UP,YES,,0.0721293,official-venue-resolution,f,f,f,f,f
eth,eth:1784580300000,1784580300000,1784581200000,2026-07-20T20:45:00Z,UP,YES,,1903.7,official-venue-resolution,f,f,f,f,f
sol,sol:1784580300000,1784580300000,1784581200000,2026-07-20T20:45:00Z,DOWN,YES,,77.8602,official-venue-resolution,t,t,f,f,f
xrp,xrp:1784580300000,1784580300000,1784581200000,2026-07-20T20:45:00Z,DOWN,NO,,1.1142,official-venue-resolution,f,f,f,f,f
btc,btc:1784581200000,1784581200000,1784582100000,2026-07-20T21:00:00Z,DOWN,NO,,65297.3,official-venue-resolution,f,f,f,f,f
doge,doge:1784581200000,1784581200000,1784582100000,2026-07-20T21:00:00Z,DOWN,NO,,0.0720984,official-venue-resolution,f,f,f,f,f
eth,eth:1784581200000,1784581200000,1784582100000,2026-07-20T21:00:00Z,UP,YES,,1904.72,official-venue-resolution,f,f,f,f,f
sol,sol:1784581200000,1784581200000,1784582100000,2026-07-20T21:00:00Z,UP,YES,,77.9068,official-venue-resolution,f,f,f,f,f
xrp,xrp:1784581200000,1784581200000,1784582100000,2026-07-20T21:00:00Z,UP,YES,,1.1165,official-venue-resolution,f,f,f,f,f
btc,btc:1784582100000,1784582100000,1784583000000,2026-07-20T21:15:00Z,DOWN,NO,,65274.06,official-venue-resolution,f,f,f,f,f
doge,doge:1784582100000,1784582100000,1784583000000,2026-07-20T21:15:00Z,UP,YES,,0.0721735,official-venue-resolution,f,f,f,f,f
eth,eth:1784582100000,1784582100000,1784583000000,2026-07-20T21:15:00Z,DOWN,NO,,1903.89,official-venue-resolution,f,f,f,f,f
sol,sol:1784582100000,1784582100000,1784583000000,2026-07-20T21:15:00Z,UP,NO,,77.8972,official-venue-resolution,t,f,t,f,f
xrp,xrp:1784582100000,1784582100000,1784583000000,2026-07-20T21:15:00Z,DOWN,NO,,1.1156,official-venue-resolution,f,f,f,f,f
btc,btc:1784583000000,1784583000000,1784583900000,2026-07-20T21:30:00Z,UP,YES,,65323.79,official-venue-resolution,f,f,f,f,f
doge,doge:1784583000000,1784583000000,1784583900000,2026-07-20T21:30:00Z,UP,YES,,0.0722148,official-venue-resolution,f,f,f,f,f
eth,eth:1784583000000,1784583000000,1784583900000,2026-07-20T21:30:00Z,DOWN,YES,,1903.98,official-venue-resolution,t,t,f,f,f
sol,sol:1784583000000,1784583000000,1784583900000,2026-07-20T21:30:00Z,DOWN,YES,,77.899,official-venue-resolution,t,t,f,f,f
xrp,xrp:1784583000000,1784583000000,1784583900000,2026-07-20T21:30:00Z,UP,YES,,1.1171,official-venue-resolution,f,f,f,f,f
btc,btc:1784583900000,1784583900000,1784584800000,2026-07-20T21:45:00Z,DOWN,NO,,65259.87,official-venue-resolution,f,f,f,f,f
doge,doge:1784583900000,1784583900000,1784584800000,2026-07-20T21:45:00Z,DOWN,NO,,0.072067,official-venue-resolution,f,f,f,f,f
eth,eth:1784583900000,1784583900000,1784584800000,2026-07-20T21:45:00Z,DOWN,NO,,1901.91,official-venue-resolution,f,f,f,f,f
sol,sol:1784583900000,1784583900000,1784584800000,2026-07-20T21:45:00Z,DOWN,NO,,77.7443,official-venue-resolution,f,f,f,f,f
xrp,xrp:1784583900000,1784583900000,1784584800000,2026-07-20T21:45:00Z,DOWN,NO,,1.1148,official-venue-resolution,f,f,f,f,f
btc,btc:1784584800000,1784584800000,1784585700000,2026-07-20T22:00:00Z,DOWN,NO,,65165.3,official-venue-resolution,f,f,f,f,f
doge,doge:1784584800000,1784584800000,1784585700000,2026-07-20T22:00:00Z,DOWN,NO,,0.0719522,official-venue-resolution,f,f,f,f,f
eth,eth:1784584800000,1784584800000,1784585700000,2026-07-20T22:00:00Z,DOWN,NO,,1899.04,official-venue-resolution,f,f,f,f,f
sol,sol:1784584800000,1784584800000,1784585700000,2026-07-20T22:00:00Z,UP,NO,,77.7137,official-venue-resolution,t,f,t,f,f
xrp,xrp:1784584800000,1784584800000,1784585700000,2026-07-20T22:00:00Z,DOWN,NO,,1.1117,official-venue-resolution,f,f,f,f,f
btc,btc:1784585700000,1784585700000,1784586600000,2026-07-20T22:15:00Z,UP,YES,,65181.56,official-venue-resolution,f,f,f,f,f
doge,doge:1784585700000,1784585700000,1784586600000,2026-07-20T22:15:00Z,DOWN,NO,,0.0718537,official-venue-resolution,f,f,f,f,f
eth,eth:1784585700000,1784585700000,1784586600000,2026-07-20T22:15:00Z,DOWN,NO,,1895.79,official-venue-resolution,f,f,f,f,f
sol,sol:1784585700000,1784585700000,1784586600000,2026-07-20T22:15:00Z,DOWN,NO,,77.6282,official-venue-resolution,f,f,f,f,f
xrp,xrp:1784585700000,1784585700000,1784586600000,2026-07-20T22:15:00Z,DOWN,NO,,1.1102,official-venue-resolution,f,f,f,f,f
btc,btc:1784586600000,1784586600000,1784587500000,2026-07-20T22:30:00Z,DOWN,NO,,65090.25,official-venue-resolution,f,f,f,f,f
doge,doge:1784586600000,1784586600000,1784587500000,2026-07-20T22:30:00Z,DOWN,NO,,0.0716964,official-venue-resolution,f,f,f,f,f
eth,eth:1784586600000,1784586600000,1784587500000,2026-07-20T22:30:00Z,DOWN,NO,,1894.18,official-venue-resolution,f,f,f,f,f
sol,sol:1784586600000,1784586600000,1784587500000,2026-07-20T22:30:00Z,DOWN,NO,,77.4287,official-venue-resolution,f,f,f,f,f
xrp,xrp:1784586600000,1784586600000,1784587500000,2026-07-20T22:30:00Z,DOWN,NO,,1.1078,official-venue-resolution,f,f,f,f,f
btc,btc:1784587500000,1784587500000,1784588400000,2026-07-20T22:45:00Z,UP,YES,,65111.43,official-venue-resolution,f,f,f,f,f
doge,doge:1784587500000,1784587500000,1784588400000,2026-07-20T22:45:00Z,UP,YES,,0.0717453,official-venue-resolution,f,f,f,f,f
eth,eth:1784587500000,1784587500000,1784588400000,2026-07-20T22:45:00Z,UP,YES,,1894.83,official-venue-resolution,f,f,f,f,f
sol,sol:1784587500000,1784587500000,1784588400000,2026-07-20T22:45:00Z,DOWN,NO,,77.4215,official-venue-resolution,f,f,f,f,f
xrp,xrp:1784587500000,1784587500000,1784588400000,2026-07-20T22:45:00Z,UP,YES,,1.1091,official-venue-resolution,f,f,f,f,f
btc,btc:1784588400000,1784588400000,1784589300000,2026-07-20T23:00:00Z,UP,YES,,65121.58,official-venue-resolution,f,f,f,f,f
doge,doge:1784588400000,1784588400000,1784589300000,2026-07-20T23:00:00Z,UP,YES,,0.0718654,official-venue-resolution,f,f,f,f,f
eth,eth:1784588400000,1784588400000,1784589300000,2026-07-20T23:00:00Z,UP,YES,,1898.18,official-venue-resolution,f,f,f,f,f
sol,sol:1784588400000,1784588400000,1784589300000,2026-07-20T23:00:00Z,UP,YES,,77.504,official-venue-resolution,f,f,f,f,f
xrp,xrp:1784588400000,1784588400000,1784589300000,2026-07-20T23:00:00Z,UP,YES,,1.1104,official-venue-resolution,f,f,f,f,f
btc,btc:1784589300000,1784589300000,1784590200000,2026-07-20T23:15:00Z,UP,YES,,65210.31,official-venue-resolution,f,f,f,f,f
doge,doge:1784589300000,1784589300000,1784590200000,2026-07-20T23:15:00Z,UP,YES,,0.0720753,official-venue-resolution,f,f,f,f,f
eth,eth:1784589300000,1784589300000,1784590200000,2026-07-20T23:15:00Z,UP,YES,,1902.41,official-venue-resolution,f,f,f,f,f
sol,sol:1784589300000,1784589300000,1784590200000,2026-07-20T23:15:00Z,UP,YES,,77.6797,official-venue-resolution,f,f,f,f,f
xrp,xrp:1784589300000,1784589300000,1784590200000,2026-07-20T23:15:00Z,UP,YES,,1.113,official-venue-resolution,f,f,f,f,f
btc,btc:1784590200000,1784590200000,1784591100000,2026-07-20T23:30:00Z,DOWN,NO,,65193.42,official-venue-resolution,f,f,f,f,f
doge,doge:1784590200000,1784590200000,1784591100000,2026-07-20T23:30:00Z,UP,YES,,0.0721368,official-venue-resolution,f,f,f,f,f
eth,eth:1784590200000,1784590200000,1784591100000,2026-07-20T23:30:00Z,DOWN,NO,,1900.85,official-venue-resolution,f,f,f,f,f
sol,sol:1784590200000,1784590200000,1784591100000,2026-07-20T23:30:00Z,UP,YES,,77.7107,official-venue-resolution,f,f,f,f,f
xrp,xrp:1784590200000,1784590200000,1784591100000,2026-07-20T23:30:00Z,UP,YES,,1.1131,official-venue-resolution,f,f,f,f,f
btc,btc:1784591100000,1784591100000,1784592000000,2026-07-20T23:45:00Z,UP,YES,,65216.99,official-venue-resolution,f,f,f,f,f
doge,doge:1784591100000,1784591100000,1784592000000,2026-07-20T23:45:00Z,DOWN,YES,,0.0721413,official-venue-resolution,t,t,f,f,f
eth,eth:1784591100000,1784591100000,1784592000000,2026-07-20T23:45:00Z,UP,YES,,1903.41,official-venue-resolution,f,f,f,f,f
sol,sol:1784591100000,1784591100000,1784592000000,2026-07-20T23:45:00Z,UP,YES,,77.8082,official-venue-resolution,f,f,f,f,f
xrp,xrp:1784591100000,1784591100000,1784592000000,2026-07-20T23:45:00Z,DOWN,NO,,1.1119,official-venue-resolution,f,f,f,f,f
btc,btc:1784592000000,1784592000000,1784592900000,2026-07-21T00:00:00Z,DOWN,NO,,65176.94,official-venue-resolution,f,f,f,f,f
doge,doge:1784592000000,1784592000000,1784592900000,2026-07-21T00:00:00Z,DOWN,NO,,0.0719639,official-venue-resolution,f,f,f,f,f
eth,eth:1784592000000,1784592000000,1784592900000,2026-07-21T00:00:00Z,DOWN,NO,,1902.79,official-venue-resolution,f,f,f,f,f
sol,sol:1784592000000,1784592000000,1784592900000,2026-07-21T00:00:00Z,DOWN,YES,,77.8378,official-venue-resolution,t,t,f,f,f
xrp,xrp:1784592000000,1784592000000,1784592900000,2026-07-21T00:00:00Z,DOWN,NO,,1.1118,official-venue-resolution,f,f,f,f,f
btc,btc:1784592900000,1784592900000,1784593800000,2026-07-21T00:15:00Z,UP,YES,,65326.64,official-venue-resolution,f,f,f,f,f
doge,doge:1784592900000,1784592900000,1784593800000,2026-07-21T00:15:00Z,UP,YES,,0.072112,official-venue-resolution,f,f,f,f,f
eth,eth:1784592900000,1784592900000,1784593800000,2026-07-21T00:15:00Z,UP,YES,,1906.42,official-venue-resolution,f,f,f,f,f
sol,sol:1784592900000,1784592900000,1784593800000,2026-07-21T00:15:00Z,UP,YES,,77.9407,official-venue-resolution,f,f,f,f,f
xrp,xrp:1784592900000,1784592900000,1784593800000,2026-07-21T00:15:00Z,UP,YES,,1.1133,official-venue-resolution,f,f,f,f,f
btc,btc:1784593800000,1784593800000,1784594700000,2026-07-21T00:30:00Z,UP,YES,,65467.69,official-venue-resolution,f,f,f,f,f
doge,doge:1784593800000,1784593800000,1784594700000,2026-07-21T00:30:00Z,UP,YES,,0.0723106,official-venue-resolution,f,f,f,f,f
eth,eth:1784593800000,1784593800000,1784594700000,2026-07-21T00:30:00Z,UP,YES,,1913.55,official-venue-resolution,f,f,f,f,f
sol,sol:1784593800000,1784593800000,1784594700000,2026-07-21T00:30:00Z,UP,YES,,78.1753,official-venue-resolution,f,f,f,f,f
xrp,xrp:1784593800000,1784593800000,1784594700000,2026-07-21T00:30:00Z,UP,YES,,1.1164,official-venue-resolution,f,f,f,f,f
btc,btc:1784594700000,1784594700000,1784595600000,2026-07-21T00:45:00Z,UP,YES,,65537.21,official-venue-resolution,f,f,f,f,f
doge,doge:1784594700000,1784594700000,1784595600000,2026-07-21T00:45:00Z,DOWN,NO,,0.0722529,official-venue-resolution,f,f,f,f,f
eth,eth:1784594700000,1784594700000,1784595600000,2026-07-21T00:45:00Z,UP,YES,,1913.84,official-venue-resolution,f,f,f,f,f
sol,sol:1784594700000,1784594700000,1784595600000,2026-07-21T00:45:00Z,DOWN,NO,,78.0942,official-venue-resolution,f,f,f,f,f
xrp,xrp:1784594700000,1784594700000,1784595600000,2026-07-21T00:45:00Z,DOWN,NO,,1.1157,official-venue-resolution,f,f,f,f,f
btc,btc:1784595600000,1784595600000,1784596500000,2026-07-21T01:00:00Z,DOWN,NO,,65521.05,official-venue-resolution,f,f,f,f,f
doge,doge:1784595600000,1784595600000,1784596500000,2026-07-21T01:00:00Z,UP,YES,,0.0723595,official-venue-resolution,f,f,f,f,f
eth,eth:1784595600000,1784595600000,1784596500000,2026-07-21T01:00:00Z,DOWN,NO,,1913.2,official-venue-resolution,f,f,f,f,f
sol,sol:1784595600000,1784595600000,1784596500000,2026-07-21T01:00:00Z,UP,YES,,78.096,official-venue-resolution,f,f,f,f,f
xrp,xrp:1784595600000,1784595600000,1784596500000,2026-07-21T01:00:00Z,UP,YES,,1.1186,official-venue-resolution,f,f,f,f,f
btc,btc:1784596500000,1784596500000,1784597400000,2026-07-21T01:15:00Z,DOWN,NO,,65429.74,official-venue-resolution,f,f,f,f,f
doge,doge:1784596500000,1784596500000,1784597400000,2026-07-21T01:15:00Z,DOWN,NO,,0.0722677,official-venue-resolution,f,f,f,f,f
eth,eth:1784596500000,1784596500000,1784597400000,2026-07-21T01:15:00Z,DOWN,NO,,1909.76,official-venue-resolution,f,f,f,f,f
sol,sol:1784596500000,1784596500000,1784597400000,2026-07-21T01:15:00Z,DOWN,NO,,77.9535,official-venue-resolution,f,f,f,f,f
xrp,xrp:1784596500000,1784596500000,1784597400000,2026-07-21T01:15:00Z,DOWN,NO,,1.1162,official-venue-resolution,f,f,f,f,f
btc,btc:1784597400000,1784597400000,1784598300000,2026-07-21T01:30:00Z,DOWN,NO,,65305.88,official-venue-resolution,f,f,f,f,f
doge,doge:1784597400000,1784597400000,1784598300000,2026-07-21T01:30:00Z,DOWN,NO,,0.0722069,official-venue-resolution,f,f,f,f,f
eth,eth:1784597400000,1784597400000,1784598300000,2026-07-21T01:30:00Z,DOWN,NO,,1908.66,official-venue-resolution,f,f,f,f,f
sol,sol:1784597400000,1784597400000,1784598300000,2026-07-21T01:30:00Z,DOWN,NO,,77.8955,official-venue-resolution,f,f,f,f,f
xrp,xrp:1784597400000,1784597400000,1784598300000,2026-07-21T01:30:00Z,DOWN,NO,,1.1145,official-venue-resolution,f,f,f,f,f
btc,btc:1784598300000,1784598300000,1784599200000,2026-07-21T01:45:00Z,DOWN,NO,,65205.4,official-venue-resolution,f,f,f,f,f
doge,doge:1784598300000,1784598300000,1784599200000,2026-07-21T01:45:00Z,DOWN,YES,,0.0722085,official-venue-resolution,t,t,f,f,f
eth,eth:1784598300000,1784598300000,1784599200000,2026-07-21T01:45:00Z,DOWN,NO,,1906.41,official-venue-resolution,f,f,f,f,f
sol,sol:1784598300000,1784598300000,1784599200000,2026-07-21T01:45:00Z,DOWN,NO,,77.811,official-venue-resolution,f,f,f,f,f
xrp,xrp:1784598300000,1784598300000,1784599200000,2026-07-21T01:45:00Z,DOWN,NO,,1.1134,official-venue-resolution,f,f,f,f,f
btc,btc:1784599200000,1784599200000,1784600100000,2026-07-21T02:00:00Z,UP,YES,,65235.44,official-venue-resolution,f,f,f,f,f
doge,doge:1784599200000,1784599200000,1784600100000,2026-07-21T02:00:00Z,UP,YES,,0.0722469,official-venue-resolution,f,f,f,f,f
eth,eth:1784599200000,1784599200000,1784600100000,2026-07-21T02:00:00Z,UP,YES,,1907.99,official-venue-resolution,f,f,f,f,f
sol,sol:1784599200000,1784599200000,1784600100000,2026-07-21T02:00:00Z,DOWN,NO,,77.791,official-venue-resolution,f,f,f,f,f
xrp,xrp:1784599200000,1784599200000,1784600100000,2026-07-21T02:00:00Z,UP,YES,,1.1135,official-venue-resolution,f,f,f,f,f
btc,btc:1784600100000,1784600100000,1784601000000,2026-07-21T02:15:00Z,DOWN,NO,,65231,official-venue-resolution,f,f,f,f,f
doge,doge:1784600100000,1784600100000,1784601000000,2026-07-21T02:15:00Z,DOWN,NO,,0.0721437,official-venue-resolution,f,f,f,f,f
eth,eth:1784600100000,1784600100000,1784601000000,2026-07-21T02:15:00Z,DOWN,NO,,1906.51,official-venue-resolution,f,f,f,f,f
sol,sol:1784600100000,1784600100000,1784601000000,2026-07-21T02:15:00Z,DOWN,NO,,77.7402,official-venue-resolution,f,f,f,f,f
xrp,xrp:1784600100000,1784600100000,1784601000000,2026-07-21T02:15:00Z,DOWN,NO,,1.1127,official-venue-resolution,f,f,f,f,f
btc,btc:1784601000000,1784601000000,1784601900000,2026-07-21T02:30:00Z,UP,YES,,65310.6,official-venue-resolution,f,f,f,f,f
doge,doge:1784601000000,1784601000000,1784601900000,2026-07-21T02:30:00Z,UP,YES,,0.0723804,official-venue-resolution,f,f,f,f,f
eth,eth:1784601000000,1784601000000,1784601900000,2026-07-21T02:30:00Z,UP,YES,,1911.02,official-venue-resolution,f,f,f,f,f
sol,sol:1784601000000,1784601000000,1784601900000,2026-07-21T02:30:00Z,UP,YES,,77.9562,official-venue-resolution,f,f,f,f,f
xrp,xrp:1784601000000,1784601000000,1784601900000,2026-07-21T02:30:00Z,UP,YES,,1.1157,official-venue-resolution,f,f,f,f,f
btc,btc:1784601900000,1784601900000,1784602800000,2026-07-21T02:45:00Z,UP,YES,,65383.07,official-venue-resolution,f,f,f,f,f
doge,doge:1784601900000,1784601900000,1784602800000,2026-07-21T02:45:00Z,UP,YES,,0.0724777,official-venue-resolution,f,f,f,f,f
eth,eth:1784601900000,1784601900000,1784602800000,2026-07-21T02:45:00Z,UP,YES,,1916.28,official-venue-resolution,f,f,f,f,f
sol,sol:1784601900000,1784601900000,1784602800000,2026-07-21T02:45:00Z,UP,YES,,77.9935,official-venue-resolution,f,f,f,f,f
xrp,xrp:1784601900000,1784601900000,1784602800000,2026-07-21T02:45:00Z,UP,YES,,1.1188,official-venue-resolution,f,f,f,f,f
btc,btc:1784602800000,1784602800000,1784603700000,2026-07-21T03:00:00Z,UP,YES,,65448.99,official-venue-resolution,f,f,f,f,f
doge,doge:1784602800000,1784602800000,1784603700000,2026-07-21T03:00:00Z,UP,YES,,0.0726301,official-venue-resolution,f,f,f,f,f
eth,eth:1784602800000,1784602800000,1784603700000,2026-07-21T03:00:00Z,UP,YES,,1923.3,official-venue-resolution,f,f,f,f,f
sol,sol:1784602800000,1784602800000,1784603700000,2026-07-21T03:00:00Z,UP,YES,,78.2652,official-venue-resolution,f,f,f,f,f
xrp,xrp:1784602800000,1784602800000,1784603700000,2026-07-21T03:00:00Z,UP,YES,,1.1215,official-venue-resolution,f,f,f,f,f
btc,btc:1784603700000,1784603700000,1784604600000,2026-07-21T03:15:00Z,UP,NO,,65439.61,official-venue-resolution,t,f,t,f,f
doge,doge:1784603700000,1784603700000,1784604600000,2026-07-21T03:15:00Z,UP,NO,,0.0726097,official-venue-resolution,t,f,t,f,f
eth,eth:1784603700000,1784603700000,1784604600000,2026-07-21T03:15:00Z,DOWN,YES,,1923.37,official-venue-resolution,t,t,f,f,f
sol,sol:1784603700000,1784603700000,1784604600000,2026-07-21T03:15:00Z,DOWN,NO,,78.2435,official-venue-resolution,f,f,f,f,f
xrp,xrp:1784603700000,1784603700000,1784604600000,2026-07-21T03:15:00Z,UP,YES,,1.1227,official-venue-resolution,f,f,f,f,f
btc,btc:1784604600000,1784604600000,1784605500000,2026-07-21T03:30:00Z,UP,YES,,65457.31,official-venue-resolution,f,f,f,f,f
doge,doge:1784604600000,1784604600000,1784605500000,2026-07-21T03:30:00Z,UP,YES,,0.0726182,official-venue-resolution,f,f,f,f,f
eth,eth:1784604600000,1784604600000,1784605500000,2026-07-21T03:30:00Z,UP,YES,,1924.77,official-venue-resolution,f,f,f,f,f
sol,sol:1784604600000,1784604600000,1784605500000,2026-07-21T03:30:00Z,DOWN,NO,,78.2158,official-venue-resolution,f,f,f,f,f
xrp,xrp:1784604600000,1784604600000,1784605500000,2026-07-21T03:30:00Z,UP,YES,,1.1231,official-venue-resolution,f,f,f,f,f
btc,btc:1784605500000,1784605500000,1784606400000,2026-07-21T03:45:00Z,UP,YES,,65539.82,official-venue-resolution,f,f,f,f,f
doge,doge:1784605500000,1784605500000,1784606400000,2026-07-21T03:45:00Z,UP,YES,,0.0727346,official-venue-resolution,f,f,f,f,f
eth,eth:1784605500000,1784605500000,1784606400000,2026-07-21T03:45:00Z,UP,YES,,1925.97,official-venue-resolution,f,f,f,f,f
sol,sol:1784605500000,1784605500000,1784606400000,2026-07-21T03:45:00Z,DOWN,NO,,78.1713,official-venue-resolution,f,f,f,f,f
xrp,xrp:1784605500000,1784605500000,1784606400000,2026-07-21T03:45:00Z,UP,YES,,1.1242,official-venue-resolution,f,f,f,f,f
btc,btc:1784606400000,1784606400000,1784607300000,2026-07-21T04:00:00Z,UP,YES,,65559.7,official-venue-resolution,f,f,f,f,f
doge,doge:1784606400000,1784606400000,1784607300000,2026-07-21T04:00:00Z,DOWN,NO,,0.0726346,official-venue-resolution,f,f,f,f,f
eth,eth:1784606400000,1784606400000,1784607300000,2026-07-21T04:00:00Z,DOWN,NO,,1925.13,official-venue-resolution,f,f,f,f,f
sol,sol:1784606400000,1784606400000,1784607300000,2026-07-21T04:00:00Z,DOWN,NO,,78.093,official-venue-resolution,f,f,f,f,f
xrp,xrp:1784606400000,1784606400000,1784607300000,2026-07-21T04:00:00Z,UP,YES,,1.1249,official-venue-resolution,f,f,f,f,f
btc,btc:1784607300000,1784607300000,1784608200000,2026-07-21T04:15:00Z,DOWN,NO,,65492.88,official-venue-resolution,f,f,f,f,f
doge,doge:1784607300000,1784607300000,1784608200000,2026-07-21T04:15:00Z,DOWN,NO,,0.0725294,official-venue-resolution,f,f,f,f,f
eth,eth:1784607300000,1784607300000,1784608200000,2026-07-21T04:15:00Z,DOWN,NO,,1922.65,official-venue-resolution,f,f,f,f,f
sol,sol:1784607300000,1784607300000,1784608200000,2026-07-21T04:15:00Z,DOWN,NO,,78.0218,official-venue-resolution,f,f,f,f,f
xrp,xrp:1784607300000,1784607300000,1784608200000,2026-07-21T04:15:00Z,DOWN,NO,,1.1218,official-venue-resolution,f,f,f,f,f
btc,btc:1784608200000,1784608200000,1784609100000,2026-07-21T04:30:00Z,UP,YES,,65500.14,official-venue-resolution,f,f,f,f,f
doge,doge:1784608200000,1784608200000,1784609100000,2026-07-21T04:30:00Z,UP,YES,,0.0726181,official-venue-resolution,f,f,f,f,f
eth,eth:1784608200000,1784608200000,1784609100000,2026-07-21T04:30:00Z,UP,YES,,1923.36,official-venue-resolution,f,f,f,f,f
sol,sol:1784608200000,1784608200000,1784609100000,2026-07-21T04:30:00Z,UP,YES,,78.0995,official-venue-resolution,f,f,f,f,f
xrp,xrp:1784608200000,1784608200000,1784609100000,2026-07-21T04:30:00Z,UP,YES,,1.1246,official-venue-resolution,f,f,f,f,f
btc,btc:1784609100000,1784609100000,1784610000000,2026-07-21T04:45:00Z,DOWN,NO,,65483.13,official-venue-resolution,f,f,f,f,f
doge,doge:1784609100000,1784609100000,1784610000000,2026-07-21T04:45:00Z,UP,YES,,0.0726588,official-venue-resolution,f,f,f,f,f
eth,eth:1784609100000,1784609100000,1784610000000,2026-07-21T04:45:00Z,UP,YES,,1923.73,official-venue-resolution,f,f,f,f,f
sol,sol:1784609100000,1784609100000,1784610000000,2026-07-21T04:45:00Z,DOWN,NO,,78.099,official-venue-resolution,f,f,f,f,f
xrp,xrp:1784609100000,1784609100000,1784610000000,2026-07-21T04:45:00Z,UP,YES,,1.1263,official-venue-resolution,f,f,f,f,f
btc,btc:1784610000000,1784610000000,1784610900000,2026-07-21T05:00:00Z,UP,YES,,65485.97,official-venue-resolution,f,f,f,f,f
doge,doge:1784610000000,1784610000000,1784610900000,2026-07-21T05:00:00Z,UP,YES,,0.0727938,official-venue-resolution,f,f,f,f,f
eth,eth:1784610000000,1784610000000,1784610900000,2026-07-21T05:00:00Z,DOWN,NO,,1922.68,official-venue-resolution,f,f,f,f,f
sol,sol:1784610000000,1784610000000,1784610900000,2026-07-21T05:00:00Z,UP,YES,,78.2268,official-venue-resolution,f,f,f,f,f
xrp,xrp:1784610000000,1784610000000,1784610900000,2026-07-21T05:00:00Z,UP,YES,,1.132,official-venue-resolution,f,f,f,f,f
btc,btc:1784610900000,1784610900000,1784611800000,2026-07-21T05:15:00Z,UP,YES,,65574.86,official-venue-resolution,f,f,f,f,f
doge,doge:1784610900000,1784610900000,1784611800000,2026-07-21T05:15:00Z,DOWN,NO,,0.0727715,official-venue-resolution,f,f,f,f,f
eth,eth:1784610900000,1784610900000,1784611800000,2026-07-21T05:15:00Z,UP,YES,,1923.81,official-venue-resolution,f,f,f,f,f
sol,sol:1784610900000,1784610900000,1784611800000,2026-07-21T05:15:00Z,UP,YES,,78.3223,official-venue-resolution,f,f,f,f,f
xrp,xrp:1784610900000,1784610900000,1784611800000,2026-07-21T05:15:00Z,DOWN,NO,,1.1309,official-venue-resolution,f,f,f,f,f
btc,btc:1784611800000,1784611800000,1784612700000,2026-07-21T05:30:00Z,UP,YES,,65597.93,official-venue-resolution,f,f,f,f,f
doge,doge:1784611800000,1784611800000,1784612700000,2026-07-21T05:30:00Z,UP,YES,,0.0727778,official-venue-resolution,f,f,f,f,f
eth,eth:1784611800000,1784611800000,1784612700000,2026-07-21T05:30:00Z,UP,YES,,1925.01,official-venue-resolution,f,f,f,f,f
sol,sol:1784611800000,1784611800000,1784612700000,2026-07-21T05:30:00Z,UP,YES,,78.3588,official-venue-resolution,f,f,f,f,f
xrp,xrp:1784611800000,1784611800000,1784612700000,2026-07-21T05:30:00Z,DOWN,NO,,1.1284,official-venue-resolution,f,f,f,f,f
btc,btc:1784612700000,1784612700000,1784613600000,2026-07-21T05:45:00Z,UP,YES,,65710.92,official-venue-resolution,f,f,f,f,f
doge,doge:1784612700000,1784612700000,1784613600000,2026-07-21T05:45:00Z,UP,YES,,0.0729111,official-venue-resolution,f,f,f,f,f
eth,eth:1784612700000,1784612700000,1784613600000,2026-07-21T05:45:00Z,UP,YES,,1929.09,official-venue-resolution,f,f,f,f,f
sol,sol:1784612700000,1784612700000,1784613600000,2026-07-21T05:45:00Z,UP,YES,,78.4157,official-venue-resolution,f,f,f,f,f
xrp,xrp:1784612700000,1784612700000,1784613600000,2026-07-21T05:45:00Z,UP,YES,,1.131,official-venue-resolution,f,f,f,f,f
btc,btc:1784613600000,1784613600000,1784614500000,2026-07-21T06:00:00Z,DOWN,NO,,65683.79,official-venue-resolution,f,f,f,f,f
doge,doge:1784613600000,1784613600000,1784614500000,2026-07-21T06:00:00Z,DOWN,NO,,0.0728847,official-venue-resolution,f,f,f,f,f
eth,eth:1784613600000,1784613600000,1784614500000,2026-07-21T06:00:00Z,UP,YES,,1930.32,official-venue-resolution,f,f,f,f,f
sol,sol:1784613600000,1784613600000,1784614500000,2026-07-21T06:00:00Z,DOWN,NO,,78.3483,official-venue-resolution,f,f,f,f,f
xrp,xrp:1784613600000,1784613600000,1784614500000,2026-07-21T06:00:00Z,DOWN,NO,,1.1302,official-venue-resolution,f,f,f,f,f
btc,btc:1784614500000,1784614500000,1784615400000,2026-07-21T06:15:00Z,UP,YES,,65788.65,official-venue-resolution,f,f,f,f,f
doge,doge:1784614500000,1784614500000,1784615400000,2026-07-21T06:15:00Z,UP,YES,,0.0729886,official-venue-resolution,f,f,f,f,f
eth,eth:1784614500000,1784614500000,1784615400000,2026-07-21T06:15:00Z,UP,YES,,1931.75,official-venue-resolution,f,f,f,f,f
sol,sol:1784614500000,1784614500000,1784615400000,2026-07-21T06:15:00Z,UP,YES,,78.4197,official-venue-resolution,f,f,f,f,f
xrp,xrp:1784614500000,1784614500000,1784615400000,2026-07-21T06:15:00Z,UP,YES,,1.1333,official-venue-resolution,f,f,f,f,f
btc,btc:1784615400000,1784615400000,1784616300000,2026-07-21T06:30:00Z,UP,YES,,65901.42,official-venue-resolution,f,f,f,f,f
doge,doge:1784615400000,1784615400000,1784616300000,2026-07-21T06:30:00Z,UP,YES,,0.0731097,official-venue-resolution,f,f,f,f,f
eth,eth:1784615400000,1784615400000,1784616300000,2026-07-21T06:30:00Z,UP,YES,,1936.48,official-venue-resolution,f,f,f,f,f
sol,sol:1784615400000,1784615400000,1784616300000,2026-07-21T06:30:00Z,UP,YES,,78.6328,official-venue-resolution,f,f,f,f,f
xrp,xrp:1784615400000,1784615400000,1784616300000,2026-07-21T06:30:00Z,UP,YES,,1.1356,official-venue-resolution,f,f,f,f,f
btc,btc:1784616300000,1784616300000,1784617200000,2026-07-21T06:45:00Z,DOWN,NO,,65887.58,official-venue-resolution,f,f,f,f,f
doge,doge:1784616300000,1784616300000,1784617200000,2026-07-21T06:45:00Z,DOWN,NO,,0.0730985,official-venue-resolution,f,f,f,f,f
eth,eth:1784616300000,1784616300000,1784617200000,2026-07-21T06:45:00Z,DOWN,NO,,1933.92,official-venue-resolution,f,f,f,f,f
sol,sol:1784616300000,1784616300000,1784617200000,2026-07-21T06:45:00Z,DOWN,NO,,78.614,official-venue-resolution,f,f,f,f,f
xrp,xrp:1784616300000,1784616300000,1784617200000,2026-07-21T06:45:00Z,DOWN,NO,,1.1337,official-venue-resolution,f,f,f,f,f
btc,btc:1784617200000,1784617200000,1784618100000,2026-07-21T07:00:00Z,UP,NO,,65873.4,official-venue-resolution,t,f,t,f,f
doge,doge:1784617200000,1784617200000,1784618100000,2026-07-21T07:00:00Z,UP,NO,,0.0730846,official-venue-resolution,t,f,t,f,f
eth,eth:1784617200000,1784617200000,1784618100000,2026-07-21T07:00:00Z,UP,YES,,1934.28,official-venue-resolution,f,f,f,f,f
sol,sol:1784617200000,1784617200000,1784618100000,2026-07-21T07:00:00Z,UP,NO,,78.584,official-venue-resolution,t,f,t,f,f
xrp,xrp:1784617200000,1784617200000,1784618100000,2026-07-21T07:00:00Z,UP,YES,,1.1348,official-venue-resolution,f,f,f,f,f
btc,btc:1784618100000,1784618100000,1784619000000,2026-07-21T07:15:00Z,UP,YES,,65920.18,official-venue-resolution,f,f,f,f,f
doge,doge:1784618100000,1784618100000,1784619000000,2026-07-21T07:15:00Z,DOWN,NO,,0.0729937,official-venue-resolution,f,f,f,f,f
eth,eth:1784618100000,1784618100000,1784619000000,2026-07-21T07:15:00Z,DOWN,NO,,1933.99,official-venue-resolution,f,f,f,f,f
sol,sol:1784618100000,1784618100000,1784619000000,2026-07-21T07:15:00Z,DOWN,NO,,78.5272,official-venue-resolution,f,f,f,f,f
xrp,xrp:1784618100000,1784618100000,1784619000000,2026-07-21T07:15:00Z,DOWN,NO,,1.1326,official-venue-resolution,f,f,f,f,f
btc,btc:1784619000000,1784619000000,1784619900000,2026-07-21T07:30:00Z,UP,YES,,65993.47,official-venue-resolution,f,f,f,f,f
doge,doge:1784619000000,1784619000000,1784619900000,2026-07-21T07:30:00Z,UP,YES,,0.0730814,official-venue-resolution,f,f,f,f,f
eth,eth:1784619000000,1784619000000,1784619900000,2026-07-21T07:30:00Z,DOWN,NO,,1933.66,official-venue-resolution,f,f,f,f,f
sol,sol:1784619000000,1784619000000,1784619900000,2026-07-21T07:30:00Z,DOWN,NO,,78.4715,official-venue-resolution,f,f,f,f,f
xrp,xrp:1784619000000,1784619000000,1784619900000,2026-07-21T07:30:00Z,UP,NO,,1.1325,official-venue-resolution,t,f,t,f,f
btc,btc:1784619900000,1784619900000,1784620800000,2026-07-21T07:45:00Z,UP,YES,,66160.91,official-venue-resolution,f,f,f,f,f
doge,doge:1784619900000,1784619900000,1784620800000,2026-07-21T07:45:00Z,UP,YES,,0.0732813,official-venue-resolution,f,f,f,f,f
eth,eth:1784619900000,1784619900000,1784620800000,2026-07-21T07:45:00Z,DOWN,NO,,1933.16,official-venue-resolution,f,f,f,f,f
sol,sol:1784619900000,1784619900000,1784620800000,2026-07-21T07:45:00Z,UP,YES,,78.5293,official-venue-resolution,f,f,f,f,f
xrp,xrp:1784619900000,1784619900000,1784620800000,2026-07-21T07:45:00Z,UP,YES,,1.1356,official-venue-resolution,f,f,f,f,f
btc,btc:1784620800000,1784620800000,1784621700000,2026-07-21T08:00:00Z,UP,YES,,66226.43,official-venue-resolution,f,f,f,f,f
doge,doge:1784620800000,1784620800000,1784621700000,2026-07-21T08:00:00Z,UP,YES,,0.0736139,official-venue-resolution,f,f,f,f,f
eth,eth:1784620800000,1784620800000,1784621700000,2026-07-21T08:00:00Z,UP,YES,,1934.99,official-venue-resolution,f,f,f,f,f
sol,sol:1784620800000,1784620800000,1784621700000,2026-07-21T08:00:00Z,UP,NO,,78.5208,official-venue-resolution,t,f,t,f,f
xrp,xrp:1784620800000,1784620800000,1784621700000,2026-07-21T08:00:00Z,DOWN,NO,,1.1339,official-venue-resolution,f,f,f,f,f
btc,btc:1784621700000,1784621700000,1784622600000,2026-07-21T08:15:00Z,DOWN,NO,,66178.99,official-venue-resolution,f,f,f,f,f
doge,doge:1784621700000,1784621700000,1784622600000,2026-07-21T08:15:00Z,DOWN,NO,,0.07348,official-venue-resolution,f,f,f,f,f
eth,eth:1784621700000,1784621700000,1784622600000,2026-07-21T08:15:00Z,UP,YES,,1938.82,official-venue-resolution,f,f,f,f,f
sol,sol:1784621700000,1784621700000,1784622600000,2026-07-21T08:15:00Z,DOWN,NO,,78.3732,official-venue-resolution,f,f,f,f,f
xrp,xrp:1784621700000,1784621700000,1784622600000,2026-07-21T08:15:00Z,DOWN,NO,,1.133,official-venue-resolution,f,f,f,f,f
btc,btc:1784622600000,1784622600000,1784623500000,2026-07-21T08:30:00Z,UP,YES,,66263.71,official-venue-resolution,f,f,f,f,f
doge,doge:1784622600000,1784622600000,1784623500000,2026-07-21T08:30:00Z,UP,YES,,0.0735313,official-venue-resolution,f,f,f,f,f
eth,eth:1784622600000,1784622600000,1784623500000,2026-07-21T08:30:00Z,UP,YES,,1940.57,official-venue-resolution,f,f,f,f,f
sol,sol:1784622600000,1784622600000,1784623500000,2026-07-21T08:30:00Z,UP,YES,,78.3937,official-venue-resolution,f,f,f,f,f
xrp,xrp:1784622600000,1784622600000,1784623500000,2026-07-21T08:30:00Z,UP,YES,,1.1336,official-venue-resolution,f,f,f,f,f
btc,btc:1784623500000,1784623500000,1784624400000,2026-07-21T08:45:00Z,DOWN,NO,,66191.32,official-venue-resolution,f,f,f,f,f
doge,doge:1784623500000,1784623500000,1784624400000,2026-07-21T08:45:00Z,DOWN,NO,,0.0735097,official-venue-resolution,f,f,f,f,f
eth,eth:1784623500000,1784623500000,1784624400000,2026-07-21T08:45:00Z,DOWN,NO,,1938.75,official-venue-resolution,f,f,f,f,f
sol,sol:1784623500000,1784623500000,1784624400000,2026-07-21T08:45:00Z,DOWN,NO,,78.3257,official-venue-resolution,f,f,f,f,f
xrp,xrp:1784623500000,1784623500000,1784624400000,2026-07-21T08:45:00Z,DOWN,NO,,1.1329,official-venue-resolution,f,f,f,f,f
btc,btc:1784624400000,1784624400000,1784625300000,2026-07-21T09:00:00Z,DOWN,NO,,66173.68,official-venue-resolution,f,f,f,f,f
doge,doge:1784624400000,1784624400000,1784625300000,2026-07-21T09:00:00Z,DOWN,NO,,0.0734085,official-venue-resolution,f,f,f,f,f
eth,eth:1784624400000,1784624400000,1784625300000,2026-07-21T09:00:00Z,UP,NO,,1938.67,official-venue-resolution,t,f,t,f,f
sol,sol:1784624400000,1784624400000,1784625300000,2026-07-21T09:00:00Z,DOWN,NO,,78.227,official-venue-resolution,f,f,f,f,f
xrp,xrp:1784624400000,1784624400000,1784625300000,2026-07-21T09:00:00Z,DOWN,NO,,1.1322,official-venue-resolution,f,f,f,f,f
btc,btc:1784625300000,1784625300000,1784626200000,2026-07-21T09:15:00Z,UP,YES,,66204.8,official-venue-resolution,f,f,f,f,f
doge,doge:1784625300000,1784625300000,1784626200000,2026-07-21T09:15:00Z,UP,YES,,0.0734544,official-venue-resolution,f,f,f,f,f
eth,eth:1784625300000,1784625300000,1784626200000,2026-07-21T09:15:00Z,DOWN,NO,,1937.6,official-venue-resolution,f,f,f,f,f
sol,sol:1784625300000,1784625300000,1784626200000,2026-07-21T09:15:00Z,UP,YES,,78.2472,official-venue-resolution,f,f,f,f,f
xrp,xrp:1784625300000,1784625300000,1784626200000,2026-07-21T09:15:00Z,UP,YES,,1.1331,official-venue-resolution,f,f,f,f,f
btc,btc:1784626200000,1784626200000,1784627100000,2026-07-21T09:30:00Z,UP,YES,,66266.1,official-venue-resolution,f,f,f,f,f
doge,doge:1784626200000,1784626200000,1784627100000,2026-07-21T09:30:00Z,UP,YES,,0.0734814,official-venue-resolution,f,f,f,f,f
eth,eth:1784626200000,1784626200000,1784627100000,2026-07-21T09:30:00Z,UP,YES,,1938.48,official-venue-resolution,f,f,f,f,f
sol,sol:1784626200000,1784626200000,1784627100000,2026-07-21T09:30:00Z,UP,YES,,78.4043,official-venue-resolution,f,f,f,f,f
xrp,xrp:1784626200000,1784626200000,1784627100000,2026-07-21T09:30:00Z,UP,YES,,1.1343,official-venue-resolution,f,f,f,f,f
btc,btc:1784627100000,1784627100000,1784628000000,2026-07-21T09:45:00Z,DOWN,NO,,66250.46,official-venue-resolution,f,f,f,f,f
doge,doge:1784627100000,1784627100000,1784628000000,2026-07-21T09:45:00Z,DOWN,NO,,0.0734288,official-venue-resolution,f,f,f,f,f
eth,eth:1784627100000,1784627100000,1784628000000,2026-07-21T09:45:00Z,UP,YES,,1940.52,official-venue-resolution,f,f,f,f,f
sol,sol:1784627100000,1784627100000,1784628000000,2026-07-21T09:45:00Z,DOWN,NO,,78.3712,official-venue-resolution,f,f,f,f,f
xrp,xrp:1784627100000,1784627100000,1784628000000,2026-07-21T09:45:00Z,DOWN,NO,,1.1342,official-venue-resolution,f,f,f,f,f
btc,btc:1784628000000,1784628000000,1784628900000,2026-07-21T10:00:00Z,UP,YES,,66328.23,official-venue-resolution,f,f,f,f,f
doge,doge:1784628000000,1784628000000,1784628900000,2026-07-21T10:00:00Z,UP,YES,,0.0735551,official-venue-resolution,f,f,f,f,f
eth,eth:1784628000000,1784628000000,1784628900000,2026-07-21T10:00:00Z,UP,YES,,1943.99,official-venue-resolution,f,f,f,f,f
sol,sol:1784628000000,1784628000000,1784628900000,2026-07-21T10:00:00Z,DOWN,YES,,78.3935,official-venue-resolution,t,t,f,f,f
xrp,xrp:1784628000000,1784628000000,1784628900000,2026-07-21T10:00:00Z,DOWN,NO,,1.1333,official-venue-resolution,f,f,f,f,f
btc,btc:1784628900000,1784628900000,1784629800000,2026-07-21T10:15:00Z,UP,YES,,66359.26,official-venue-resolution,f,f,f,f,f
doge,doge:1784628900000,1784628900000,1784629800000,2026-07-21T10:15:00Z,UP,YES,,0.0736123,official-venue-resolution,f,f,f,f,f
eth,eth:1784628900000,1784628900000,1784629800000,2026-07-21T10:15:00Z,DOWN,NO,,1941.15,official-venue-resolution,f,f,f,f,f
sol,sol:1784628900000,1784628900000,1784629800000,2026-07-21T10:15:00Z,DOWN,NO,,78.3625,official-venue-resolution,f,f,f,f,f
xrp,xrp:1784628900000,1784628900000,1784629800000,2026-07-21T10:15:00Z,DOWN,NO,,1.132,official-venue-resolution,f,f,f,f,f
btc,btc:1784629800000,1784629800000,1784630700000,2026-07-21T10:30:00Z,DOWN,NO,,66344.97,official-venue-resolution,f,f,f,f,f
doge,doge:1784629800000,1784629800000,1784630700000,2026-07-21T10:30:00Z,DOWN,NO,,0.0735047,official-venue-resolution,f,f,f,f,f
eth,eth:1784629800000,1784629800000,1784630700000,2026-07-21T10:30:00Z,DOWN,NO,,1938.62,official-venue-resolution,f,f,f,f,f
sol,sol:1784629800000,1784629800000,1784630700000,2026-07-21T10:30:00Z,DOWN,NO,,78.2677,official-venue-resolution,f,f,f,f,f
xrp,xrp:1784629800000,1784629800000,1784630700000,2026-07-21T10:30:00Z,DOWN,NO,,1.1319,official-venue-resolution,f,f,f,f,f
btc,btc:1784630700000,1784630700000,1784631600000,2026-07-21T10:45:00Z,DOWN,NO,,66166.55,official-venue-resolution,f,f,f,f,f
doge,doge:1784630700000,1784630700000,1784631600000,2026-07-21T10:45:00Z,DOWN,NO,,0.0734114,official-venue-resolution,f,f,f,f,f
eth,eth:1784630700000,1784630700000,1784631600000,2026-07-21T10:45:00Z,DOWN,NO,,1932.84,official-venue-resolution,f,f,f,f,f
sol,sol:1784630700000,1784630700000,1784631600000,2026-07-21T10:45:00Z,DOWN,NO,,78.164,official-venue-resolution,f,f,f,f,f
xrp,xrp:1784630700000,1784630700000,1784631600000,2026-07-21T10:45:00Z,DOWN,NO,,1.1308,official-venue-resolution,f,f,f,f,f
btc,btc:1784631600000,1784631600000,1784632500000,2026-07-21T11:00:00Z,UP,YES,,66212.43,official-venue-resolution,f,f,f,f,f
doge,doge:1784631600000,1784631600000,1784632500000,2026-07-21T11:00:00Z,UP,YES,,0.0734799,official-venue-resolution,f,f,f,f,f
eth,eth:1784631600000,1784631600000,1784632500000,2026-07-21T11:00:00Z,DOWN,NO,,1928.94,official-venue-resolution,f,f,f,f,f
sol,sol:1784631600000,1784631600000,1784632500000,2026-07-21T11:00:00Z,DOWN,NO,,78.1308,official-venue-resolution,f,f,f,f,f
xrp,xrp:1784631600000,1784631600000,1784632500000,2026-07-21T11:00:00Z,DOWN,NO,,1.1307,official-venue-resolution,f,f,f,f,f
btc,btc:1784632500000,1784632500000,1784633400000,2026-07-21T11:15:00Z,UP,NO,,66200.68,official-venue-resolution,t,f,t,f,f
doge,doge:1784632500000,1784632500000,1784633400000,2026-07-21T11:15:00Z,UP,YES,,0.0735553,official-venue-resolution,f,f,f,f,f
eth,eth:1784632500000,1784632500000,1784633400000,2026-07-21T11:15:00Z,DOWN,NO,,1927.9,official-venue-resolution,f,f,f,f,f
sol,sol:1784632500000,1784632500000,1784633400000,2026-07-21T11:15:00Z,UP,YES,,78.2017,official-venue-resolution,f,f,f,f,f
xrp,xrp:1784632500000,1784632500000,1784633400000,2026-07-21T11:15:00Z,UP,YES,,1.1308,official-venue-resolution,f,f,f,f,f
btc,btc:1784633400000,1784633400000,1784634300000,2026-07-21T11:30:00Z,UP,YES,,66295.25,official-venue-resolution,f,f,f,f,f
doge,doge:1784633400000,1784633400000,1784634300000,2026-07-21T11:30:00Z,UP,YES,,0.0735911,official-venue-resolution,f,f,f,f,f
eth,eth:1784633400000,1784633400000,1784634300000,2026-07-21T11:30:00Z,UP,YES,,1933.45,official-venue-resolution,f,f,f,f,f
sol,sol:1784633400000,1784633400000,1784634300000,2026-07-21T11:30:00Z,UP,YES,,78.3198,official-venue-resolution,f,f,f,f,f
xrp,xrp:1784633400000,1784633400000,1784634300000,2026-07-21T11:30:00Z,UP,YES,,1.1339,official-venue-resolution,f,f,f,f,f
btc,btc:1784634300000,1784634300000,1784635200000,2026-07-21T11:45:00Z,UP,NO,,66293.3,official-venue-resolution,t,f,t,f,f
doge,doge:1784634300000,1784634300000,1784635200000,2026-07-21T11:45:00Z,DOWN,YES,,0.0735999,official-venue-resolution,t,t,f,f,f
eth,eth:1784634300000,1784634300000,1784635200000,2026-07-21T11:45:00Z,UP,YES,,1934.05,official-venue-resolution,f,f,f,f,f
sol,sol:1784634300000,1784634300000,1784635200000,2026-07-21T11:45:00Z,UP,NO,,78.3137,official-venue-resolution,t,f,t,f,f
xrp,xrp:1784634300000,1784634300000,1784635200000,2026-07-21T11:45:00Z,UP,YES,,1.1353,official-venue-resolution,f,f,f,f,f
btc,btc:1784635200000,1784635200000,1784636100000,2026-07-21T12:00:00Z,UP,YES,,66376.35,official-venue-resolution,f,f,f,f,f
doge,doge:1784635200000,1784635200000,1784636100000,2026-07-21T12:00:00Z,DOWN,YES,,0.0736213,official-venue-resolution,t,t,f,f,f
eth,eth:1784635200000,1784635200000,1784636100000,2026-07-21T12:00:00Z,UP,YES,,1935.18,official-venue-resolution,f,f,f,f,f
sol,sol:1784635200000,1784635200000,1784636100000,2026-07-21T12:00:00Z,UP,YES,,78.3855,official-venue-resolution,f,f,f,f,f
xrp,xrp:1784635200000,1784635200000,1784636100000,2026-07-21T12:00:00Z,UP,YES,,1.1366,official-venue-resolution,f,f,f,f,f
btc,btc:1784636100000,1784636100000,1784637000000,2026-07-21T12:15:00Z,UP,YES,,66407.85,official-venue-resolution,f,f,f,f,f
doge,doge:1784636100000,1784636100000,1784637000000,2026-07-21T12:15:00Z,DOWN,NO,,0.0734266,official-venue-resolution,f,f,f,f,f
eth,eth:1784636100000,1784636100000,1784637000000,2026-07-21T12:15:00Z,UP,YES,,1939.58,official-venue-resolution,f,f,f,f,f
sol,sol:1784636100000,1784636100000,1784637000000,2026-07-21T12:15:00Z,DOWN,NO,,78.2818,official-venue-resolution,f,f,f,f,f
xrp,xrp:1784636100000,1784636100000,1784637000000,2026-07-21T12:15:00Z,UP,YES,,1.1379,official-venue-resolution,f,f,f,f,f
btc,btc:1784637000000,1784637000000,1784637900000,2026-07-21T12:30:00Z,UP,YES,,66478.06,official-venue-resolution,f,f,f,f,f
doge,doge:1784637000000,1784637000000,1784637900000,2026-07-21T12:30:00Z,UP,YES,,0.0734622,official-venue-resolution,f,f,f,f,f
eth,eth:1784637000000,1784637000000,1784637900000,2026-07-21T12:30:00Z,UP,YES,,1940.28,official-venue-resolution,f,f,f,f,f
sol,sol:1784637000000,1784637000000,1784637900000,2026-07-21T12:30:00Z,UP,YES,,78.366,official-venue-resolution,f,f,f,f,f
xrp,xrp:1784637000000,1784637000000,1784637900000,2026-07-21T12:30:00Z,DOWN,NO,,1.1371,official-venue-resolution,f,f,f,f,f
btc,btc:1784637900000,1784637900000,1784638800000,2026-07-21T12:45:00Z,UP,YES,,66522.63,official-venue-resolution,f,f,f,f,f
doge,doge:1784637900000,1784637900000,1784638800000,2026-07-21T12:45:00Z,UP,YES,,0.0734944,official-venue-resolution,f,f,f,f,f
eth,eth:1784637900000,1784637900000,1784638800000,2026-07-21T12:45:00Z,UP,YES,,1941.68,official-venue-resolution,f,f,f,f,f
sol,sol:1784637900000,1784637900000,1784638800000,2026-07-21T12:45:00Z,UP,YES,,78.4823,official-venue-resolution,f,f,f,f,f
xrp,xrp:1784637900000,1784637900000,1784638800000,2026-07-21T12:45:00Z,UP,YES,,1.1406,official-venue-resolution,f,f,f,f,f
btc,btc:1784638800000,1784638800000,1784639700000,2026-07-21T13:00:00Z,UP,YES,,66579.93,official-venue-resolution,f,f,f,f,f
doge,doge:1784638800000,1784638800000,1784639700000,2026-07-21T13:00:00Z,DOWN,NO,,0.0734531,official-venue-resolution,f,f,f,f,f
eth,eth:1784638800000,1784638800000,1784639700000,2026-07-21T13:00:00Z,DOWN,NO,,1940.85,official-venue-resolution,f,f,f,f,f
sol,sol:1784638800000,1784638800000,1784639700000,2026-07-21T13:00:00Z,UP,YES,,78.5243,official-venue-resolution,f,f,f,f,f
xrp,xrp:1784638800000,1784638800000,1784639700000,2026-07-21T13:00:00Z,UP,YES,,1.1439,official-venue-resolution,f,f,f,f,f
btc,btc:1784639700000,1784639700000,1784640600000,2026-07-21T13:15:00Z,DOWN,NO,,66401.46,official-venue-resolution,f,f,f,f,f
doge,doge:1784639700000,1784639700000,1784640600000,2026-07-21T13:15:00Z,DOWN,NO,,0.0732887,official-venue-resolution,f,f,f,f,f
eth,eth:1784639700000,1784639700000,1784640600000,2026-07-21T13:15:00Z,DOWN,NO,,1935.56,official-venue-resolution,f,f,f,f,f
sol,sol:1784639700000,1784639700000,1784640600000,2026-07-21T13:15:00Z,DOWN,NO,,78.369,official-venue-resolution,f,f,f,f,f
xrp,xrp:1784639700000,1784639700000,1784640600000,2026-07-21T13:15:00Z,DOWN,NO,,1.1404,official-venue-resolution,f,f,f,f,f
btc,btc:1784640600000,1784640600000,1784641500000,2026-07-21T13:30:00Z,DOWN,NO,,66314.34,official-venue-resolution,f,f,f,f,f
doge,doge:1784640600000,1784640600000,1784641500000,2026-07-21T13:30:00Z,DOWN,NO,,0.0731037,official-venue-resolution,f,f,f,f,f
eth,eth:1784640600000,1784640600000,1784641500000,2026-07-21T13:30:00Z,DOWN,NO,,1928.35,official-venue-resolution,f,f,f,f,f
sol,sol:1784640600000,1784640600000,1784641500000,2026-07-21T13:30:00Z,DOWN,NO,,78.2253,official-venue-resolution,f,f,f,f,f
xrp,xrp:1784640600000,1784640600000,1784641500000,2026-07-21T13:30:00Z,DOWN,NO,,1.1387,official-venue-resolution,f,f,f,f,f
btc,btc:1784641500000,1784641500000,1784642400000,2026-07-21T13:45:00Z,UP,YES,,66733.55,official-venue-resolution,f,f,f,f,f
doge,doge:1784641500000,1784641500000,1784642400000,2026-07-21T13:45:00Z,UP,YES,,0.0734491,official-venue-resolution,f,f,f,f,f
eth,eth:1784641500000,1784641500000,1784642400000,2026-07-21T13:45:00Z,UP,YES,,1938.6,official-venue-resolution,f,f,f,f,f
sol,sol:1784641500000,1784641500000,1784642400000,2026-07-21T13:45:00Z,UP,YES,,78.5348,official-venue-resolution,f,f,f,f,f
xrp,xrp:1784641500000,1784641500000,1784642400000,2026-07-21T13:45:00Z,UP,YES,,1.1403,official-venue-resolution,f,f,f,f,f
btc,btc:1784642400000,1784642400000,1784643300000,2026-07-21T14:00:00Z,UP,YES,,66894.01,official-venue-resolution,f,f,f,f,f
doge,doge:1784642400000,1784642400000,1784643300000,2026-07-21T14:00:00Z,UP,YES,,0.0735257,official-venue-resolution,f,f,f,f,f
eth,eth:1784642400000,1784642400000,1784643300000,2026-07-21T14:00:00Z,UP,YES,,1939.66,official-venue-resolution,f,f,f,f,f
sol,sol:1784642400000,1784642400000,1784643300000,2026-07-21T14:00:00Z,DOWN,NO,,78.3998,official-venue-resolution,f,f,f,f,f
xrp,xrp:1784642400000,1784642400000,1784643300000,2026-07-21T14:00:00Z,UP,YES,,1.1465,official-venue-resolution,f,f,f,f,f
btc,btc:1784643300000,1784643300000,1784644200000,2026-07-21T14:15:00Z,DOWN,NO,,66685.43,official-venue-resolution,f,f,f,f,f
doge,doge:1784643300000,1784643300000,1784644200000,2026-07-21T14:15:00Z,DOWN,NO,,0.0732003,official-venue-resolution,f,f,f,f,f
eth,eth:1784643300000,1784643300000,1784644200000,2026-07-21T14:15:00Z,DOWN,NO,,1930.74,official-venue-resolution,f,f,f,f,f
sol,sol:1784643300000,1784643300000,1784644200000,2026-07-21T14:15:00Z,DOWN,NO,,78.073,official-venue-resolution,f,f,f,f,f
xrp,xrp:1784643300000,1784643300000,1784644200000,2026-07-21T14:15:00Z,DOWN,NO,,1.144,official-venue-resolution,f,f,f,f,f
btc,btc:1784644200000,1784644200000,1784645100000,2026-07-21T14:30:00Z,UP,YES,,66805.41,official-venue-resolution,f,f,f,f,f
doge,doge:1784644200000,1784644200000,1784645100000,2026-07-21T14:30:00Z,UP,YES,,0.0732807,official-venue-resolution,f,f,f,f,f
eth,eth:1784644200000,1784644200000,1784645100000,2026-07-21T14:30:00Z,UP,YES,,1934.19,official-venue-resolution,f,f,f,f,f
sol,sol:1784644200000,1784644200000,1784645100000,2026-07-21T14:30:00Z,UP,YES,,78.0812,official-venue-resolution,f,f,f,f,f
xrp,xrp:1784644200000,1784644200000,1784645100000,2026-07-21T14:30:00Z,UP,YES,,1.1488,official-venue-resolution,f,f,f,f,f
btc,btc:1784645100000,1784645100000,1784646000000,2026-07-21T14:45:00Z,DOWN,YES,,66830.15,official-venue-resolution,t,t,f,f,f
doge,doge:1784645100000,1784645100000,1784646000000,2026-07-21T14:45:00Z,DOWN,NO,,0.0732572,official-venue-resolution,f,f,f,f,f
eth,eth:1784645100000,1784645100000,1784646000000,2026-07-21T14:45:00Z,DOWN,NO,,1931.2,official-venue-resolution,f,f,f,f,f
sol,sol:1784645100000,1784645100000,1784646000000,2026-07-21T14:45:00Z,DOWN,NO,,77.9652,official-venue-resolution,f,f,f,f,f
xrp,xrp:1784645100000,1784645100000,1784646000000,2026-07-21T14:45:00Z,DOWN,NO,,1.1487,official-venue-resolution,f,f,f,f,f
btc,btc:1784646000000,1784646000000,1784646900000,2026-07-21T15:00:00Z,DOWN,NO,,66718.03,official-venue-resolution,f,f,f,f,f
doge,doge:1784646000000,1784646000000,1784646900000,2026-07-21T15:00:00Z,DOWN,NO,,0.0732232,official-venue-resolution,f,f,f,f,f
eth,eth:1784646000000,1784646000000,1784646900000,2026-07-21T15:00:00Z,DOWN,NO,,1927.72,official-venue-resolution,f,f,f,f,f
sol,sol:1784646000000,1784646000000,1784646900000,2026-07-21T15:00:00Z,DOWN,NO,,77.9213,official-venue-resolution,f,f,f,f,f
xrp,xrp:1784646000000,1784646000000,1784646900000,2026-07-21T15:00:00Z,UP,YES,,1.1491,official-venue-resolution,f,f,f,f,f
btc,btc:1784646900000,1784646900000,1784647800000,2026-07-21T15:15:00Z,DOWN,NO,,66623.29,official-venue-resolution,f,f,f,f,f
doge,doge:1784646900000,1784646900000,1784647800000,2026-07-21T15:15:00Z,DOWN,NO,,0.0731606,official-venue-resolution,f,f,f,f,f
eth,eth:1784646900000,1784646900000,1784647800000,2026-07-21T15:15:00Z,DOWN,NO,,1924.93,official-venue-resolution,f,f,f,f,f
sol,sol:1784646900000,1784646900000,1784647800000,2026-07-21T15:15:00Z,UP,YES,,77.9385,official-venue-resolution,f,f,f,f,f
xrp,xrp:1784646900000,1784646900000,1784647800000,2026-07-21T15:15:00Z,UP,YES,,1.1501,official-venue-resolution,f,f,f,f,f
btc,btc:1784647800000,1784647800000,1784648700000,2026-07-21T15:30:00Z,DOWN,NO,,66605.99,official-venue-resolution,f,f,f,f,f
doge,doge:1784647800000,1784647800000,1784648700000,2026-07-21T15:30:00Z,UP,YES,,0.073164,official-venue-resolution,f,f,f,f,f
eth,eth:1784647800000,1784647800000,1784648700000,2026-07-21T15:30:00Z,UP,YES,,1926.77,official-venue-resolution,f,f,f,f,f
sol,sol:1784647800000,1784647800000,1784648700000,2026-07-21T15:30:00Z,UP,YES,,77.9405,official-venue-resolution,f,f,f,f,f
xrp,xrp:1784647800000,1784647800000,1784648700000,2026-07-21T15:30:00Z,DOWN,NO,,1.1479,official-venue-resolution,f,f,f,f,f
btc,btc:1784648700000,1784648700000,1784649600000,2026-07-21T15:45:00Z,UP,YES,,66673.12,official-venue-resolution,f,f,f,f,f
doge,doge:1784648700000,1784648700000,1784649600000,2026-07-21T15:45:00Z,UP,YES,,0.0734292,official-venue-resolution,f,f,f,f,f
eth,eth:1784648700000,1784648700000,1784649600000,2026-07-21T15:45:00Z,UP,YES,,1930.84,official-venue-resolution,f,f,f,f,f
sol,sol:1784648700000,1784648700000,1784649600000,2026-07-21T15:45:00Z,UP,YES,,78.0965,official-venue-resolution,f,f,f,f,f
xrp,xrp:1784648700000,1784648700000,1784649600000,2026-07-21T15:45:00Z,UP,YES,,1.1547,official-venue-resolution,f,f,f,f,f
btc,btc:1784649600000,1784649600000,1784650500000,2026-07-21T16:00:00Z,DOWN,NO,,66598.85,official-venue-resolution,f,f,f,f,f
doge,doge:1784649600000,1784649600000,1784650500000,2026-07-21T16:00:00Z,DOWN,NO,,0.073396,official-venue-resolution,f,f,f,f,f
eth,eth:1784649600000,1784649600000,1784650500000,2026-07-21T16:00:00Z,DOWN,NO,,1929.54,official-venue-resolution,f,f,f,f,f
sol,sol:1784649600000,1784649600000,1784650500000,2026-07-21T16:00:00Z,DOWN,NO,,78.0638,official-venue-resolution,f,f,f,f,f
xrp,xrp:1784649600000,1784649600000,1784650500000,2026-07-21T16:00:00Z,UP,YES,,1.1554,official-venue-resolution,f,f,f,f,f
btc,btc:1784650500000,1784650500000,1784651400000,2026-07-21T16:15:00Z,DOWN,NO,,66520.09,official-venue-resolution,f,f,f,f,f
doge,doge:1784650500000,1784650500000,1784651400000,2026-07-21T16:15:00Z,DOWN,NO,,0.0732991,official-venue-resolution,f,f,f,f,f
eth,eth:1784650500000,1784650500000,1784651400000,2026-07-21T16:15:00Z,DOWN,NO,,1923.76,official-venue-resolution,f,f,f,f,f
sol,sol:1784650500000,1784650500000,1784651400000,2026-07-21T16:15:00Z,DOWN,NO,,77.9745,official-venue-resolution,f,f,f,f,f
xrp,xrp:1784650500000,1784650500000,1784651400000,2026-07-21T16:15:00Z,DOWN,NO,,1.1518,official-venue-resolution,f,f,f,f,f
btc,btc:1784651400000,1784651400000,1784652300000,2026-07-21T16:30:00Z,UP,YES,,66544.26,official-venue-resolution,f,f,f,f,f
doge,doge:1784651400000,1784651400000,1784652300000,2026-07-21T16:30:00Z,UP,YES,,0.073303,official-venue-resolution,f,f,f,f,f
eth,eth:1784651400000,1784651400000,1784652300000,2026-07-21T16:30:00Z,UP,YES,,1923.99,official-venue-resolution,f,f,f,f,f
sol,sol:1784651400000,1784651400000,1784652300000,2026-07-21T16:30:00Z,UP,YES,,78.053,official-venue-resolution,f,f,f,f,f
xrp,xrp:1784651400000,1784651400000,1784652300000,2026-07-21T16:30:00Z,DOWN,NO,,1.1497,official-venue-resolution,f,f,f,f,f
btc,btc:1784652300000,1784652300000,1784653200000,2026-07-21T16:45:00Z,DOWN,NO,,66531.45,official-venue-resolution,f,f,f,f,f
doge,doge:1784652300000,1784652300000,1784653200000,2026-07-21T16:45:00Z,UP,YES,,0.0733556,official-venue-resolution,f,f,f,f,f
eth,eth:1784652300000,1784652300000,1784653200000,2026-07-21T16:45:00Z,UP,YES,,1925.56,official-venue-resolution,f,f,f,f,f
sol,sol:1784652300000,1784652300000,1784653200000,2026-07-21T16:45:00Z,UP,YES,,78.1507,official-venue-resolution,f,f,f,f,f
xrp,xrp:1784652300000,1784652300000,1784653200000,2026-07-21T16:45:00Z,UP,YES,,1.1502,official-venue-resolution,f,f,f,f,f
btc,btc:1784653200000,1784653200000,1784654100000,2026-07-21T17:00:00Z,DOWN,NO,,66432.37,official-venue-resolution,f,f,f,f,f
doge,doge:1784653200000,1784653200000,1784654100000,2026-07-21T17:00:00Z,DOWN,NO,,0.0732775,official-venue-resolution,f,f,f,f,f
eth,eth:1784653200000,1784653200000,1784654100000,2026-07-21T17:00:00Z,DOWN,NO,,1924.83,official-venue-resolution,f,f,f,f,f
sol,sol:1784653200000,1784653200000,1784654100000,2026-07-21T17:00:00Z,DOWN,NO,,77.9652,official-venue-resolution,f,f,f,f,f
xrp,xrp:1784653200000,1784653200000,1784654100000,2026-07-21T17:00:00Z,DOWN,NO,,1.1492,official-venue-resolution,f,f,f,f,f
btc,btc:1784654100000,1784654100000,1784655000000,2026-07-21T17:15:00Z,DOWN,NO,,66427.89,official-venue-resolution,f,f,f,f,f
doge,doge:1784654100000,1784654100000,1784655000000,2026-07-21T17:15:00Z,DOWN,NO,,0.0732063,official-venue-resolution,f,f,f,f,f
eth,eth:1784654100000,1784654100000,1784655000000,2026-07-21T17:15:00Z,DOWN,NO,,1924.21,official-venue-resolution,f,f,f,f,f
sol,sol:1784654100000,1784654100000,1784655000000,2026-07-21T17:15:00Z,DOWN,NO,,77.8583,official-venue-resolution,f,f,f,f,f
xrp,xrp:1784654100000,1784654100000,1784655000000,2026-07-21T17:15:00Z,UP,YES,,1.1507,official-venue-resolution,f,f,f,f,f
btc,btc:1784655000000,1784655000000,1784655900000,2026-07-21T17:30:00Z,UP,YES,,66462.78,official-venue-resolution,f,f,f,f,f
doge,doge:1784655000000,1784655000000,1784655900000,2026-07-21T17:30:00Z,UP,YES,,0.0733611,official-venue-resolution,f,f,f,f,f
eth,eth:1784655000000,1784655000000,1784655900000,2026-07-21T17:30:00Z,UP,YES,,1926.18,official-venue-resolution,f,f,f,f,f
sol,sol:1784655000000,1784655000000,1784655900000,2026-07-21T17:30:00Z,UP,YES,,77.9012,official-venue-resolution,f,f,f,f,f
xrp,xrp:1784655000000,1784655000000,1784655900000,2026-07-21T17:30:00Z,UP,YES,,1.1575,official-venue-resolution,f,f,f,f,f
btc,btc:1784655900000,1784655900000,1784656800000,2026-07-21T17:45:00Z,DOWN,NO,,66163.28,official-venue-resolution,f,f,f,f,f
doge,doge:1784655900000,1784655900000,1784656800000,2026-07-21T17:45:00Z,DOWN,NO,,0.0732319,official-venue-resolution,f,f,f,f,f
eth,eth:1784655900000,1784655900000,1784656800000,2026-07-21T17:45:00Z,DOWN,NO,,1917.7,official-venue-resolution,f,f,f,f,f
sol,sol:1784655900000,1784655900000,1784656800000,2026-07-21T17:45:00Z,DOWN,NO,,77.6825,official-venue-resolution,f,f,f,f,f
xrp,xrp:1784655900000,1784655900000,1784656800000,2026-07-21T17:45:00Z,DOWN,NO,,1.1564,official-venue-resolution,f,f,f,f,f
btc,btc:1784656800000,1784656800000,1784657700000,2026-07-21T18:00:00Z,UP,YES,,66265.78,official-venue-resolution,f,f,f,f,f
doge,doge:1784656800000,1784656800000,1784657700000,2026-07-21T18:00:00Z,UP,YES,,0.0733937,official-venue-resolution,f,f,f,f,f
eth,eth:1784656800000,1784656800000,1784657700000,2026-07-21T18:00:00Z,UP,YES,,1920.2,official-venue-resolution,f,f,f,f,f
sol,sol:1784656800000,1784656800000,1784657700000,2026-07-21T18:00:00Z,UP,YES,,77.8193,official-venue-resolution,f,f,f,f,f
xrp,xrp:1784656800000,1784656800000,1784657700000,2026-07-21T18:00:00Z,UP,YES,,1.1589,official-venue-resolution,f,f,f,f,f
btc,btc:1784657700000,1784657700000,1784658600000,2026-07-21T18:15:00Z,DOWN,NO,,66202.35,official-venue-resolution,f,f,f,f,f
doge,doge:1784657700000,1784657700000,1784658600000,2026-07-21T18:15:00Z,DOWN,NO,,0.0733492,official-venue-resolution,f,f,f,f,f
eth,eth:1784657700000,1784657700000,1784658600000,2026-07-21T18:15:00Z,DOWN,NO,,1919.16,official-venue-resolution,f,f,f,f,f
sol,sol:1784657700000,1784657700000,1784658600000,2026-07-21T18:15:00Z,UP,YES,,77.8443,official-venue-resolution,f,f,f,f,f
xrp,xrp:1784657700000,1784657700000,1784658600000,2026-07-21T18:15:00Z,DOWN,NO,,1.1575,official-venue-resolution,f,f,f,f,f
btc,btc:1784658600000,1784658600000,1784659500000,2026-07-21T18:30:00Z,UP,YES,,66250.59,official-venue-resolution,f,f,f,f,f
doge,doge:1784658600000,1784658600000,1784659500000,2026-07-21T18:30:00Z,UP,YES,,0.0734215,official-venue-resolution,f,f,f,f,f
eth,eth:1784658600000,1784658600000,1784659500000,2026-07-21T18:30:00Z,UP,YES,,1920.57,official-venue-resolution,f,f,f,f,f
sol,sol:1784658600000,1784658600000,1784659500000,2026-07-21T18:30:00Z,UP,YES,,77.916,official-venue-resolution,f,f,f,f,f
xrp,xrp:1784658600000,1784658600000,1784659500000,2026-07-21T18:30:00Z,DOWN,NO,,1.1563,official-venue-resolution,f,f,f,f,f
btc,btc:1784659500000,1784659500000,1784660400000,2026-07-21T18:45:00Z,UP,YES,,66273.55,official-venue-resolution,f,f,f,f,f
doge,doge:1784659500000,1784659500000,1784660400000,2026-07-21T18:45:00Z,UP,NO,,0.0734206,official-venue-resolution,t,f,t,f,f
eth,eth:1784659500000,1784659500000,1784660400000,2026-07-21T18:45:00Z,DOWN,NO,,1919.09,official-venue-resolution,f,f,f,f,f
sol,sol:1784659500000,1784659500000,1784660400000,2026-07-21T18:45:00Z,DOWN,NO,,77.8187,official-venue-resolution,f,f,f,f,f
xrp,xrp:1784659500000,1784659500000,1784660400000,2026-07-21T18:45:00Z,UP,YES,,1.1577,official-venue-resolution,f,f,f,f,f
btc,btc:1784660400000,1784660400000,1784661300000,2026-07-21T19:00:00Z,DOWN,NO,,66250.08,official-venue-resolution,f,f,f,f,f
doge,doge:1784660400000,1784660400000,1784661300000,2026-07-21T19:00:00Z,DOWN,NO,,0.0733403,official-venue-resolution,f,f,f,f,f
eth,eth:1784660400000,1784660400000,1784661300000,2026-07-21T19:00:00Z,DOWN,NO,,1918.44,official-venue-resolution,f,f,f,f,f
sol,sol:1784660400000,1784660400000,1784661300000,2026-07-21T19:00:00Z,DOWN,NO,,77.7357,official-venue-resolution,f,f,f,f,f
xrp,xrp:1784660400000,1784660400000,1784661300000,2026-07-21T19:00:00Z,DOWN,NO,,1.1569,official-venue-resolution,f,f,f,f,f
btc,btc:1784661300000,1784661300000,1784662200000,2026-07-21T19:15:00Z,UP,YES,,66369.85,official-venue-resolution,f,f,f,f,f
doge,doge:1784661300000,1784661300000,1784662200000,2026-07-21T19:15:00Z,UP,YES,,0.0735025,official-venue-resolution,f,f,f,f,f
eth,eth:1784661300000,1784661300000,1784662200000,2026-07-21T19:15:00Z,UP,YES,,1923.21,official-venue-resolution,f,f,f,f,f
sol,sol:1784661300000,1784661300000,1784662200000,2026-07-21T19:15:00Z,UP,YES,,77.8503,official-venue-resolution,f,f,f,f,f
xrp,xrp:1784661300000,1784661300000,1784662200000,2026-07-21T19:15:00Z,UP,YES,,1.1603,official-venue-resolution,f,f,f,f,f
btc,btc:1784662200000,1784662200000,1784663100000,2026-07-21T19:30:00Z,UP,YES,,66433.71,official-venue-resolution,f,f,f,f,f
doge,doge:1784662200000,1784662200000,1784663100000,2026-07-21T19:30:00Z,DOWN,NO,,0.0734834,official-venue-resolution,f,f,f,f,f
eth,eth:1784662200000,1784662200000,1784663100000,2026-07-21T19:30:00Z,DOWN,YES,,1923.32,official-venue-resolution,t,t,f,f,f
sol,sol:1784662200000,1784662200000,1784663100000,2026-07-21T19:30:00Z,UP,YES,,77.8755,official-venue-resolution,f,f,f,f,f
xrp,xrp:1784662200000,1784662200000,1784663100000,2026-07-21T19:30:00Z,DOWN,NO,,1.159,official-venue-resolution,f,f,f,f,f
btc,btc:1784663100000,1784663100000,1784664000000,2026-07-21T19:45:00Z,DOWN,NO,,66411.34,official-venue-resolution,f,f,f,f,f
doge,doge:1784663100000,1784663100000,1784664000000,2026-07-21T19:45:00Z,DOWN,YES,,0.0734948,official-venue-resolution,t,t,f,f,f
eth,eth:1784663100000,1784663100000,1784664000000,2026-07-21T19:45:00Z,DOWN,NO,,1922.74,official-venue-resolution,f,f,f,f,f
sol,sol:1784663100000,1784663100000,1784664000000,2026-07-21T19:45:00Z,DOWN,NO,,77.851,official-venue-resolution,f,f,f,f,f
xrp,xrp:1784663100000,1784663100000,1784664000000,2026-07-21T19:45:00Z,DOWN,NO,,1.1566,official-venue-resolution,f,f,f,f,f
btc,btc:1784664000000,1784664000000,1784664900000,2026-07-21T20:00:00Z,DOWN,NO,,66392.24,official-venue-resolution,f,f,f,f,f
doge,doge:1784664000000,1784664000000,1784664900000,2026-07-21T20:00:00Z,DOWN,NO,,0.0734597,official-venue-resolution,f,f,f,f,f
eth,eth:1784664000000,1784664000000,1784664900000,2026-07-21T20:00:00Z,DOWN,NO,,1921.91,official-venue-resolution,f,f,f,f,f
sol,sol:1784664000000,1784664000000,1784664900000,2026-07-21T20:00:00Z,UP,YES,,77.8822,official-venue-resolution,f,f,f,f,f
xrp,xrp:1784664000000,1784664000000,1784664900000,2026-07-21T20:00:00Z,DOWN,NO,,1.153,official-venue-resolution,f,f,f,f,f
btc,btc:1784664900000,1784664900000,1784665800000,2026-07-21T20:15:00Z,DOWN,NO,,66356.94,official-venue-resolution,f,f,f,f,f
doge,doge:1784664900000,1784664900000,1784665800000,2026-07-21T20:15:00Z,DOWN,NO,,0.0734189,official-venue-resolution,f,f,f,f,f
eth,eth:1784664900000,1784664900000,1784665800000,2026-07-21T20:15:00Z,UP,YES,,1922.09,official-venue-resolution,f,f,f,f,f
sol,sol:1784664900000,1784664900000,1784665800000,2026-07-21T20:15:00Z,DOWN,NO,,77.8765,official-venue-resolution,f,f,f,f,f
xrp,xrp:1784664900000,1784664900000,1784665800000,2026-07-21T20:15:00Z,DOWN,NO,,1.1496,official-venue-resolution,f,f,f,f,f
btc,btc:1784665800000,1784665800000,1784666700000,2026-07-21T20:30:00Z,UP,YES,,66410.38,official-venue-resolution,f,f,f,f,f
doge,doge:1784665800000,1784665800000,1784666700000,2026-07-21T20:30:00Z,UP,YES,,0.0735247,official-venue-resolution,f,f,f,f,f
eth,eth:1784665800000,1784665800000,1784666700000,2026-07-21T20:30:00Z,UP,YES,,1923.85,official-venue-resolution,f,f,f,f,f
sol,sol:1784665800000,1784665800000,1784666700000,2026-07-21T20:30:00Z,UP,YES,,77.9628,official-venue-resolution,f,f,f,f,f
xrp,xrp:1784665800000,1784665800000,1784666700000,2026-07-21T20:30:00Z,DOWN,NO,,1.1493,official-venue-resolution,f,f,f,f,f
btc,btc:1784666700000,1784666700000,1784667600000,2026-07-21T20:45:00Z,DOWN,NO,,66376.13,official-venue-resolution,f,f,f,f,f
doge,doge:1784666700000,1784666700000,1784667600000,2026-07-21T20:45:00Z,DOWN,NO,,0.0734976,official-venue-resolution,f,f,f,f,f
eth,eth:1784666700000,1784666700000,1784667600000,2026-07-21T20:45:00Z,DOWN,NO,,1922.4,official-venue-resolution,f,f,f,f,f
sol,sol:1784666700000,1784666700000,1784667600000,2026-07-21T20:45:00Z,DOWN,NO,,77.8903,official-venue-resolution,f,f,f,f,f
xrp,xrp:1784666700000,1784666700000,1784667600000,2026-07-21T20:45:00Z,DOWN,NO,,1.1484,official-venue-resolution,f,f,f,f,f
btc,btc:1784667600000,1784667600000,1784668500000,2026-07-21T21:00:00Z,DOWN,NO,,66366.09,official-venue-resolution,f,f,f,f,f
doge,doge:1784667600000,1784667600000,1784668500000,2026-07-21T21:00:00Z,UP,YES,,0.0735045,official-venue-resolution,f,f,f,f,f
eth,eth:1784667600000,1784667600000,1784668500000,2026-07-21T21:00:00Z,UP,NO,,1922.01,official-venue-resolution,t,f,t,f,f
sol,sol:1784667600000,1784667600000,1784668500000,2026-07-21T21:00:00Z,UP,YES,,77.9835,official-venue-resolution,f,f,f,f,f
xrp,xrp:1784667600000,1784667600000,1784668500000,2026-07-21T21:00:00Z,DOWN,NO,,1.1469,official-venue-resolution,f,f,f,f,f
btc,btc:1784668500000,1784668500000,1784669400000,2026-07-21T21:15:00Z,DOWN,NO,,66293.22,official-venue-resolution,f,f,f,f,f
doge,doge:1784668500000,1784668500000,1784669400000,2026-07-21T21:15:00Z,DOWN,NO,,0.0734361,official-venue-resolution,f,f,f,f,f
eth,eth:1784668500000,1784668500000,1784669400000,2026-07-21T21:15:00Z,UP,YES,,1923.19,official-venue-resolution,f,f,f,f,f
sol,sol:1784668500000,1784668500000,1784669400000,2026-07-21T21:15:00Z,DOWN,NO,,77.9628,official-venue-resolution,f,f,f,f,f
xrp,xrp:1784668500000,1784668500000,1784669400000,2026-07-21T21:15:00Z,UP,YES,,1.147,official-venue-resolution,f,f,f,f,f
btc,btc:1784669400000,1784669400000,1784670300000,2026-07-21T21:30:00Z,UP,YES,,66311.28,official-venue-resolution,f,f,f,f,f
doge,doge:1784669400000,1784669400000,1784670300000,2026-07-21T21:30:00Z,DOWN,NO,,0.0733675,official-venue-resolution,f,f,f,f,f
eth,eth:1784669400000,1784669400000,1784670300000,2026-07-21T21:30:00Z,UP,YES,,1925.32,official-venue-resolution,f,f,f,f,f
sol,sol:1784669400000,1784669400000,1784670300000,2026-07-21T21:30:00Z,UP,YES,,78.0748,official-venue-resolution,f,f,f,f,f
xrp,xrp:1784669400000,1784669400000,1784670300000,2026-07-21T21:30:00Z,DOWN,NO,,1.1455,official-venue-resolution,f,f,f,f,f
btc,btc:1784670300000,1784670300000,1784671200000,2026-07-21T21:45:00Z,UP,YES,,66338.83,official-venue-resolution,f,f,f,f,f
doge,doge:1784670300000,1784670300000,1784671200000,2026-07-21T21:45:00Z,UP,NO,,0.0733522,official-venue-resolution,t,f,t,f,f
eth,eth:1784670300000,1784670300000,1784671200000,2026-07-21T21:45:00Z,DOWN,NO,1923.1067309688158,1923.28,official-venue-resolution,f,f,f,f,f
sol,sol:1784670300000,1784670300000,1784671200000,2026-07-21T21:45:00Z,DOWN,NO,,78.0205,official-venue-resolution,f,f,f,f,f
xrp,xrp:1784670300000,1784670300000,1784671200000,2026-07-21T21:45:00Z,DOWN,YES,1.146106352768365,1.1463,official-venue-resolution,t,t,f,f,f
btc,btc:1784671200000,1784671200000,1784672100000,2026-07-21T22:00:00Z,DOWN,NO,,66289.58,official-venue-resolution,f,f,f,f,f
doge,doge:1784671200000,1784671200000,1784672100000,2026-07-21T22:00:00Z,DOWN,NO,,0.0732191,official-venue-resolution,f,f,f,f,f
eth,eth:1784671200000,1784671200000,1784672100000,2026-07-21T22:00:00Z,DOWN,NO,,1921.76,official-venue-resolution,f,f,f,f,f
sol,sol:1784671200000,1784671200000,1784672100000,2026-07-21T22:00:00Z,DOWN,NO,,77.9767,official-venue-resolution,f,f,f,f,f
xrp,xrp:1784671200000,1784671200000,1784672100000,2026-07-21T22:00:00Z,DOWN,NO,,1.1408,official-venue-resolution,f,f,f,f,f
btc,btc:1784672100000,1784672100000,1784673000000,2026-07-21T22:15:00Z,DOWN,NO,,66246.43,official-venue-resolution,f,f,f,f,f
doge,doge:1784672100000,1784672100000,1784673000000,2026-07-21T22:15:00Z,UP,YES,,0.0732303,official-venue-resolution,f,f,f,f,f
eth,eth:1784672100000,1784672100000,1784673000000,2026-07-21T22:15:00Z,DOWN,NO,,1920.92,official-venue-resolution,f,f,f,f,f
sol,sol:1784672100000,1784672100000,1784673000000,2026-07-21T22:15:00Z,UP,NO,,77.9672,official-venue-resolution,t,f,t,f,f
xrp,xrp:1784672100000,1784672100000,1784673000000,2026-07-21T22:15:00Z,UP,YES,,1.1425,official-venue-resolution,f,f,f,f,f
btc,btc:1784673000000,1784673000000,1784673900000,2026-07-21T22:30:00Z,UP,YES,,66282.01,official-venue-resolution,f,f,f,f,f
doge,doge:1784673000000,1784673000000,1784673900000,2026-07-21T22:30:00Z,DOWN,NO,,0.073157,official-venue-resolution,f,f,f,f,f
eth,eth:1784673000000,1784673000000,1784673900000,2026-07-21T22:30:00Z,DOWN,NO,,1920.67,official-venue-resolution,f,f,f,f,f
sol,sol:1784673000000,1784673000000,1784673900000,2026-07-21T22:30:00Z,DOWN,NO,,77.949,official-venue-resolution,f,f,f,f,f
xrp,xrp:1784673000000,1784673000000,1784673900000,2026-07-21T22:30:00Z,DOWN,NO,,1.1424,official-venue-resolution,f,f,f,f,f
btc,btc:1784673900000,1784673900000,1784674800000,2026-07-21T22:45:00Z,DOWN,NO,,66271.53,official-venue-resolution,f,f,f,f,f
doge,doge:1784673900000,1784673900000,1784674800000,2026-07-21T22:45:00Z,DOWN,NO,,0.073075,official-venue-resolution,f,f,f,f,f
eth,eth:1784673900000,1784673900000,1784674800000,2026-07-21T22:45:00Z,DOWN,NO,,1919.73,official-venue-resolution,f,f,f,f,f
sol,sol:1784673900000,1784673900000,1784674800000,2026-07-21T22:45:00Z,UP,YES,,77.9545,official-venue-resolution,f,f,f,f,f
xrp,xrp:1784673900000,1784673900000,1784674800000,2026-07-21T22:45:00Z,DOWN,NO,,1.1414,official-venue-resolution,f,f,f,f,f
btc,btc:1784674800000,1784674800000,1784675700000,2026-07-21T23:00:00Z,DOWN,NO,,66243.56,official-venue-resolution,f,f,f,f,f
doge,doge:1784674800000,1784674800000,1784675700000,2026-07-21T23:00:00Z,DOWN,NO,,0.0729913,official-venue-resolution,f,f,f,f,f
eth,eth:1784674800000,1784674800000,1784675700000,2026-07-21T23:00:00Z,DOWN,NO,,1916.94,official-venue-resolution,f,f,f,f,f
sol,sol:1784674800000,1784674800000,1784675700000,2026-07-21T23:00:00Z,DOWN,NO,,77.7968,official-venue-resolution,f,f,f,f,f
xrp,xrp:1784674800000,1784674800000,1784675700000,2026-07-21T23:00:00Z,DOWN,NO,,1.1382,official-venue-resolution,f,f,f,f,f
btc,btc:1784675700000,1784675700000,1784676600000,2026-07-21T23:15:00Z,UP,YES,,66353.79,official-venue-resolution,f,f,f,f,f
doge,doge:1784675700000,1784675700000,1784676600000,2026-07-21T23:15:00Z,UP,YES,,0.0730859,official-venue-resolution,f,f,f,f,f
eth,eth:1784675700000,1784675700000,1784676600000,2026-07-21T23:15:00Z,UP,YES,,1921.21,official-venue-resolution,f,f,f,f,f
sol,sol:1784675700000,1784675700000,1784676600000,2026-07-21T23:15:00Z,UP,YES,,77.917,official-venue-resolution,f,f,f,f,f
xrp,xrp:1784675700000,1784675700000,1784676600000,2026-07-21T23:15:00Z,UP,YES,,1.1391,official-venue-resolution,f,f,f,f,f
btc,btc:1784676600000,1784676600000,1784677500000,2026-07-21T23:30:00Z,UP,YES,,66391.34,official-venue-resolution,f,f,f,f,f
doge,doge:1784676600000,1784676600000,1784677500000,2026-07-21T23:30:00Z,UP,YES,,0.0732008,official-venue-resolution,f,f,f,f,f
eth,eth:1784676600000,1784676600000,1784677500000,2026-07-21T23:30:00Z,UP,YES,,1922.66,official-venue-resolution,f,f,f,f,f
sol,sol:1784676600000,1784676600000,1784677500000,2026-07-21T23:30:00Z,UP,YES,,78.0075,official-venue-resolution,f,f,f,f,f
xrp,xrp:1784676600000,1784676600000,1784677500000,2026-07-21T23:30:00Z,UP,YES,,1.1414,official-venue-resolution,f,f,f,f,f
btc,btc:1784677500000,1784677500000,1784678400000,2026-07-21T23:45:00Z,UP,YES,,66517.23,official-venue-resolution,f,f,f,f,f
doge,doge:1784677500000,1784677500000,1784678400000,2026-07-21T23:45:00Z,UP,YES,,0.0733245,official-venue-resolution,f,f,f,f,f
eth,eth:1784677500000,1784677500000,1784678400000,2026-07-21T23:45:00Z,UP,YES,,1928.72,official-venue-resolution,f,f,f,f,f
sol,sol:1784677500000,1784677500000,1784678400000,2026-07-21T23:45:00Z,UP,YES,,78.1068,official-venue-resolution,f,f,f,f,f
xrp,xrp:1784677500000,1784677500000,1784678400000,2026-07-21T23:45:00Z,UP,YES,,1.1432,official-venue-resolution,f,f,f,f,f
btc,btc:1784678400000,1784678400000,1784679300000,2026-07-22T00:00:00Z,UP,YES,,66634.46,official-venue-resolution,f,f,f,f,f
doge,doge:1784678400000,1784678400000,1784679300000,2026-07-22T00:00:00Z,UP,YES,,0.0736061,official-venue-resolution,f,f,f,f,f
eth,eth:1784678400000,1784678400000,1784679300000,2026-07-22T00:00:00Z,UP,YES,,1937,official-venue-resolution,f,f,f,f,f
sol,sol:1784678400000,1784678400000,1784679300000,2026-07-22T00:00:00Z,UP,YES,,78.443,official-venue-resolution,f,f,f,f,f
xrp,xrp:1784678400000,1784678400000,1784679300000,2026-07-22T00:00:00Z,UP,YES,,1.1462,official-venue-resolution,f,f,f,f,f
btc,btc:1784679300000,1784679300000,1784680200000,2026-07-22T00:15:00Z,DOWN,NO,,66602.43,official-venue-resolution,f,f,f,f,f
doge,doge:1784679300000,1784679300000,1784680200000,2026-07-22T00:15:00Z,UP,YES,,0.0736786,official-venue-resolution,f,f,f,f,f
eth,eth:1784679300000,1784679300000,1784680200000,2026-07-22T00:15:00Z,DOWN,NO,,1935.44,official-venue-resolution,f,f,f,f,f
sol,sol:1784679300000,1784679300000,1784680200000,2026-07-22T00:15:00Z,DOWN,NO,,78.3627,official-venue-resolution,f,f,f,f,f
xrp,xrp:1784679300000,1784679300000,1784680200000,2026-07-22T00:15:00Z,DOWN,NO,,1.1446,official-venue-resolution,f,f,f,f,f
btc,btc:1784680200000,1784680200000,1784681100000,2026-07-22T00:30:00Z,UP,YES,,66684.25,official-venue-resolution,f,f,f,f,f
doge,doge:1784680200000,1784680200000,1784681100000,2026-07-22T00:30:00Z,UP,YES,,0.0737739,official-venue-resolution,f,f,f,f,f
eth,eth:1784680200000,1784680200000,1784681100000,2026-07-22T00:30:00Z,UP,YES,,1939.04,official-venue-resolution,f,f,f,f,f
sol,sol:1784680200000,1784680200000,1784681100000,2026-07-22T00:30:00Z,UP,YES,,78.4932,official-venue-resolution,f,f,f,f,f
xrp,xrp:1784680200000,1784680200000,1784681100000,2026-07-22T00:30:00Z,UP,YES,,1.1455,official-venue-resolution,f,f,f,f,f
btc,btc:1784681100000,1784681100000,1784682000000,2026-07-22T00:45:00Z,DOWN,NO,,66621.97,official-venue-resolution,f,f,f,f,f
doge,doge:1784681100000,1784681100000,1784682000000,2026-07-22T00:45:00Z,DOWN,NO,,0.0736845,official-venue-resolution,f,f,f,f,f
eth,eth:1784681100000,1784681100000,1784682000000,2026-07-22T00:45:00Z,DOWN,NO,,1938.78,official-venue-resolution,f,f,f,f,f
sol,sol:1784681100000,1784681100000,1784682000000,2026-07-22T00:45:00Z,DOWN,NO,,78.4553,official-venue-resolution,f,f,f,f,f
xrp,xrp:1784681100000,1784681100000,1784682000000,2026-07-22T00:45:00Z,DOWN,YES,,1.1457,official-venue-resolution,t,t,f,f,f
btc,btc:1784682000000,1784682000000,1784682900000,2026-07-22T01:00:00Z,DOWN,NO,,66456.84,official-venue-resolution,f,f,f,f,f
doge,doge:1784682000000,1784682000000,1784682900000,2026-07-22T01:00:00Z,DOWN,NO,,0.0735075,official-venue-resolution,f,f,f,f,f
eth,eth:1784682000000,1784682000000,1784682900000,2026-07-22T01:00:00Z,DOWN,NO,,1934.18,official-venue-resolution,f,f,f,f,f
sol,sol:1784682000000,1784682000000,1784682900000,2026-07-22T01:00:00Z,DOWN,NO,,78.3293,official-venue-resolution,f,f,f,f,f
xrp,xrp:1784682000000,1784682000000,1784682900000,2026-07-22T01:00:00Z,DOWN,NO,,1.1445,official-venue-resolution,f,f,f,f,f
btc,btc:1784682900000,1784682900000,1784683800000,2026-07-22T01:15:00Z,DOWN,NO,,66358.96,official-venue-resolution,f,f,f,f,f
doge,doge:1784682900000,1784682900000,1784683800000,2026-07-22T01:15:00Z,DOWN,NO,,0.0734426,official-venue-resolution,f,f,f,f,f
eth,eth:1784682900000,1784682900000,1784683800000,2026-07-22T01:15:00Z,DOWN,NO,,1931.38,official-venue-resolution,f,f,f,f,f
sol,sol:1784682900000,1784682900000,1784683800000,2026-07-22T01:15:00Z,DOWN,NO,,78.2907,official-venue-resolution,f,f,f,f,f
xrp,xrp:1784682900000,1784682900000,1784683800000,2026-07-22T01:15:00Z,DOWN,NO,,1.144,official-venue-resolution,f,f,f,f,f
btc,btc:1784683800000,1784683800000,1784684700000,2026-07-22T01:30:00Z,UP,NO,,66330.16,official-venue-resolution,t,f,t,f,f
doge,doge:1784683800000,1784683800000,1784684700000,2026-07-22T01:30:00Z,UP,YES,,0.0734642,official-venue-resolution,f,f,f,f,f
eth,eth:1784683800000,1784683800000,1784684700000,2026-07-22T01:30:00Z,UP,YES,,1931.86,official-venue-resolution,f,f,f,f,f
sol,sol:1784683800000,1784683800000,1784684700000,2026-07-22T01:30:00Z,UP,NO,,78.2687,official-venue-resolution,t,f,t,f,f
xrp,xrp:1784683800000,1784683800000,1784684700000,2026-07-22T01:30:00Z,DOWN,NO,,1.1431,official-venue-resolution,f,f,f,f,f
btc,btc:1784684700000,1784684700000,1784685600000,2026-07-22T01:45:00Z,UP,YES,,66367.31,official-venue-resolution,f,f,f,f,f
doge,doge:1784684700000,1784684700000,1784685600000,2026-07-22T01:45:00Z,UP,YES,,0.0735525,official-venue-resolution,f,f,f,f,f
eth,eth:1784684700000,1784684700000,1784685600000,2026-07-22T01:45:00Z,UP,YES,,1932.02,official-venue-resolution,f,f,f,f,f
sol,sol:1784684700000,1784684700000,1784685600000,2026-07-22T01:45:00Z,UP,YES,,78.2957,official-venue-resolution,f,f,f,f,f
xrp,xrp:1784684700000,1784684700000,1784685600000,2026-07-22T01:45:00Z,UP,YES,,1.1433,official-venue-resolution,f,f,f,f,f
btc,btc:1784685600000,1784685600000,1784686500000,2026-07-22T02:00:00Z,UP,YES,,66423.74,official-venue-resolution,f,f,f,f,f
doge,doge:1784685600000,1784685600000,1784686500000,2026-07-22T02:00:00Z,UP,YES,,0.0736077,official-venue-resolution,f,f,f,f,f
eth,eth:1784685600000,1784685600000,1784686500000,2026-07-22T02:00:00Z,DOWN,YES,,1932.27,official-venue-resolution,t,t,f,f,f
sol,sol:1784685600000,1784685600000,1784686500000,2026-07-22T02:00:00Z,UP,YES,,78.3297,official-venue-resolution,f,f,f,f,f
xrp,xrp:1784685600000,1784685600000,1784686500000,2026-07-22T02:00:00Z,DOWN,YES,,1.1433,official-venue-resolution,t,t,f,f,f
btc,btc:1784686500000,1784686500000,1784687400000,2026-07-22T02:15:00Z,DOWN,NO,,66380.33,official-venue-resolution,f,f,f,f,f
doge,doge:1784686500000,1784686500000,1784687400000,2026-07-22T02:15:00Z,DOWN,YES,,0.0736126,official-venue-resolution,t,t,f,f,f
eth,eth:1784686500000,1784686500000,1784687400000,2026-07-22T02:15:00Z,DOWN,NO,,1932.17,official-venue-resolution,f,f,f,f,f
sol,sol:1784686500000,1784686500000,1784687400000,2026-07-22T02:15:00Z,UP,YES,,78.3953,official-venue-resolution,f,f,f,f,f
xrp,xrp:1784686500000,1784686500000,1784687400000,2026-07-22T02:15:00Z,UP,YES,,1.1454,official-venue-resolution,f,f,f,f,f
btc,btc:1784687400000,1784687400000,1784688300000,2026-07-22T02:30:00Z,DOWN,NO,,66333.53,official-venue-resolution,f,f,f,f,f
doge,doge:1784687400000,1784687400000,1784688300000,2026-07-22T02:30:00Z,DOWN,NO,,0.0735067,official-venue-resolution,f,f,f,f,f
eth,eth:1784687400000,1784687400000,1784688300000,2026-07-22T02:30:00Z,DOWN,NO,,1929.15,official-venue-resolution,f,f,f,f,f
sol,sol:1784687400000,1784687400000,1784688300000,2026-07-22T02:30:00Z,DOWN,NO,,78.218,official-venue-resolution,f,f,f,f,f
xrp,xrp:1784687400000,1784687400000,1784688300000,2026-07-22T02:30:00Z,DOWN,NO,,1.1431,official-venue-resolution,f,f,f,f,f
btc,btc:1784688300000,1784688300000,1784689200000,2026-07-22T02:45:00Z,DOWN,NO,,66275.85,official-venue-resolution,f,f,f,f,f
doge,doge:1784688300000,1784688300000,1784689200000,2026-07-22T02:45:00Z,DOWN,NO,,0.0733981,official-venue-resolution,f,f,f,f,f
eth,eth:1784688300000,1784688300000,1784689200000,2026-07-22T02:45:00Z,DOWN,YES,,1929.23,official-venue-resolution,t,t,f,f,f
sol,sol:1784688300000,1784688300000,1784689200000,2026-07-22T02:45:00Z,DOWN,NO,,78.0913,official-venue-resolution,f,f,f,f,f
xrp,xrp:1784688300000,1784688300000,1784689200000,2026-07-22T02:45:00Z,DOWN,NO,,1.1409,official-venue-resolution,f,f,f,f,f
btc,btc:1784689200000,1784689200000,1784690100000,2026-07-22T03:00:00Z,DOWN,NO,,66171.59,official-venue-resolution,f,f,f,f,f
doge,doge:1784689200000,1784689200000,1784690100000,2026-07-22T03:00:00Z,DOWN,NO,,0.0732294,official-venue-resolution,f,f,f,f,f
eth,eth:1784689200000,1784689200000,1784690100000,2026-07-22T03:00:00Z,DOWN,NO,,1927.08,official-venue-resolution,f,f,f,f,f
sol,sol:1784689200000,1784689200000,1784690100000,2026-07-22T03:00:00Z,DOWN,NO,,77.9638,official-venue-resolution,f,f,f,f,f
xrp,xrp:1784689200000,1784689200000,1784690100000,2026-07-22T03:00:00Z,DOWN,NO,,1.1386,official-venue-resolution,f,f,f,f,f
btc,btc:1784690100000,1784690100000,1784691000000,2026-07-22T03:15:00Z,UP,YES,,66264.15,official-venue-resolution,f,f,f,f,f
doge,doge:1784690100000,1784690100000,1784691000000,2026-07-22T03:15:00Z,UP,YES,,0.0733862,official-venue-resolution,f,f,f,f,f
eth,eth:1784690100000,1784690100000,1784691000000,2026-07-22T03:15:00Z,UP,YES,,1931.28,official-venue-resolution,f,f,f,f,f
sol,sol:1784690100000,1784690100000,1784691000000,2026-07-22T03:15:00Z,UP,YES,,78.1142,official-venue-resolution,f,f,f,f,f
xrp,xrp:1784690100000,1784690100000,1784691000000,2026-07-22T03:15:00Z,UP,YES,,1.1407,official-venue-resolution,f,f,f,f,f
btc,btc:1784691000000,1784691000000,1784691900000,2026-07-22T03:30:00Z,DOWN,NO,,66235.06,official-venue-resolution,f,f,f,f,f
doge,doge:1784691000000,1784691000000,1784691900000,2026-07-22T03:30:00Z,DOWN,NO,,0.0732904,official-venue-resolution,f,f,f,f,f
eth,eth:1784691000000,1784691000000,1784691900000,2026-07-22T03:30:00Z,DOWN,NO,,1930.61,official-venue-resolution,f,f,f,f,f
sol,sol:1784691000000,1784691000000,1784691900000,2026-07-22T03:30:00Z,DOWN,NO,,78.001,official-venue-resolution,f,f,f,f,f
xrp,xrp:1784691000000,1784691000000,1784691900000,2026-07-22T03:30:00Z,DOWN,NO,,1.1397,official-venue-resolution,f,f,f,f,f
btc,btc:1784691900000,1784691900000,1784692800000,2026-07-22T03:45:00Z,DOWN,NO,,66167.76,official-venue-resolution,f,f,f,f,f
doge,doge:1784691900000,1784691900000,1784692800000,2026-07-22T03:45:00Z,DOWN,NO,,0.0732112,official-venue-resolution,f,f,f,f,f
eth,eth:1784691900000,1784691900000,1784692800000,2026-07-22T03:45:00Z,DOWN,NO,,1927.63,official-venue-resolution,f,f,f,f,f
sol,sol:1784691900000,1784691900000,1784692800000,2026-07-22T03:45:00Z,DOWN,NO,,77.8252,official-venue-resolution,f,f,f,f,f
xrp,xrp:1784691900000,1784691900000,1784692800000,2026-07-22T03:45:00Z,DOWN,NO,,1.1383,official-venue-resolution,f,f,f,f,f
btc,btc:1784692800000,1784692800000,1784693700000,2026-07-22T04:00:00Z,UP,YES,,66295.23,official-venue-resolution,f,f,f,f,f
doge,doge:1784692800000,1784692800000,1784693700000,2026-07-22T04:00:00Z,UP,YES,,0.0733253,official-venue-resolution,f,f,f,f,f
eth,eth:1784692800000,1784692800000,1784693700000,2026-07-22T04:00:00Z,UP,YES,,1932.6,official-venue-resolution,f,f,f,f,f
sol,sol:1784692800000,1784692800000,1784693700000,2026-07-22T04:00:00Z,UP,YES,,78.0742,official-venue-resolution,f,f,f,f,f
xrp,xrp:1784692800000,1784692800000,1784693700000,2026-07-22T04:00:00Z,UP,YES,,1.1403,official-venue-resolution,f,f,f,f,f
btc,btc:1784693700000,1784693700000,1784694600000,2026-07-22T04:15:00Z,UP,YES,,66349.67,official-venue-resolution,f,f,f,f,f
doge,doge:1784693700000,1784693700000,1784694600000,2026-07-22T04:15:00Z,UP,YES,,0.0733881,official-venue-resolution,f,f,f,f,f
eth,eth:1784693700000,1784693700000,1784694600000,2026-07-22T04:15:00Z,UP,YES,,1934.98,official-venue-resolution,f,f,f,f,f
sol,sol:1784693700000,1784693700000,1784694600000,2026-07-22T04:15:00Z,UP,YES,,78.1565,official-venue-resolution,f,f,f,f,f
xrp,xrp:1784693700000,1784693700000,1784694600000,2026-07-22T04:15:00Z,UP,YES,,1.1404,official-venue-resolution,f,f,f,f,f
btc,btc:1784694600000,1784694600000,1784695500000,2026-07-22T04:30:00Z,UP,YES,,66376.09,official-venue-resolution,f,f,f,f,f
doge,doge:1784694600000,1784694600000,1784695500000,2026-07-22T04:30:00Z,UP,YES,,0.0734317,official-venue-resolution,f,f,f,f,f
eth,eth:1784694600000,1784694600000,1784695500000,2026-07-22T04:30:00Z,UP,YES,,1937.63,official-venue-resolution,f,f,f,f,f
sol,sol:1784694600000,1784694600000,1784695500000,2026-07-22T04:30:00Z,UP,YES,,78.1633,official-venue-resolution,f,f,f,f,f
xrp,xrp:1784694600000,1784694600000,1784695500000,2026-07-22T04:30:00Z,UP,YES,,1.141,official-venue-resolution,f,f,f,f,f
btc,btc:1784695500000,1784695500000,1784696400000,2026-07-22T04:45:00Z,DOWN,NO,,66339.43,official-venue-resolution,f,f,f,f,f
doge,doge:1784695500000,1784695500000,1784696400000,2026-07-22T04:45:00Z,DOWN,NO,,0.0733857,official-venue-resolution,f,f,f,f,f
eth,eth:1784695500000,1784695500000,1784696400000,2026-07-22T04:45:00Z,DOWN,NO,,1935.73,official-venue-resolution,f,f,f,f,f
sol,sol:1784695500000,1784695500000,1784696400000,2026-07-22T04:45:00Z,DOWN,NO,,78.0633,official-venue-resolution,f,f,f,f,f
xrp,xrp:1784695500000,1784695500000,1784696400000,2026-07-22T04:45:00Z,UP,YES,,1.1414,official-venue-resolution,f,f,f,f,f
btc,btc:1784696400000,1784696400000,1784697300000,2026-07-22T05:00:00Z,DOWN,NO,,66231.49,official-venue-resolution,f,f,f,f,f
doge,doge:1784696400000,1784696400000,1784697300000,2026-07-22T05:00:00Z,DOWN,NO,,0.0731924,official-venue-resolution,f,f,f,f,f
eth,eth:1784696400000,1784696400000,1784697300000,2026-07-22T05:00:00Z,DOWN,NO,,1931.48,official-venue-resolution,f,f,f,f,f
sol,sol:1784696400000,1784696400000,1784697300000,2026-07-22T05:00:00Z,DOWN,NO,,77.8273,official-venue-resolution,f,f,f,f,f
xrp,xrp:1784696400000,1784696400000,1784697300000,2026-07-22T05:00:00Z,DOWN,NO,,1.1394,official-venue-resolution,f,f,f,f,f
btc,btc:1784697300000,1784697300000,1784698200000,2026-07-22T05:15:00Z,DOWN,NO,,66032.23,official-venue-resolution,f,f,f,f,f
doge,doge:1784697300000,1784697300000,1784698200000,2026-07-22T05:15:00Z,DOWN,NO,,0.0727978,official-venue-resolution,f,f,f,f,f
eth,eth:1784697300000,1784697300000,1784698200000,2026-07-22T05:15:00Z,DOWN,NO,,1922.2,official-venue-resolution,f,f,f,f,f
sol,sol:1784697300000,1784697300000,1784698200000,2026-07-22T05:15:00Z,DOWN,NO,,77.5037,official-venue-resolution,f,f,f,f,f
xrp,xrp:1784697300000,1784697300000,1784698200000,2026-07-22T05:15:00Z,DOWN,NO,,1.1343,official-venue-resolution,f,f,f,f,f
btc,btc:1784698200000,1784698200000,1784699100000,2026-07-22T05:30:00Z,DOWN,NO,,65945.01,official-venue-resolution,f,f,f,f,f
doge,doge:1784698200000,1784698200000,1784699100000,2026-07-22T05:30:00Z,DOWN,NO,,0.0725593,official-venue-resolution,f,f,f,f,f
eth,eth:1784698200000,1784698200000,1784699100000,2026-07-22T05:30:00Z,DOWN,NO,,1919.92,official-venue-resolution,f,f,f,f,f
sol,sol:1784698200000,1784698200000,1784699100000,2026-07-22T05:30:00Z,DOWN,YES,,77.5083,official-venue-resolution,t,t,f,f,f
xrp,xrp:1784698200000,1784698200000,1784699100000,2026-07-22T05:30:00Z,DOWN,NO,,1.1334,official-venue-resolution,f,f,f,f,f
btc,btc:1784699100000,1784699100000,1784700000000,2026-07-22T05:45:00Z,DOWN,NO,,65934.79,official-venue-resolution,f,f,f,f,f
doge,doge:1784699100000,1784699100000,1784700000000,2026-07-22T05:45:00Z,DOWN,NO,,0.0724711,official-venue-resolution,f,f,f,f,f
eth,eth:1784699100000,1784699100000,1784700000000,2026-07-22T05:45:00Z,DOWN,NO,,1918.89,official-venue-resolution,f,f,f,f,f
sol,sol:1784699100000,1784699100000,1784700000000,2026-07-22T05:45:00Z,DOWN,NO,,77.418,official-venue-resolution,f,f,f,f,f
xrp,xrp:1784699100000,1784699100000,1784700000000,2026-07-22T05:45:00Z,DOWN,NO,,1.1329,official-venue-resolution,f,f,f,f,f
btc,btc:1784700000000,1784700000000,1784700900000,2026-07-22T06:00:00Z,UP,NO,,65933.51,official-venue-resolution,t,f,t,f,f
doge,doge:1784700000000,1784700000000,1784700900000,2026-07-22T06:00:00Z,DOWN,NO,,0.0724211,official-venue-resolution,f,f,f,f,f
eth,eth:1784700000000,1784700000000,1784700900000,2026-07-22T06:00:00Z,UP,NO,,1918.8,official-venue-resolution,t,f,t,f,f
sol,sol:1784700000000,1784700000000,1784700900000,2026-07-22T06:00:00Z,DOWN,NO,,77.2232,official-venue-resolution,f,f,f,f,f
xrp,xrp:1784700000000,1784700000000,1784700900000,2026-07-22T06:00:00Z,DOWN,NO,,1.1322,official-venue-resolution,f,f,f,f,f
btc,btc:1784700900000,1784700900000,1784701800000,2026-07-22T06:15:00Z,DOWN,NO,,65814.35,official-venue-resolution,f,f,f,f,f
doge,doge:1784700900000,1784700900000,1784701800000,2026-07-22T06:15:00Z,DOWN,NO,,0.0723053,official-venue-resolution,f,f,f,f,f
eth,eth:1784700900000,1784700900000,1784701800000,2026-07-22T06:15:00Z,DOWN,NO,,1913.64,official-venue-resolution,f,f,f,f,f
sol,sol:1784700900000,1784700900000,1784701800000,2026-07-22T06:15:00Z,DOWN,NO,,77.1032,official-venue-resolution,f,f,f,f,f
xrp,xrp:1784700900000,1784700900000,1784701800000,2026-07-22T06:15:00Z,DOWN,NO,,1.1303,official-venue-resolution,f,f,f,f,f
btc,btc:1784701800000,1784701800000,1784702700000,2026-07-22T06:30:00Z,UP,YES,,65918.73,official-venue-resolution,f,f,f,f,f
doge,doge:1784701800000,1784701800000,1784702700000,2026-07-22T06:30:00Z,UP,YES,,0.0723845,official-venue-resolution,f,f,f,f,f
eth,eth:1784701800000,1784701800000,1784702700000,2026-07-22T06:30:00Z,UP,YES,,1917.17,official-venue-resolution,f,f,f,f,f
sol,sol:1784701800000,1784701800000,1784702700000,2026-07-22T06:30:00Z,UP,YES,,77.2182,official-venue-resolution,f,f,f,f,f
xrp,xrp:1784701800000,1784701800000,1784702700000,2026-07-22T06:30:00Z,UP,YES,,1.1321,official-venue-resolution,f,f,f,f,f
btc,btc:1784702700000,1784702700000,1784703600000,2026-07-22T06:45:00Z,DOWN,NO,,65891.01,official-venue-resolution,f,f,f,f,f
doge,doge:1784702700000,1784702700000,1784703600000,2026-07-22T06:45:00Z,DOWN,NO,,0.0723784,official-venue-resolution,f,f,f,f,f
eth,eth:1784702700000,1784702700000,1784703600000,2026-07-22T06:45:00Z,DOWN,NO,,1916.25,official-venue-resolution,f,f,f,f,f
sol,sol:1784702700000,1784702700000,1784703600000,2026-07-22T06:45:00Z,UP,YES,,77.2545,official-venue-resolution,f,f,f,f,f
xrp,xrp:1784702700000,1784702700000,1784703600000,2026-07-22T06:45:00Z,DOWN,NO,,1.1315,official-venue-resolution,f,f,f,f,f
btc,btc:1784703600000,1784703600000,1784704500000,2026-07-22T07:00:00Z,DOWN,NO,,65868.22,official-venue-resolution,f,f,f,f,f
doge,doge:1784703600000,1784703600000,1784704500000,2026-07-22T07:00:00Z,DOWN,NO,,0.0722804,official-venue-resolution,f,f,f,f,f
eth,eth:1784703600000,1784703600000,1784704500000,2026-07-22T07:00:00Z,DOWN,NO,,1915.49,official-venue-resolution,f,f,f,f,f
sol,sol:1784703600000,1784703600000,1784704500000,2026-07-22T07:00:00Z,DOWN,NO,,77.188,official-venue-resolution,f,f,f,f,f
xrp,xrp:1784703600000,1784703600000,1784704500000,2026-07-22T07:00:00Z,UP,YES,,1.1319,official-venue-resolution,f,f,f,f,f
btc,btc:1784704500000,1784704500000,1784705400000,2026-07-22T07:15:00Z,DOWN,NO,,65861.68,official-venue-resolution,f,f,f,f,f
doge,doge:1784704500000,1784704500000,1784705400000,2026-07-22T07:15:00Z,UP,YES,,0.0723857,official-venue-resolution,f,f,f,f,f
eth,eth:1784704500000,1784704500000,1784705400000,2026-07-22T07:15:00Z,UP,YES,,1916.93,official-venue-resolution,f,f,f,f,f
sol,sol:1784704500000,1784704500000,1784705400000,2026-07-22T07:15:00Z,UP,YES,,77.2362,official-venue-resolution,f,f,f,f,f
xrp,xrp:1784704500000,1784704500000,1784705400000,2026-07-22T07:15:00Z,UP,YES,,1.133,official-venue-resolution,f,f,f,f,f
btc,btc:1784705400000,1784705400000,1784706300000,2026-07-22T07:30:00Z,DOWN,NO,,65740.61,official-venue-resolution,f,f,f,f,f
doge,doge:1784705400000,1784705400000,1784706300000,2026-07-22T07:30:00Z,DOWN,NO,,0.0722152,official-venue-resolution,f,f,f,f,f
eth,eth:1784705400000,1784705400000,1784706300000,2026-07-22T07:30:00Z,DOWN,NO,,1911.38,official-venue-resolution,f,f,f,f,f
sol,sol:1784705400000,1784705400000,1784706300000,2026-07-22T07:30:00Z,DOWN,NO,,77.0838,official-venue-resolution,f,f,f,f,f
xrp,xrp:1784705400000,1784705400000,1784706300000,2026-07-22T07:30:00Z,DOWN,NO,,1.1297,official-venue-resolution,f,f,f,f,f
btc,btc:1784706300000,1784706300000,1784707200000,2026-07-22T07:45:00Z,UP,YES,,65805.18,official-venue-resolution,f,f,f,f,f
doge,doge:1784706300000,1784706300000,1784707200000,2026-07-22T07:45:00Z,DOWN,NO,,0.0722043,official-venue-resolution,f,f,f,f,f
eth,eth:1784706300000,1784706300000,1784707200000,2026-07-22T07:45:00Z,UP,YES,,1913.12,official-venue-resolution,f,f,f,f,f
sol,sol:1784706300000,1784706300000,1784707200000,2026-07-22T07:45:00Z,DOWN,NO,,77.0815,official-venue-resolution,f,f,f,f,f
xrp,xrp:1784706300000,1784706300000,1784707200000,2026-07-22T07:45:00Z,UP,YES,,1.1303,official-venue-resolution,f,f,f,f,f
btc,btc:1784707200000,1784707200000,1784708100000,2026-07-22T08:00:00Z,UP,YES,,65985.75,official-venue-resolution,f,f,f,f,f
doge,doge:1784707200000,1784707200000,1784708100000,2026-07-22T08:00:00Z,UP,YES,,0.0723847,official-venue-resolution,f,f,f,f,f
eth,eth:1784707200000,1784707200000,1784708100000,2026-07-22T08:00:00Z,UP,YES,,1919.66,official-venue-resolution,f,f,f,f,f
sol,sol:1784707200000,1784707200000,1784708100000,2026-07-22T08:00:00Z,UP,YES,,77.1832,official-venue-resolution,f,f,f,f,f
xrp,xrp:1784707200000,1784707200000,1784708100000,2026-07-22T08:00:00Z,UP,YES,,1.1332,official-venue-resolution,f,f,f,f,f
btc,btc:1784708100000,1784708100000,1784709000000,2026-07-22T08:15:00Z,DOWN,NO,,65973.97,official-venue-resolution,f,f,f,f,f
doge,doge:1784708100000,1784708100000,1784709000000,2026-07-22T08:15:00Z,UP,YES,,0.0724056,official-venue-resolution,f,f,f,f,f
eth,eth:1784708100000,1784708100000,1784709000000,2026-07-22T08:15:00Z,UP,YES,,1920.55,official-venue-resolution,f,f,f,f,f
sol,sol:1784708100000,1784708100000,1784709000000,2026-07-22T08:15:00Z,UP,YES,,77.343,official-venue-resolution,f,f,f,f,f
xrp,xrp:1784708100000,1784708100000,1784709000000,2026-07-22T08:15:00Z,UP,YES,,1.1344,official-venue-resolution,f,f,f,f,f
btc,btc:1784709000000,1784709000000,1784709900000,2026-07-22T08:30:00Z,DOWN,NO,,65898.24,official-venue-resolution,f,f,f,f,f
doge,doge:1784709000000,1784709000000,1784709900000,2026-07-22T08:30:00Z,DOWN,NO,,0.0723948,official-venue-resolution,f,f,f,f,f
eth,eth:1784709000000,1784709000000,1784709900000,2026-07-22T08:30:00Z,DOWN,NO,,1918.38,official-venue-resolution,f,f,f,f,f
sol,sol:1784709000000,1784709000000,1784709900000,2026-07-22T08:30:00Z,DOWN,NO,,77.2963,official-venue-resolution,f,f,f,f,f
xrp,xrp:1784709000000,1784709000000,1784709900000,2026-07-22T08:30:00Z,DOWN,NO,,1.1333,official-venue-resolution,f,f,f,f,f
btc,btc:1784709900000,1784709900000,1784710800000,2026-07-22T08:45:00Z,UP,YES,,65945.65,official-venue-resolution,f,f,f,f,f
doge,doge:1784709900000,1784709900000,1784710800000,2026-07-22T08:45:00Z,UP,YES,,0.0724766,official-venue-resolution,f,f,f,f,f
eth,eth:1784709900000,1784709900000,1784710800000,2026-07-22T08:45:00Z,UP,YES,,1920.16,official-venue-resolution,f,f,f,f,f
sol,sol:1784709900000,1784709900000,1784710800000,2026-07-22T08:45:00Z,UP,YES,,77.4095,official-venue-resolution,f,f,f,f,f
xrp,xrp:1784709900000,1784709900000,1784710800000,2026-07-22T08:45:00Z,UP,YES,,1.1345,official-venue-resolution,f,f,f,f,f
btc,btc:1784710800000,1784710800000,1784711700000,2026-07-22T09:00:00Z,UP,YES,,65957.95,official-venue-resolution,f,f,f,f,f
doge,doge:1784710800000,1784710800000,1784711700000,2026-07-22T09:00:00Z,UP,YES,,0.0725021,official-venue-resolution,f,f,f,f,f
eth,eth:1784710800000,1784710800000,1784711700000,2026-07-22T09:00:00Z,UP,YES,,1923.16,official-venue-resolution,f,f,f,f,f
sol,sol:1784710800000,1784710800000,1784711700000,2026-07-22T09:00:00Z,DOWN,NO,,77.3582,official-venue-resolution,f,f,f,f,f
xrp,xrp:1784710800000,1784710800000,1784711700000,2026-07-22T09:00:00Z,UP,YES,,1.1347,official-venue-resolution,f,f,f,f,f
btc,btc:1784711700000,1784711700000,1784712600000,2026-07-22T09:15:00Z,UP,YES,,65985.19,official-venue-resolution,f,f,f,f,f
doge,doge:1784711700000,1784711700000,1784712600000,2026-07-22T09:15:00Z,DOWN,NO,,0.0724965,official-venue-resolution,f,f,f,f,f
eth,eth:1784711700000,1784711700000,1784712600000,2026-07-22T09:15:00Z,UP,YES,,1924.11,official-venue-resolution,f,f,f,f,f
sol,sol:1784711700000,1784711700000,1784712600000,2026-07-22T09:15:00Z,UP,YES,,77.3942,official-venue-resolution,f,f,f,f,f
xrp,xrp:1784711700000,1784711700000,1784712600000,2026-07-22T09:15:00Z,UP,YES,,1.1349,official-venue-resolution,f,f,f,f,f
btc,btc:1784712600000,1784712600000,1784713500000,2026-07-22T09:30:00Z,DOWN,NO,,65842.13,official-venue-resolution,f,f,f,f,f
doge,doge:1784712600000,1784712600000,1784713500000,2026-07-22T09:30:00Z,DOWN,NO,,0.0723958,official-venue-resolution,f,f,f,f,f
eth,eth:1784712600000,1784712600000,1784713500000,2026-07-22T09:30:00Z,DOWN,NO,,1920.28,official-venue-resolution,f,f,f,f,f
sol,sol:1784712600000,1784712600000,1784713500000,2026-07-22T09:30:00Z,DOWN,NO,,77.3367,official-venue-resolution,f,f,f,f,f
xrp,xrp:1784712600000,1784712600000,1784713500000,2026-07-22T09:30:00Z,DOWN,NO,,1.1331,official-venue-resolution,f,f,f,f,f
btc,btc:1784713500000,1784713500000,1784714400000,2026-07-22T09:45:00Z,UP,YES,,65892.33,official-venue-resolution,f,f,f,f,f
doge,doge:1784713500000,1784713500000,1784714400000,2026-07-22T09:45:00Z,UP,YES,,0.0725048,official-venue-resolution,f,f,f,f,f
eth,eth:1784713500000,1784713500000,1784714400000,2026-07-22T09:45:00Z,UP,YES,,1923.28,official-venue-resolution,f,f,f,f,f
sol,sol:1784713500000,1784713500000,1784714400000,2026-07-22T09:45:00Z,UP,YES,,77.5182,official-venue-resolution,f,f,f,f,f
xrp,xrp:1784713500000,1784713500000,1784714400000,2026-07-22T09:45:00Z,UP,YES,,1.1348,official-venue-resolution,f,f,f,f,f
btc,btc:1784714400000,1784714400000,1784715300000,2026-07-22T10:00:00Z,DOWN,NO,,65882.03,official-venue-resolution,f,f,f,f,f
doge,doge:1784714400000,1784714400000,1784715300000,2026-07-22T10:00:00Z,DOWN,NO,,0.0724496,official-venue-resolution,f,f,f,f,f
eth,eth:1784714400000,1784714400000,1784715300000,2026-07-22T10:00:00Z,DOWN,YES,,1923.46,official-venue-resolution,t,t,f,f,f
sol,sol:1784714400000,1784714400000,1784715300000,2026-07-22T10:00:00Z,DOWN,NO,,77.4712,official-venue-resolution,f,f,f,f,f
xrp,xrp:1784714400000,1784714400000,1784715300000,2026-07-22T10:00:00Z,DOWN,NO,,1.1343,official-venue-resolution,f,f,f,f,f
btc,btc:1784715300000,1784715300000,1784716200000,2026-07-22T10:15:00Z,UP,YES,,65928.84,official-venue-resolution,f,f,f,f,f
doge,doge:1784715300000,1784715300000,1784716200000,2026-07-22T10:15:00Z,UP,YES,,0.072612,official-venue-resolution,f,f,f,f,f
eth,eth:1784715300000,1784715300000,1784716200000,2026-07-22T10:15:00Z,UP,YES,,1927.12,official-venue-resolution,f,f,f,f,f
sol,sol:1784715300000,1784715300000,1784716200000,2026-07-22T10:15:00Z,UP,YES,,77.572,official-venue-resolution,f,f,f,f,f
xrp,xrp:1784715300000,1784715300000,1784716200000,2026-07-22T10:15:00Z,UP,YES,,1.1367,official-venue-resolution,f,f,f,f,f
btc,btc:1784716200000,1784716200000,1784717100000,2026-07-22T10:30:00Z,UP,YES,,65963.1,official-venue-resolution,f,f,f,f,f
doge,doge:1784716200000,1784716200000,1784717100000,2026-07-22T10:30:00Z,UP,YES,,0.072668,official-venue-resolution,f,f,f,f,f
eth,eth:1784716200000,1784716200000,1784717100000,2026-07-22T10:30:00Z,UP,YES,,1929.53,official-venue-resolution,f,f,f,f,f
sol,sol:1784716200000,1784716200000,1784717100000,2026-07-22T10:30:00Z,UP,YES,,77.5805,official-venue-resolution,f,f,f,f,f
xrp,xrp:1784716200000,1784716200000,1784717100000,2026-07-22T10:30:00Z,UP,YES,,1.1377,official-venue-resolution,f,f,f,f,f
btc,btc:1784717100000,1784717100000,1784718000000,2026-07-22T10:45:00Z,UP,YES,,65998.57,official-venue-resolution,f,f,f,f,f
doge,doge:1784717100000,1784717100000,1784718000000,2026-07-22T10:45:00Z,UP,YES,,0.0727088,official-venue-resolution,f,f,f,f,f
eth,eth:1784717100000,1784717100000,1784718000000,2026-07-22T10:45:00Z,DOWN,YES,,1929.82,official-venue-resolution,t,t,f,f,f
sol,sol:1784717100000,1784717100000,1784718000000,2026-07-22T10:45:00Z,UP,YES,,77.6162,official-venue-resolution,f,f,f,f,f
xrp,xrp:1784717100000,1784717100000,1784718000000,2026-07-22T10:45:00Z,UP,YES,,1.1385,official-venue-resolution,f,f,f,f,f
btc,btc:1784718000000,1784718000000,1784718900000,2026-07-22T11:00:00Z,DOWN,NO,,65982.57,official-venue-resolution,f,f,f,f,f
doge,doge:1784718000000,1784718000000,1784718900000,2026-07-22T11:00:00Z,DOWN,YES,,0.0727141,official-venue-resolution,t,t,f,f,f
eth,eth:1784718000000,1784718000000,1784718900000,2026-07-22T11:00:00Z,DOWN,NO,,1928.33,official-venue-resolution,f,f,f,f,f
sol,sol:1784718000000,1784718000000,1784718900000,2026-07-22T11:00:00Z,DOWN,YES,,77.6465,official-venue-resolution,t,t,f,f,f
xrp,xrp:1784718000000,1784718000000,1784718900000,2026-07-22T11:00:00Z,DOWN,NO,,1.1377,official-venue-resolution,f,f,f,f,f
btc,btc:1784718900000,1784718900000,1784719800000,2026-07-22T11:15:00Z,UP,YES,,66013,official-venue-resolution,f,f,f,f,f
doge,doge:1784718900000,1784718900000,1784719800000,2026-07-22T11:15:00Z,UP,YES,,0.0727765,official-venue-resolution,f,f,f,f,f
eth,eth:1784718900000,1784718900000,1784719800000,2026-07-22T11:15:00Z,DOWN,NO,,1927.44,official-venue-resolution,f,f,f,f,f
sol,sol:1784718900000,1784718900000,1784719800000,2026-07-22T11:15:00Z,UP,NO,,77.63,official-venue-resolution,t,f,t,f,f
xrp,xrp:1784718900000,1784718900000,1784719800000,2026-07-22T11:15:00Z,UP,YES,,1.139,official-venue-resolution,f,f,f,f,f
btc,btc:1784719800000,1784719800000,1784720700000,2026-07-22T11:30:00Z,DOWN,NO,,65883.34,official-venue-resolution,f,f,f,f,f
doge,doge:1784719800000,1784719800000,1784720700000,2026-07-22T11:30:00Z,DOWN,NO,,0.0725377,official-venue-resolution,f,f,f,f,f
eth,eth:1784719800000,1784719800000,1784720700000,2026-07-22T11:30:00Z,DOWN,NO,,1922.14,official-venue-resolution,f,f,f,f,f
sol,sol:1784719800000,1784719800000,1784720700000,2026-07-22T11:30:00Z,DOWN,NO,,77.4842,official-venue-resolution,f,f,f,f,f
xrp,xrp:1784719800000,1784719800000,1784720700000,2026-07-22T11:30:00Z,DOWN,NO,,1.1371,official-venue-resolution,f,f,f,f,f
btc,btc:1784720700000,1784720700000,1784721600000,2026-07-22T11:45:00Z,UP,YES,,65976.87,official-venue-resolution,f,f,f,f,f
doge,doge:1784720700000,1784720700000,1784721600000,2026-07-22T11:45:00Z,UP,YES,,0.0726145,official-venue-resolution,f,f,f,f,f
eth,eth:1784720700000,1784720700000,1784721600000,2026-07-22T11:45:00Z,UP,YES,,1926.06,official-venue-resolution,f,f,f,f,f
sol,sol:1784720700000,1784720700000,1784721600000,2026-07-22T11:45:00Z,UP,YES,,77.5247,official-venue-resolution,f,f,f,f,f
xrp,xrp:1784720700000,1784720700000,1784721600000,2026-07-22T11:45:00Z,UP,YES,,1.1384,official-venue-resolution,f,f,f,f,f
btc,btc:1784721600000,1784721600000,1784722500000,2026-07-22T12:00:00Z,DOWN,NO,,65855.56,official-venue-resolution,f,f,f,f,f
doge,doge:1784721600000,1784721600000,1784722500000,2026-07-22T12:00:00Z,DOWN,NO,,0.0724586,official-venue-resolution,f,f,f,f,f
eth,eth:1784721600000,1784721600000,1784722500000,2026-07-22T12:00:00Z,DOWN,NO,,1924.77,official-venue-resolution,f,f,f,f,f
sol,sol:1784721600000,1784721600000,1784722500000,2026-07-22T12:00:00Z,DOWN,NO,,77.3852,official-venue-resolution,f,f,f,f,f
xrp,xrp:1784721600000,1784721600000,1784722500000,2026-07-22T12:00:00Z,DOWN,NO,,1.1371,official-venue-resolution,f,f,f,f,f
btc,btc:1784722500000,1784722500000,1784723400000,2026-07-22T12:15:00Z,DOWN,NO,,65842.98,official-venue-resolution,f,f,f,f,f
doge,doge:1784722500000,1784722500000,1784723400000,2026-07-22T12:15:00Z,DOWN,NO,,0.0723852,official-venue-resolution,f,f,f,f,f
eth,eth:1784722500000,1784722500000,1784723400000,2026-07-22T12:15:00Z,DOWN,NO,,1922.45,official-venue-resolution,f,f,f,f,f
sol,sol:1784722500000,1784722500000,1784723400000,2026-07-22T12:15:00Z,DOWN,NO,,77.1742,official-venue-resolution,f,f,f,f,f
xrp,xrp:1784722500000,1784722500000,1784723400000,2026-07-22T12:15:00Z,DOWN,NO,,1.1348,official-venue-resolution,f,f,f,f,f
btc,btc:1784723400000,1784723400000,1784724300000,2026-07-22T12:30:00Z,DOWN,NO,,65748.06,official-venue-resolution,f,f,f,f,f
doge,doge:1784723400000,1784723400000,1784724300000,2026-07-22T12:30:00Z,UP,YES,,0.0724246,official-venue-resolution,f,f,f,f,f
eth,eth:1784723400000,1784723400000,1784724300000,2026-07-22T12:30:00Z,DOWN,NO,,1920.27,official-venue-resolution,f,f,f,f,f
sol,sol:1784723400000,1784723400000,1784724300000,2026-07-22T12:30:00Z,UP,NO,,77.1688,official-venue-resolution,t,f,t,f,f
xrp,xrp:1784723400000,1784723400000,1784724300000,2026-07-22T12:30:00Z,UP,YES,,1.1353,official-venue-resolution,f,f,f,f,f
btc,btc:1784724300000,1784724300000,1784725200000,2026-07-22T12:45:00Z,DOWN,NO,,65605.88,official-venue-resolution,f,f,f,f,f
doge,doge:1784724300000,1784724300000,1784725200000,2026-07-22T12:45:00Z,DOWN,NO,,0.0723864,official-venue-resolution,f,f,f,f,f
eth,eth:1784724300000,1784724300000,1784725200000,2026-07-22T12:45:00Z,DOWN,NO,,1916.17,official-venue-resolution,f,f,f,f,f
sol,sol:1784724300000,1784724300000,1784725200000,2026-07-22T12:45:00Z,UP,YES,,77.2067,official-venue-resolution,f,f,f,f,f
xrp,xrp:1784724300000,1784724300000,1784725200000,2026-07-22T12:45:00Z,UP,YES,,1.1362,official-venue-resolution,f,f,f,f,f
btc,btc:1784725200000,1784725200000,1784726100000,2026-07-22T13:00:00Z,UP,NO,,65605.75,official-venue-resolution,t,f,t,f,f
doge,doge:1784725200000,1784725200000,1784726100000,2026-07-22T13:00:00Z,UP,YES,,0.0724199,official-venue-resolution,f,f,f,f,f
eth,eth:1784725200000,1784725200000,1784726100000,2026-07-22T13:00:00Z,UP,YES,,1919.14,official-venue-resolution,f,f,f,f,f
sol,sol:1784725200000,1784725200000,1784726100000,2026-07-22T13:00:00Z,UP,YES,,77.2852,official-venue-resolution,f,f,f,f,f
xrp,xrp:1784725200000,1784725200000,1784726100000,2026-07-22T13:00:00Z,DOWN,YES,,1.1362,official-venue-resolution,t,t,f,f,f
btc,btc:1784726100000,1784726100000,1784727000000,2026-07-22T13:15:00Z,DOWN,NO,,65574.92,official-venue-resolution,f,f,f,f,f
doge,doge:1784726100000,1784726100000,1784727000000,2026-07-22T13:15:00Z,DOWN,NO,,0.0723579,official-venue-resolution,f,f,f,f,f
eth,eth:1784726100000,1784726100000,1784727000000,2026-07-22T13:15:00Z,UP,YES,,1920.41,official-venue-resolution,f,f,f,f,f
sol,sol:1784726100000,1784726100000,1784727000000,2026-07-22T13:15:00Z,DOWN,NO,,77.2475,official-venue-resolution,f,f,f,f,f
xrp,xrp:1784726100000,1784726100000,1784727000000,2026-07-22T13:15:00Z,DOWN,YES,,1.1363,official-venue-resolution,t,t,f,f,f
btc,btc:1784727000000,1784727000000,1784727900000,2026-07-22T13:30:00Z,UP,YES,,65848.21,official-venue-resolution,f,f,f,f,f
doge,doge:1784727000000,1784727000000,1784727900000,2026-07-22T13:30:00Z,UP,YES,,0.0727287,official-venue-resolution,f,f,f,f,f
eth,eth:1784727000000,1784727000000,1784727900000,2026-07-22T13:30:00Z,UP,YES,,1936.14,official-venue-resolution,f,f,f,f,f
sol,sol:1784727000000,1784727000000,1784727900000,2026-07-22T13:30:00Z,UP,YES,,77.7523,official-venue-resolution,f,f,f,f,f
xrp,xrp:1784727000000,1784727000000,1784727900000,2026-07-22T13:30:00Z,UP,YES,,1.1411,official-venue-resolution,f,f,f,f,f
btc,btc:1784727900000,1784727900000,1784728800000,2026-07-22T13:45:00Z,UP,YES,,65914.13,official-venue-resolution,f,f,f,f,f
doge,doge:1784727900000,1784727900000,1784728800000,2026-07-22T13:45:00Z,UP,YES,,0.0728423,official-venue-resolution,f,f,f,f,f
eth,eth:1784727900000,1784727900000,1784728800000,2026-07-22T13:45:00Z,UP,YES,,1939.15,official-venue-resolution,f,f,f,f,f
sol,sol:1784727900000,1784727900000,1784728800000,2026-07-22T13:45:00Z,UP,YES,,77.8353,official-venue-resolution,f,f,f,f,f
xrp,xrp:1784727900000,1784727900000,1784728800000,2026-07-22T13:45:00Z,UP,YES,,1.1424,official-venue-resolution,f,f,f,f,f
btc,btc:1784728800000,1784728800000,1784729700000,2026-07-22T14:00:00Z,DOWN,NO,,65889.46,official-venue-resolution,f,f,f,f,f
doge,doge:1784728800000,1784728800000,1784729700000,2026-07-22T14:00:00Z,UP,YES,,0.0729054,official-venue-resolution,f,f,f,f,f
eth,eth:1784728800000,1784728800000,1784729700000,2026-07-22T14:00:00Z,UP,YES,,1941.46,official-venue-resolution,f,f,f,f,f
sol,sol:1784728800000,1784728800000,1784729700000,2026-07-22T14:00:00Z,UP,YES,,78.0508,official-venue-resolution,f,f,f,f,f
xrp,xrp:1784728800000,1784728800000,1784729700000,2026-07-22T14:00:00Z,UP,YES,,1.1448,official-venue-resolution,f,f,f,f,f
btc,btc:1784729700000,1784729700000,1784730600000,2026-07-22T14:15:00Z,DOWN,NO,,65582.58,official-venue-resolution,f,f,f,f,f
doge,doge:1784729700000,1784729700000,1784730600000,2026-07-22T14:15:00Z,DOWN,NO,,0.0724913,official-venue-resolution,f,f,f,f,f
eth,eth:1784729700000,1784729700000,1784730600000,2026-07-22T14:15:00Z,DOWN,NO,,1923.41,official-venue-resolution,f,f,f,f,f
sol,sol:1784729700000,1784729700000,1784730600000,2026-07-22T14:15:00Z,DOWN,NO,,77.4518,official-venue-resolution,f,f,f,f,f
xrp,xrp:1784729700000,1784729700000,1784730600000,2026-07-22T14:15:00Z,DOWN,NO,,1.1373,official-venue-resolution,f,f,f,f,f
btc,btc:1784730600000,1784730600000,1784731500000,2026-07-22T14:30:00Z,UP,YES,,65689.16,official-venue-resolution,f,f,f,f,f
doge,doge:1784730600000,1784730600000,1784731500000,2026-07-22T14:30:00Z,UP,YES,,0.0727481,official-venue-resolution,f,f,f,f,f
eth,eth:1784730600000,1784730600000,1784731500000,2026-07-22T14:30:00Z,UP,YES,,1928.78,official-venue-resolution,f,f,f,f,f
sol,sol:1784730600000,1784730600000,1784731500000,2026-07-22T14:30:00Z,UP,YES,,77.7345,official-venue-resolution,f,f,f,f,f
xrp,xrp:1784730600000,1784730600000,1784731500000,2026-07-22T14:30:00Z,UP,YES,,1.1398,official-venue-resolution,f,f,f,f,f
btc,btc:1784731500000,1784731500000,1784732400000,2026-07-22T14:45:00Z,UP,YES,,65751,official-venue-resolution,f,f,f,f,f
doge,doge:1784731500000,1784731500000,1784732400000,2026-07-22T14:45:00Z,UP,YES,,0.0727926,official-venue-resolution,f,f,f,f,f
eth,eth:1784731500000,1784731500000,1784732400000,2026-07-22T14:45:00Z,UP,YES,,1931.19,official-venue-resolution,f,f,f,f,f
sol,sol:1784731500000,1784731500000,1784732400000,2026-07-22T14:45:00Z,UP,YES,,77.8285,official-venue-resolution,f,f,f,f,f
xrp,xrp:1784731500000,1784731500000,1784732400000,2026-07-22T14:45:00Z,UP,YES,,1.1417,official-venue-resolution,f,f,f,f,f
btc,btc:1784732400000,1784732400000,1784733300000,2026-07-22T15:00:00Z,UP,YES,,65904.6,official-venue-resolution,f,f,f,f,f
doge,doge:1784732400000,1784732400000,1784733300000,2026-07-22T15:00:00Z,UP,YES,,0.0730251,official-venue-resolution,f,f,f,f,f
eth,eth:1784732400000,1784732400000,1784733300000,2026-07-22T15:00:00Z,UP,YES,,1940.55,official-venue-resolution,f,f,f,f,f
sol,sol:1784732400000,1784732400000,1784733300000,2026-07-22T15:00:00Z,UP,YES,,78.3057,official-venue-resolution,f,f,f,f,f
xrp,xrp:1784732400000,1784732400000,1784733300000,2026-07-22T15:00:00Z,UP,YES,,1.1471,official-venue-resolution,f,f,f,f,f
btc,btc:1784733300000,1784733300000,1784734200000,2026-07-22T15:15:00Z,UP,YES,,66055.59,official-venue-resolution,f,f,f,f,f
doge,doge:1784733300000,1784733300000,1784734200000,2026-07-22T15:15:00Z,UP,YES,,0.0731427,official-venue-resolution,f,f,f,f,f
eth,eth:1784733300000,1784733300000,1784734200000,2026-07-22T15:15:00Z,UP,YES,,1947.41,official-venue-resolution,f,f,f,f,f
sol,sol:1784733300000,1784733300000,1784734200000,2026-07-22T15:15:00Z,UP,YES,,78.6423,official-venue-resolution,f,f,f,f,f
xrp,xrp:1784733300000,1784733300000,1784734200000,2026-07-22T15:15:00Z,UP,YES,,1.154,official-venue-resolution,f,f,f,f,f
btc,btc:1784734200000,1784734200000,1784735100000,2026-07-22T15:30:00Z,DOWN,NO,,65981.82,official-venue-resolution,f,f,f,f,f
doge,doge:1784734200000,1784734200000,1784735100000,2026-07-22T15:30:00Z,DOWN,NO,,0.0730934,official-venue-resolution,f,f,f,f,f
eth,eth:1784734200000,1784734200000,1784735100000,2026-07-22T15:30:00Z,DOWN,NO,,1942.85,official-venue-resolution,f,f,f,f,f
sol,sol:1784734200000,1784734200000,1784735100000,2026-07-22T15:30:00Z,DOWN,NO,,78.5102,official-venue-resolution,f,f,f,f,f
xrp,xrp:1784734200000,1784734200000,1784735100000,2026-07-22T15:30:00Z,DOWN,NO,,1.1519,official-venue-resolution,f,f,f,f,f
btc,btc:1784735100000,1784735100000,1784736000000,2026-07-22T15:45:00Z,UP,YES,,65999.46,official-venue-resolution,f,f,f,f,f
doge,doge:1784735100000,1784735100000,1784736000000,2026-07-22T15:45:00Z,DOWN,NO,,0.0730242,official-venue-resolution,f,f,f,f,f
eth,eth:1784735100000,1784735100000,1784736000000,2026-07-22T15:45:00Z,DOWN,NO,,1941.48,official-venue-resolution,f,f,f,f,f
sol,sol:1784735100000,1784735100000,1784736000000,2026-07-22T15:45:00Z,DOWN,NO,,78.4077,official-venue-resolution,f,f,f,f,f
xrp,xrp:1784735100000,1784735100000,1784736000000,2026-07-22T15:45:00Z,DOWN,NO,,1.1506,official-venue-resolution,f,f,f,f,f
btc,btc:1784736000000,1784736000000,1784736900000,2026-07-22T16:00:00Z,UP,YES,,66104.03,official-venue-resolution,f,f,f,f,f
doge,doge:1784736000000,1784736000000,1784736900000,2026-07-22T16:00:00Z,UP,YES,,0.073153,official-venue-resolution,f,f,f,f,f
eth,eth:1784736000000,1784736000000,1784736900000,2026-07-22T16:00:00Z,UP,YES,,1944.31,official-venue-resolution,f,f,f,f,f
sol,sol:1784736000000,1784736000000,1784736900000,2026-07-22T16:00:00Z,DOWN,YES,,78.4403,official-venue-resolution,t,t,f,f,f
xrp,xrp:1784736000000,1784736000000,1784736900000,2026-07-22T16:00:00Z,UP,YES,,1.1515,official-venue-resolution,f,f,f,f,f
btc,btc:1784736900000,1784736900000,1784737800000,2026-07-22T16:15:00Z,DOWN,NO,,66009.29,official-venue-resolution,f,f,f,f,f
doge,doge:1784736900000,1784736900000,1784737800000,2026-07-22T16:15:00Z,DOWN,NO,,0.0730195,official-venue-resolution,f,f,f,f,f
eth,eth:1784736900000,1784736900000,1784737800000,2026-07-22T16:15:00Z,DOWN,NO,,1939.25,official-venue-resolution,f,f,f,f,f
sol,sol:1784736900000,1784736900000,1784737800000,2026-07-22T16:15:00Z,DOWN,NO,,78.1707,official-venue-resolution,f,f,f,f,f
xrp,xrp:1784736900000,1784736900000,1784737800000,2026-07-22T16:15:00Z,DOWN,NO,,1.1481,official-venue-resolution,f,f,f,f,f
btc,btc:1784737800000,1784737800000,1784738700000,2026-07-22T16:30:00Z,UP,YES,,66266.28,official-venue-resolution,f,f,f,f,f
doge,doge:1784737800000,1784737800000,1784738700000,2026-07-22T16:30:00Z,UP,YES,,0.0733294,official-venue-resolution,f,f,f,f,f
eth,eth:1784737800000,1784737800000,1784738700000,2026-07-22T16:30:00Z,UP,YES,,1950.83,official-venue-resolution,f,f,f,f,f
sol,sol:1784737800000,1784737800000,1784738700000,2026-07-22T16:30:00Z,UP,YES,,78.6405,official-venue-resolution,f,f,f,f,f
xrp,xrp:1784737800000,1784737800000,1784738700000,2026-07-22T16:30:00Z,UP,YES,,1.1556,official-venue-resolution,f,f,f,f,f
btc,btc:1784738700000,1784738700000,1784739600000,2026-07-22T16:45:00Z,DOWN,NO,,66207.69,official-venue-resolution,f,f,f,f,f
doge,doge:1784738700000,1784738700000,1784739600000,2026-07-22T16:45:00Z,UP,YES,,0.0733572,official-venue-resolution,f,f,f,f,f
eth,eth:1784738700000,1784738700000,1784739600000,2026-07-22T16:45:00Z,DOWN,NO,,1949.24,official-venue-resolution,f,f,f,f,f
sol,sol:1784738700000,1784738700000,1784739600000,2026-07-22T16:45:00Z,DOWN,NO,,78.556,official-venue-resolution,f,f,f,f,f
xrp,xrp:1784738700000,1784738700000,1784739600000,2026-07-22T16:45:00Z,DOWN,NO,,1.1532,official-venue-resolution,f,f,f,f,f
btc,btc:1784739600000,1784739600000,1784740500000,2026-07-22T17:00:00Z,DOWN,NO,,66152.85,official-venue-resolution,f,f,f,f,f
doge,doge:1784739600000,1784739600000,1784740500000,2026-07-22T17:00:00Z,UP,YES,,0.0733589,official-venue-resolution,f,f,f,f,f
eth,eth:1784739600000,1784739600000,1784740500000,2026-07-22T17:00:00Z,DOWN,NO,,1945.46,official-venue-resolution,f,f,f,f,f
sol,sol:1784739600000,1784739600000,1784740500000,2026-07-22T17:00:00Z,DOWN,NO,,78.5165,official-venue-resolution,f,f,f,f,f
xrp,xrp:1784739600000,1784739600000,1784740500000,2026-07-22T17:00:00Z,DOWN,NO,,1.151,official-venue-resolution,f,f,f,f,f
btc,btc:1784740500000,1784740500000,1784741400000,2026-07-22T17:15:00Z,DOWN,NO,,65978.34,official-venue-resolution,f,f,f,f,f
doge,doge:1784740500000,1784740500000,1784741400000,2026-07-22T17:15:00Z,DOWN,NO,,0.0731256,official-venue-resolution,f,f,f,f,f
eth,eth:1784740500000,1784740500000,1784741400000,2026-07-22T17:15:00Z,DOWN,NO,,1936.53,official-venue-resolution,f,f,f,f,f
sol,sol:1784740500000,1784740500000,1784741400000,2026-07-22T17:15:00Z,DOWN,NO,,78.2943,official-venue-resolution,f,f,f,f,f
xrp,xrp:1784740500000,1784740500000,1784741400000,2026-07-22T17:15:00Z,DOWN,NO,,1.1457,official-venue-resolution,f,f,f,f,f
btc,btc:1784741400000,1784741400000,1784742300000,2026-07-22T17:30:00Z,UP,YES,,66149.77,official-venue-resolution,f,f,f,f,f
doge,doge:1784741400000,1784741400000,1784742300000,2026-07-22T17:30:00Z,UP,YES,,0.0733393,official-venue-resolution,f,f,f,f,f
eth,eth:1784741400000,1784741400000,1784742300000,2026-07-22T17:30:00Z,UP,YES,,1943.66,official-venue-resolution,f,f,f,f,f
sol,sol:1784741400000,1784741400000,1784742300000,2026-07-22T17:30:00Z,UP,YES,,78.441,official-venue-resolution,f,f,f,f,f
xrp,xrp:1784741400000,1784741400000,1784742300000,2026-07-22T17:30:00Z,UP,YES,,1.149,official-venue-resolution,f,f,f,f,f
btc,btc:1784742300000,1784742300000,1784743200000,2026-07-22T17:45:00Z,DOWN,NO,,66002.67,official-venue-resolution,f,f,f,f,f
doge,doge:1784742300000,1784742300000,1784743200000,2026-07-22T17:45:00Z,DOWN,NO,,0.0731528,official-venue-resolution,f,f,f,f,f
eth,eth:1784742300000,1784742300000,1784743200000,2026-07-22T17:45:00Z,DOWN,NO,,1937.85,official-venue-resolution,f,f,f,f,f
sol,sol:1784742300000,1784742300000,1784743200000,2026-07-22T17:45:00Z,DOWN,NO,,78.1838,official-venue-resolution,f,f,f,f,f
xrp,xrp:1784742300000,1784742300000,1784743200000,2026-07-22T17:45:00Z,DOWN,NO,,1.1473,official-venue-resolution,f,f,f,f,f
btc,btc:1784743200000,1784743200000,1784744100000,2026-07-22T18:00:00Z,DOWN,NO,,65966.48,official-venue-resolution,f,f,f,f,f
doge,doge:1784743200000,1784743200000,1784744100000,2026-07-22T18:00:00Z,DOWN,NO,,0.0730899,official-venue-resolution,f,f,f,f,f
eth,eth:1784743200000,1784743200000,1784744100000,2026-07-22T18:00:00Z,DOWN,NO,,1934.92,official-venue-resolution,f,f,f,f,f
sol,sol:1784743200000,1784743200000,1784744100000,2026-07-22T18:00:00Z,DOWN,NO,,78.0645,official-venue-resolution,f,f,f,f,f
xrp,xrp:1784743200000,1784743200000,1784744100000,2026-07-22T18:00:00Z,DOWN,NO,,1.1456,official-venue-resolution,f,f,f,f,f
btc,btc:1784744100000,1784744100000,1784745000000,2026-07-22T18:15:00Z,DOWN,NO,,,official-venue-resolution,f,f,f,f,f
doge,doge:1784744100000,1784744100000,1784745000000,2026-07-22T18:15:00Z,DOWN,NO,,,official-venue-resolution,f,f,f,f,f
eth,eth:1784744100000,1784744100000,1784745000000,2026-07-22T18:15:00Z,DOWN,NO,,1932.35,official-venue-resolution,f,f,f,f,f
sol,sol:1784744100000,1784744100000,1784745000000,2026-07-22T18:15:00Z,DOWN,NO,,77.8078,official-venue-resolution,f,f,f,f,f
xrp,xrp:1784744100000,1784744100000,1784745000000,2026-07-22T18:15:00Z,DOWN,NO,,1.1433,official-venue-resolution,f,f,f,f,f
btc,btc:1784745000000,1784745000000,1784745900000,2026-07-22T18:30:00Z,DOWN,NO,,,official-venue-resolution,f,f,f,f,f
doge,doge:1784745000000,1784745000000,1784745900000,2026-07-22T18:30:00Z,DOWN,NO,,0.0726887,official-venue-resolution,f,f,f,f,f
eth,eth:1784745000000,1784745000000,1784745900000,2026-07-22T18:30:00Z,DOWN,NO,,,official-venue-resolution,f,f,f,f,f
sol,sol:1784745000000,1784745000000,1784745900000,2026-07-22T18:30:00Z,DOWN,NO,,77.5185,official-venue-resolution,f,f,f,f,f
xrp,xrp:1784745000000,1784745000000,1784745900000,2026-07-22T18:30:00Z,DOWN,NO,,,official-venue-resolution,f,f,f,f,f
btc,btc:1784745900000,1784745900000,1784746800000,2026-07-22T18:45:00Z,UP,YES,,65868.82,official-venue-resolution,f,f,f,f,f
doge,doge:1784745900000,1784745900000,1784746800000,2026-07-22T18:45:00Z,UP,YES,,0.0727613,official-venue-resolution,f,f,f,f,f
eth,eth:1784745900000,1784745900000,1784746800000,2026-07-22T18:45:00Z,UP,YES,,1930.16,official-venue-resolution,f,f,f,f,f
sol,sol:1784745900000,1784745900000,1784746800000,2026-07-22T18:45:00Z,UP,YES,,77.7295,official-venue-resolution,f,f,f,f,f
xrp,xrp:1784745900000,1784745900000,1784746800000,2026-07-22T18:45:00Z,UP,YES,,1.1416,official-venue-resolution,f,f,f,f,f
btc,btc:1784746800000,1784746800000,1784747700000,2026-07-22T19:00:00Z,DOWN,NO,,65718.57,official-venue-resolution,f,f,f,f,f
doge,doge:1784746800000,1784746800000,1784747700000,2026-07-22T19:00:00Z,DOWN,NO,,0.0723291,official-venue-resolution,f,f,f,f,f
eth,eth:1784746800000,1784746800000,1784747700000,2026-07-22T19:00:00Z,DOWN,NO,,1922.92,official-venue-resolution,f,f,f,f,f
sol,sol:1784746800000,1784746800000,1784747700000,2026-07-22T19:00:00Z,DOWN,NO,,77.392,official-venue-resolution,f,f,f,f,f
xrp,xrp:1784746800000,1784746800000,1784747700000,2026-07-22T19:00:00Z,DOWN,NO,,1.137,official-venue-resolution,f,f,f,f,f
btc,btc:1784747700000,1784747700000,1784748600000,2026-07-22T19:15:00Z,UP,YES,,65881.45,official-venue-resolution,f,f,f,f,f
doge,doge:1784747700000,1784747700000,1784748600000,2026-07-22T19:15:00Z,UP,YES,,0.0725294,official-venue-resolution,f,f,f,f,f
eth,eth:1784747700000,1784747700000,1784748600000,2026-07-22T19:15:00Z,UP,YES,,1927.12,official-venue-resolution,f,f,f,f,f
sol,sol:1784747700000,1784747700000,1784748600000,2026-07-22T19:15:00Z,UP,YES,,77.6282,official-venue-resolution,f,f,f,f,f
xrp,xrp:1784747700000,1784747700000,1784748600000,2026-07-22T19:15:00Z,UP,YES,,1.1381,official-venue-resolution,f,f,f,f,f
btc,btc:1784748600000,1784748600000,1784749500000,2026-07-22T19:30:00Z,DOWN,NO,,65841.71,official-venue-resolution,f,f,f,f,f
doge,doge:1784748600000,1784748600000,1784749500000,2026-07-22T19:30:00Z,DOWN,NO,,0.0724739,official-venue-resolution,f,f,f,f,f
eth,eth:1784748600000,1784748600000,1784749500000,2026-07-22T19:30:00Z,DOWN,NO,,1924.52,official-venue-resolution,f,f,f,f,f
sol,sol:1784748600000,1784748600000,1784749500000,2026-07-22T19:30:00Z,DOWN,NO,,77.5215,official-venue-resolution,f,f,f,f,f
xrp,xrp:1784748600000,1784748600000,1784749500000,2026-07-22T19:30:00Z,UP,YES,,1.1382,official-venue-resolution,f,f,f,f,f
btc,btc:1784749500000,1784749500000,1784750400000,2026-07-22T19:45:00Z,UP,YES,,65911.8,official-venue-resolution,f,f,f,f,f
doge,doge:1784749500000,1784749500000,1784750400000,2026-07-22T19:45:00Z,UP,YES,,0.0725061,official-venue-resolution,f,f,f,f,f
eth,eth:1784749500000,1784749500000,1784750400000,2026-07-22T19:45:00Z,UP,YES,,1924.89,official-venue-resolution,f,f,f,f,f
sol,sol:1784749500000,1784749500000,1784750400000,2026-07-22T19:45:00Z,UP,YES,,77.6717,official-venue-resolution,f,f,f,f,f
xrp,xrp:1784749500000,1784749500000,1784750400000,2026-07-22T19:45:00Z,DOWN,NO,,1.1378,official-venue-resolution,f,f,f,f,f
btc,btc:1784750400000,1784750400000,1784751300000,2026-07-22T20:00:00Z,DOWN,NO,,65877.55,official-venue-resolution,f,f,f,f,f
doge,doge:1784750400000,1784750400000,1784751300000,2026-07-22T20:00:00Z,UP,YES,,0.0726344,official-venue-resolution,f,f,f,f,f
eth,eth:1784750400000,1784750400000,1784751300000,2026-07-22T20:00:00Z,UP,YES,,1927.89,official-venue-resolution,f,f,f,f,f
sol,sol:1784750400000,1784750400000,1784751300000,2026-07-22T20:00:00Z,UP,YES,,77.842,official-venue-resolution,f,f,f,f,f
xrp,xrp:1784750400000,1784750400000,1784751300000,2026-07-22T20:00:00Z,DOWN,NO,,1.1366,official-venue-resolution,f,f,f,f,f
btc,btc:1784751300000,1784751300000,1784752200000,2026-07-22T20:15:00Z,UP,YES,,65902.15,official-venue-resolution,f,f,f,f,f
doge,doge:1784751300000,1784751300000,1784752200000,2026-07-22T20:15:00Z,UP,YES,,0.072701,official-venue-resolution,f,f,f,f,f
eth,eth:1784751300000,1784751300000,1784752200000,2026-07-22T20:15:00Z,DOWN,NO,,1927.01,official-venue-resolution,f,f,f,f,f
sol,sol:1784751300000,1784751300000,1784752200000,2026-07-22T20:15:00Z,UP,YES,,77.8665,official-venue-resolution,f,f,f,f,f
xrp,xrp:1784751300000,1784751300000,1784752200000,2026-07-22T20:15:00Z,UP,YES,,1.1366,official-venue-resolution,f,f,f,f,f
btc,btc:1784752200000,1784752200000,1784753100000,2026-07-22T20:30:00Z,UP,YES,,65916,official-venue-resolution,f,f,f,f,f
doge,doge:1784752200000,1784752200000,1784753100000,2026-07-22T20:30:00Z,DOWN,NO,,0.0726456,official-venue-resolution,f,f,f,f,f
eth,eth:1784752200000,1784752200000,1784753100000,2026-07-22T20:30:00Z,UP,YES,,1927.26,official-venue-resolution,f,f,f,f,f
sol,sol:1784752200000,1784752200000,1784753100000,2026-07-22T20:30:00Z,UP,YES,,77.88,official-venue-resolution,f,f,f,f,f
xrp,xrp:1784752200000,1784752200000,1784753100000,2026-07-22T20:30:00Z,UP,YES,,1.1379,official-venue-resolution,f,f,f,f,f
btc,btc:1784753100000,1784753100000,1784754000000,2026-07-22T20:45:00Z,DOWN,NO,,65888.27,official-venue-resolution,f,f,f,f,f
doge,doge:1784753100000,1784753100000,1784754000000,2026-07-22T20:45:00Z,DOWN,NO,,0.072601,official-venue-resolution,f,f,f,f,f
eth,eth:1784753100000,1784753100000,1784754000000,2026-07-22T20:45:00Z,DOWN,NO,,1925.83,official-venue-resolution,f,f,f,f,f
sol,sol:1784753100000,1784753100000,1784754000000,2026-07-22T20:45:00Z,DOWN,NO,,77.7777,official-venue-resolution,f,f,f,f,f
xrp,xrp:1784753100000,1784753100000,1784754000000,2026-07-22T20:45:00Z,DOWN,NO,,1.1378,official-venue-resolution,f,f,f,f,f
btc,btc:1784754000000,1784754000000,1784754900000,2026-07-22T21:00:00Z,UP,YES,,65896.38,official-venue-resolution,f,f,f,f,f
doge,doge:1784754000000,1784754000000,1784754900000,2026-07-22T21:00:00Z,DOWN,NO,,0.0725829,official-venue-resolution,f,f,f,f,f
eth,eth:1784754000000,1784754000000,1784754900000,2026-07-22T21:00:00Z,UP,YES,,1927.25,official-venue-resolution,f,f,f,f,f
sol,sol:1784754000000,1784754000000,1784754900000,2026-07-22T21:00:00Z,DOWN,NO,,77.773,official-venue-resolution,f,f,f,f,f
xrp,xrp:1784754000000,1784754000000,1784754900000,2026-07-22T21:00:00Z,DOWN,YES,,1.1387,official-venue-resolution,t,t,f,f,f
btc,btc:1784754900000,1784754900000,1784755800000,2026-07-22T21:15:00Z,DOWN,NO,,65883.31,official-venue-resolution,f,f,f,f,f
doge,doge:1784754900000,1784754900000,1784755800000,2026-07-22T21:15:00Z,UP,YES,,0.0726739,official-venue-resolution,f,f,f,f,f
eth,eth:1784754900000,1784754900000,1784755800000,2026-07-22T21:15:00Z,UP,YES,,1927.41,official-venue-resolution,f,f,f,f,f
sol,sol:1784754900000,1784754900000,1784755800000,2026-07-22T21:15:00Z,DOWN,NO,,77.7113,official-venue-resolution,f,f,f,f,f
xrp,xrp:1784754900000,1784754900000,1784755800000,2026-07-22T21:15:00Z,UP,YES,,1.1388,official-venue-resolution,f,f,f,f,f
btc,btc:1784755800000,1784755800000,1784756700000,2026-07-22T21:30:00Z,UP,YES,,66088.35,official-venue-resolution,f,f,f,f,f
doge,doge:1784755800000,1784755800000,1784756700000,2026-07-22T21:30:00Z,UP,YES,,0.0729366,official-venue-resolution,f,f,f,f,f
eth,eth:1784755800000,1784755800000,1784756700000,2026-07-22T21:30:00Z,UP,YES,,1934.52,official-venue-resolution,f,f,f,f,f
sol,sol:1784755800000,1784755800000,1784756700000,2026-07-22T21:30:00Z,UP,YES,,77.981,official-venue-resolution,f,f,f,f,f
xrp,xrp:1784755800000,1784755800000,1784756700000,2026-07-22T21:30:00Z,UP,YES,,1.1414,official-venue-resolution,f,f,f,f,f
btc,btc:1784756700000,1784756700000,1784757600000,2026-07-22T21:45:00Z,DOWN,NO,,66031.84,official-venue-resolution,f,f,f,f,f
doge,doge:1784756700000,1784756700000,1784757600000,2026-07-22T21:45:00Z,UP,YES,,0.0729436,official-venue-resolution,f,f,f,f,f
eth,eth:1784756700000,1784756700000,1784757600000,2026-07-22T21:45:00Z,UP,YES,,1936.52,official-venue-resolution,f,f,f,f,f
sol,sol:1784756700000,1784756700000,1784757600000,2026-07-22T21:45:00Z,UP,NO,,77.9712,official-venue-resolution,t,f,t,f,f
xrp,xrp:1784756700000,1784756700000,1784757600000,2026-07-22T21:45:00Z,UP,YES,,1.1418,official-venue-resolution,f,f,f,f,f
btc,btc:1784757600000,1784757600000,1784758500000,2026-07-22T22:00:00Z,DOWN,NO,,65983.86,official-venue-resolution,f,f,f,f,f
doge,doge:1784757600000,1784757600000,1784758500000,2026-07-22T22:00:00Z,DOWN,NO,,0.072927,official-venue-resolution,f,f,f,f,f
eth,eth:1784757600000,1784757600000,1784758500000,2026-07-22T22:00:00Z,DOWN,NO,,1935.58,official-venue-resolution,f,f,f,f,f
sol,sol:1784757600000,1784757600000,1784758500000,2026-07-22T22:00:00Z,UP,YES,,78.0427,official-venue-resolution,f,f,f,f,f
xrp,xrp:1784757600000,1784757600000,1784758500000,2026-07-22T22:00:00Z,DOWN,NO,,1.1401,official-venue-resolution,f,f,f,f,f
btc,btc:1784758500000,1784758500000,1784759400000,2026-07-22T22:15:00Z,UP,YES,,65996.77,official-venue-resolution,f,f,f,f,f
doge,doge:1784758500000,1784758500000,1784759400000,2026-07-22T22:15:00Z,UP,YES,,0.0729518,official-venue-resolution,f,f,f,f,f
eth,eth:1784758500000,1784758500000,1784759400000,2026-07-22T22:15:00Z,DOWN,NO,,1935.4,official-venue-resolution,f,f,f,f,f
sol,sol:1784758500000,1784758500000,1784759400000,2026-07-22T22:15:00Z,DOWN,NO,,78.0405,official-venue-resolution,f,f,f,f,f
xrp,xrp:1784758500000,1784758500000,1784759400000,2026-07-22T22:15:00Z,UP,YES,,1.1419,official-venue-resolution,f,f,f,f,f
btc,btc:1784759400000,1784759400000,1784760300000,2026-07-22T22:30:00Z,DOWN,NO,,65931.12,official-venue-resolution,f,f,f,f,f
doge,doge:1784759400000,1784759400000,1784760300000,2026-07-22T22:30:00Z,DOWN,NO,,0.072811,official-venue-resolution,f,f,f,f,f
eth,eth:1784759400000,1784759400000,1784760300000,2026-07-22T22:30:00Z,DOWN,NO,,1932.58,official-venue-resolution,f,f,f,f,f
sol,sol:1784759400000,1784759400000,1784760300000,2026-07-22T22:30:00Z,DOWN,NO,,77.7615,official-venue-resolution,f,f,f,f,f
xrp,xrp:1784759400000,1784759400000,1784760300000,2026-07-22T22:30:00Z,DOWN,NO,,1.139,official-venue-resolution,f,f,f,f,f
btc,btc:1784760300000,1784760300000,1784761200000,2026-07-22T22:45:00Z,UP,YES,,66007.36,official-venue-resolution,f,f,f,f,f
doge,doge:1784760300000,1784760300000,1784761200000,2026-07-22T22:45:00Z,UP,YES,,0.0729999,official-venue-resolution,f,f,f,f,f
eth,eth:1784760300000,1784760300000,1784761200000,2026-07-22T22:45:00Z,UP,YES,,1936.94,official-venue-resolution,f,f,f,f,f
sol,sol:1784760300000,1784760300000,1784761200000,2026-07-22T22:45:00Z,UP,YES,,77.9837,official-venue-resolution,f,f,f,f,f
xrp,xrp:1784760300000,1784760300000,1784761200000,2026-07-22T22:45:00Z,UP,YES,,1.1421,official-venue-resolution,f,f,f,f,f
btc,btc:1784761200000,1784761200000,1784762100000,2026-07-22T23:00:00Z,DOWN,NO,,65877.21,official-venue-resolution,f,f,f,f,f
doge,doge:1784761200000,1784761200000,1784762100000,2026-07-22T23:00:00Z,DOWN,NO,,0.0725852,official-venue-resolution,f,f,f,f,f
eth,eth:1784761200000,1784761200000,1784762100000,2026-07-22T23:00:00Z,DOWN,NO,,1924.94,official-venue-resolution,f,f,f,f,f
sol,sol:1784761200000,1784761200000,1784762100000,2026-07-22T23:00:00Z,DOWN,NO,,77.6355,official-venue-resolution,f,f,f,f,f
xrp,xrp:1784761200000,1784761200000,1784762100000,2026-07-22T23:00:00Z,DOWN,NO,,1.1377,official-venue-resolution,f,f,f,f,f
btc,btc:1784762100000,1784762100000,1784763000000,2026-07-22T23:15:00Z,UP,YES,,65958.67,official-venue-resolution,f,f,f,f,f
doge,doge:1784762100000,1784762100000,1784763000000,2026-07-22T23:15:00Z,UP,YES,,0.0727201,official-venue-resolution,f,f,f,f,f
eth,eth:1784762100000,1784762100000,1784763000000,2026-07-22T23:15:00Z,UP,YES,,1928.76,official-venue-resolution,f,f,f,f,f
sol,sol:1784762100000,1784762100000,1784763000000,2026-07-22T23:15:00Z,UP,YES,,77.7115,official-venue-resolution,f,f,f,f,f
xrp,xrp:1784762100000,1784762100000,1784763000000,2026-07-22T23:15:00Z,UP,YES,,1.1391,official-venue-resolution,f,f,f,f,f
btc,btc:1784763000000,1784763000000,1784763900000,2026-07-22T23:30:00Z,UP,NO,,65955.64,official-venue-resolution,t,f,t,f,f
doge,doge:1784763000000,1784763000000,1784763900000,2026-07-22T23:30:00Z,UP,YES,,0.072802,official-venue-resolution,f,f,f,f,f
eth,eth:1784763000000,1784763000000,1784763900000,2026-07-22T23:30:00Z,UP,YES,,1929.04,official-venue-resolution,f,f,f,f,f
sol,sol:1784763000000,1784763000000,1784763900000,2026-07-22T23:30:00Z,UP,YES,,77.7833,official-venue-resolution,f,f,f,f,f
xrp,xrp:1784763000000,1784763000000,1784763900000,2026-07-22T23:30:00Z,UP,YES,,1.1401,official-venue-resolution,f,f,f,f,f
btc,btc:1784763900000,1784763900000,1784764800000,2026-07-22T23:45:00Z,UP,YES,,66086.19,official-venue-resolution,f,f,f,f,f
doge,doge:1784763900000,1784763900000,1784764800000,2026-07-22T23:45:00Z,UP,YES,,0.0729816,official-venue-resolution,f,f,f,f,f
eth,eth:1784763900000,1784763900000,1784764800000,2026-07-22T23:45:00Z,UP,YES,,1933.45,official-venue-resolution,f,f,f,f,f
sol,sol:1784763900000,1784763900000,1784764800000,2026-07-22T23:45:00Z,UP,YES,,77.956,official-venue-resolution,f,f,f,f,f
xrp,xrp:1784763900000,1784763900000,1784764800000,2026-07-22T23:45:00Z,UP,YES,,1.1421,official-venue-resolution,f,f,f,f,f
btc,btc:1784764800000,1784764800000,1784765700000,2026-07-23T00:00:00Z,UP,YES,,66156.82,official-venue-resolution,f,f,f,f,f
doge,doge:1784764800000,1784764800000,1784765700000,2026-07-23T00:00:00Z,UP,YES,,0.0730065,official-venue-resolution,f,f,f,f,f
eth,eth:1784764800000,1784764800000,1784765700000,2026-07-23T00:00:00Z,UP,YES,,1934.27,official-venue-resolution,f,f,f,f,f
sol,sol:1784764800000,1784764800000,1784765700000,2026-07-23T00:00:00Z,UP,YES,,78.252,official-venue-resolution,f,f,f,f,f
xrp,xrp:1784764800000,1784764800000,1784765700000,2026-07-23T00:00:00Z,UP,YES,,1.1424,official-venue-resolution,f,f,f,f,f
btc,btc:1784765700000,1784765700000,1784766600000,2026-07-23T00:15:00Z,UP,YES,,66227.57,official-venue-resolution,f,f,f,f,f
doge,doge:1784765700000,1784765700000,1784766600000,2026-07-23T00:15:00Z,UP,YES,,0.0730757,official-venue-resolution,f,f,f,f,f
eth,eth:1784765700000,1784765700000,1784766600000,2026-07-23T00:15:00Z,UP,YES,,1937.72,official-venue-resolution,f,f,f,f,f
sol,sol:1784765700000,1784765700000,1784766600000,2026-07-23T00:15:00Z,UP,YES,,78.4027,official-venue-resolution,f,f,f,f,f
xrp,xrp:1784765700000,1784765700000,1784766600000,2026-07-23T00:15:00Z,UP,YES,,1.1433,official-venue-resolution,f,f,f,f,f
btc,btc:1784766600000,1784766600000,1784767500000,2026-07-23T00:30:00Z,DOWN,NO,,66137.13,official-venue-resolution,f,f,f,f,f
doge,doge:1784766600000,1784766600000,1784767500000,2026-07-23T00:30:00Z,DOWN,NO,,0.0730275,official-venue-resolution,f,f,f,f,f
eth,eth:1784766600000,1784766600000,1784767500000,2026-07-23T00:30:00Z,DOWN,NO,,1935.31,official-venue-resolution,f,f,f,f,f
sol,sol:1784766600000,1784766600000,1784767500000,2026-07-23T00:30:00Z,DOWN,NO,,78.292,official-venue-resolution,f,f,f,f,f
xrp,xrp:1784766600000,1784766600000,1784767500000,2026-07-23T00:30:00Z,DOWN,NO,,1.1425,official-venue-resolution,f,f,f,f,f
btc,btc:1784767500000,1784767500000,1784768400000,2026-07-23T00:45:00Z,DOWN,NO,,66039.16,official-venue-resolution,f,f,f,f,f
doge,doge:1784767500000,1784767500000,1784768400000,2026-07-23T00:45:00Z,DOWN,NO,,0.0729871,official-venue-resolution,f,f,f,f,f
eth,eth:1784767500000,1784767500000,1784768400000,2026-07-23T00:45:00Z,DOWN,NO,,1932.05,official-venue-resolution,f,f,f,f,f
sol,sol:1784767500000,1784767500000,1784768400000,2026-07-23T00:45:00Z,DOWN,NO,,78.2367,official-venue-resolution,f,f,f,f,f
xrp,xrp:1784767500000,1784767500000,1784768400000,2026-07-23T00:45:00Z,DOWN,NO,,1.1409,official-venue-resolution,f,f,f,f,f
btc,btc:1784768400000,1784768400000,1784769300000,2026-07-23T01:00:00Z,DOWN,NO,,66010.86,official-venue-resolution,f,f,f,f,f
doge,doge:1784768400000,1784768400000,1784769300000,2026-07-23T01:00:00Z,DOWN,NO,,0.0729063,official-venue-resolution,f,f,f,f,f
eth,eth:1784768400000,1784768400000,1784769300000,2026-07-23T01:00:00Z,UP,YES,,1932.46,official-venue-resolution,f,f,f,f,f
sol,sol:1784768400000,1784768400000,1784769300000,2026-07-23T01:00:00Z,DOWN,NO,,78.2088,official-venue-resolution,f,f,f,f,f
xrp,xrp:1784768400000,1784768400000,1784769300000,2026-07-23T01:00:00Z,DOWN,NO,,1.1404,official-venue-resolution,f,f,f,f,f
btc,btc:1784769300000,1784769300000,1784770200000,2026-07-23T01:15:00Z,DOWN,NO,,65906.24,official-venue-resolution,f,f,f,f,f
doge,doge:1784769300000,1784769300000,1784770200000,2026-07-23T01:15:00Z,DOWN,YES,,0.0729272,official-venue-resolution,t,t,f,f,f
eth,eth:1784769300000,1784769300000,1784770200000,2026-07-23T01:15:00Z,UP,YES,,1933.33,official-venue-resolution,f,f,f,f,f
sol,sol:1784769300000,1784769300000,1784770200000,2026-07-23T01:15:00Z,DOWN,NO,,78.0617,official-venue-resolution,f,f,f,f,f
xrp,xrp:1784769300000,1784769300000,1784770200000,2026-07-23T01:15:00Z,UP,YES,,1.1407,official-venue-resolution,f,f,f,f,f
btc,btc:1784770200000,1784770200000,1784771100000,2026-07-23T01:30:00Z,DOWN,NO,,65770.64,official-venue-resolution,f,f,f,f,f
doge,doge:1784770200000,1784770200000,1784771100000,2026-07-23T01:30:00Z,DOWN,NO,,0.0727879,official-venue-resolution,f,f,f,f,f
eth,eth:1784770200000,1784770200000,1784771100000,2026-07-23T01:30:00Z,DOWN,NO,,1927.9,official-venue-resolution,f,f,f,f,f
sol,sol:1784770200000,1784770200000,1784771100000,2026-07-23T01:30:00Z,DOWN,NO,,77.8957,official-venue-resolution,f,f,f,f,f
xrp,xrp:1784770200000,1784770200000,1784771100000,2026-07-23T01:30:00Z,DOWN,NO,,1.1386,official-venue-resolution,f,f,f,f,f
btc,btc:1784771100000,1784771100000,1784772000000,2026-07-23T01:45:00Z,UP,YES,,65803.55,official-venue-resolution,f,f,f,f,f
doge,doge:1784771100000,1784771100000,1784772000000,2026-07-23T01:45:00Z,DOWN,NO,,0.0727655,official-venue-resolution,f,f,f,f,f
eth,eth:1784771100000,1784771100000,1784772000000,2026-07-23T01:45:00Z,UP,NO,,1927.83,official-venue-resolution,t,f,t,f,f
sol,sol:1784771100000,1784771100000,1784772000000,2026-07-23T01:45:00Z,DOWN,NO,,77.8817,official-venue-resolution,f,f,f,f,f
xrp,xrp:1784771100000,1784771100000,1784772000000,2026-07-23T01:45:00Z,UP,YES,,1.1394,official-venue-resolution,f,f,f,f,f
btc,btc:1784772000000,1784772000000,1784772900000,2026-07-23T02:00:00Z,DOWN,NO,,65738.41,official-venue-resolution,f,f,f,f,f
doge,doge:1784772000000,1784772000000,1784772900000,2026-07-23T02:00:00Z,DOWN,NO,,0.0726656,official-venue-resolution,f,f,f,f,f
eth,eth:1784772000000,1784772000000,1784772900000,2026-07-23T02:00:00Z,DOWN,NO,,1925.37,official-venue-resolution,f,f,f,f,f
sol,sol:1784772000000,1784772000000,1784772900000,2026-07-23T02:00:00Z,DOWN,NO,,77.6542,official-venue-resolution,f,f,f,f,f
xrp,xrp:1784772000000,1784772000000,1784772900000,2026-07-23T02:00:00Z,DOWN,NO,,1.1371,official-venue-resolution,f,f,f,f,f
btc,btc:1784772900000,1784772900000,1784773800000,2026-07-23T02:15:00Z,DOWN,NO,,65718.69,official-venue-resolution,f,f,f,f,f
doge,doge:1784772900000,1784772900000,1784773800000,2026-07-23T02:15:00Z,DOWN,NO,,0.0725932,official-venue-resolution,f,f,f,f,f
eth,eth:1784772900000,1784772900000,1784773800000,2026-07-23T02:15:00Z,DOWN,NO,,1923.66,official-venue-resolution,f,f,f,f,f
sol,sol:1784772900000,1784772900000,1784773800000,2026-07-23T02:15:00Z,DOWN,NO,,77.4747,official-venue-resolution,f,f,f,f,f
xrp,xrp:1784772900000,1784772900000,1784773800000,2026-07-23T02:15:00Z,DOWN,NO,,1.1349,official-venue-resolution,f,f,f,f,f
btc,btc:1784773800000,1784773800000,1784774700000,2026-07-23T02:30:00Z,UP,YES,,65744.55,official-venue-resolution,f,f,f,f,f
doge,doge:1784773800000,1784773800000,1784774700000,2026-07-23T02:30:00Z,UP,YES,,0.0726688,official-venue-resolution,f,f,f,f,f
eth,eth:1784773800000,1784773800000,1784774700000,2026-07-23T02:30:00Z,UP,YES,,1925.07,official-venue-resolution,f,f,f,f,f
sol,sol:1784773800000,1784773800000,1784774700000,2026-07-23T02:30:00Z,UP,YES,,77.5978,official-venue-resolution,f,f,f,f,f
xrp,xrp:1784773800000,1784773800000,1784774700000,2026-07-23T02:30:00Z,UP,YES,,1.1369,official-venue-resolution,f,f,f,f,f
btc,btc:1784774700000,1784774700000,1784775600000,2026-07-23T02:45:00Z,UP,YES,,65776.62,official-venue-resolution,f,f,f,f,f
doge,doge:1784774700000,1784774700000,1784775600000,2026-07-23T02:45:00Z,DOWN,NO,,0.0726658,official-venue-resolution,f,f,f,f,f
eth,eth:1784774700000,1784774700000,1784775600000,2026-07-23T02:45:00Z,UP,YES,,1926.78,official-venue-resolution,f,f,f,f,f
sol,sol:1784774700000,1784774700000,1784775600000,2026-07-23T02:45:00Z,UP,YES,,77.734,official-venue-resolution,f,f,f,f,f
xrp,xrp:1784774700000,1784774700000,1784775600000,2026-07-23T02:45:00Z,UP,YES,,1.1378,official-venue-resolution,f,f,f,f,f
btc,btc:1784775600000,1784775600000,1784776500000,2026-07-23T03:00:00Z,DOWN,NO,,65601.78,official-venue-resolution,f,f,f,f,f
doge,doge:1784775600000,1784775600000,1784776500000,2026-07-23T03:00:00Z,DOWN,NO,,0.0724758,official-venue-resolution,f,f,f,f,f
eth,eth:1784775600000,1784775600000,1784776500000,2026-07-23T03:00:00Z,DOWN,NO,,1921.05,official-venue-resolution,f,f,f,f,f
sol,sol:1784775600000,1784775600000,1784776500000,2026-07-23T03:00:00Z,DOWN,NO,,77.5342,official-venue-resolution,f,f,f,f,f
xrp,xrp:1784775600000,1784775600000,1784776500000,2026-07-23T03:00:00Z,DOWN,NO,,1.1342,official-venue-resolution,f,f,f,f,f
btc,btc:1784776500000,1784776500000,1784777400000,2026-07-23T03:15:00Z,UP,YES,,65617.74,official-venue-resolution,f,f,f,f,f
doge,doge:1784776500000,1784776500000,1784777400000,2026-07-23T03:15:00Z,UP,YES,,0.0725008,official-venue-resolution,f,f,f,f,f
eth,eth:1784776500000,1784776500000,1784777400000,2026-07-23T03:15:00Z,UP,YES,,1921.78,official-venue-resolution,f,f,f,f,f
sol,sol:1784776500000,1784776500000,1784777400000,2026-07-23T03:15:00Z,UP,YES,,77.5503,official-venue-resolution,f,f,f,f,f
xrp,xrp:1784776500000,1784776500000,1784777400000,2026-07-23T03:15:00Z,DOWN,NO,,1.134,official-venue-resolution,f,f,f,f,f
btc,btc:1784777400000,1784777400000,1784778300000,2026-07-23T03:30:00Z,UP,YES,,65656.47,official-venue-resolution,f,f,f,f,f
doge,doge:1784777400000,1784777400000,1784778300000,2026-07-23T03:30:00Z,UP,YES,,0.0725541,official-venue-resolution,f,f,f,f,f
eth,eth:1784777400000,1784777400000,1784778300000,2026-07-23T03:30:00Z,UP,YES,,1921.91,official-venue-resolution,f,f,f,f,f
sol,sol:1784777400000,1784777400000,1784778300000,2026-07-23T03:30:00Z,UP,YES,,77.6327,official-venue-resolution,f,f,f,f,f
xrp,xrp:1784777400000,1784777400000,1784778300000,2026-07-23T03:30:00Z,UP,YES,,1.1351,official-venue-resolution,f,f,f,f,f
btc,btc:1784778300000,1784778300000,1784779200000,2026-07-23T03:45:00Z,DOWN,NO,,65624.32,official-venue-resolution,f,f,f,f,f
doge,doge:1784778300000,1784778300000,1784779200000,2026-07-23T03:45:00Z,DOWN,NO,,0.0723412,official-venue-resolution,f,f,f,f,f
eth,eth:1784778300000,1784778300000,1784779200000,2026-07-23T03:45:00Z,DOWN,NO,,1919.58,official-venue-resolution,f,f,f,f,f
sol,sol:1784778300000,1784778300000,1784779200000,2026-07-23T03:45:00Z,DOWN,NO,,77.5907,official-venue-resolution,f,f,f,f,f
xrp,xrp:1784778300000,1784778300000,1784779200000,2026-07-23T03:45:00Z,DOWN,NO,,1.1333,official-venue-resolution,f,f,f,f,f
btc,btc:1784779200000,1784779200000,1784780100000,2026-07-23T04:00:00Z,UP,YES,,65634.81,official-venue-resolution,f,f,f,f,f
doge,doge:1784779200000,1784779200000,1784780100000,2026-07-23T04:00:00Z,UP,YES,,0.0724391,official-venue-resolution,f,f,f,f,f
eth,eth:1784779200000,1784779200000,1784780100000,2026-07-23T04:00:00Z,UP,YES,,1921.17,official-venue-resolution,f,f,f,f,f
sol,sol:1784779200000,1784779200000,1784780100000,2026-07-23T04:00:00Z,UP,YES,,77.6538,official-venue-resolution,f,f,f,f,f
xrp,xrp:1784779200000,1784779200000,1784780100000,2026-07-23T04:00:00Z,UP,YES,1.1332343174535036,1.1333,official-venue-resolution,f,f,f,f,f
btc,btc:1784780100000,1784780100000,1784781000000,2026-07-23T04:15:00Z,UP,YES,,65677.56,official-venue-resolution,f,f,f,f,f
doge,doge:1784780100000,1784780100000,1784781000000,2026-07-23T04:15:00Z,UP,YES,,0.072579,official-venue-resolution,f,f,f,f,f
eth,eth:1784780100000,1784780100000,1784781000000,2026-07-23T04:15:00Z,UP,YES,,1924.29,official-venue-resolution,f,f,f,f,f
sol,sol:1784780100000,1784780100000,1784781000000,2026-07-23T04:15:00Z,UP,YES,,77.7482,official-venue-resolution,f,f,f,f,f
xrp,xrp:1784780100000,1784780100000,1784781000000,2026-07-23T04:15:00Z,UP,YES,,1.1366,official-venue-resolution,f,f,f,f,f
btc,btc:1784781000000,1784781000000,1784781900000,2026-07-23T04:30:00Z,DOWN,NO,,65599.97,official-venue-resolution,f,f,f,f,f
doge,doge:1784781000000,1784781000000,1784781900000,2026-07-23T04:30:00Z,DOWN,NO,,0.0724755,official-venue-resolution,f,f,f,f,f
eth,eth:1784781000000,1784781000000,1784781900000,2026-07-23T04:30:00Z,DOWN,NO,,1921.52,official-venue-resolution,f,f,f,f,f
sol,sol:1784781000000,1784781000000,1784781900000,2026-07-23T04:30:00Z,DOWN,NO,,77.575,official-venue-resolution,f,f,f,f,f
xrp,xrp:1784781000000,1784781000000,1784781900000,2026-07-23T04:30:00Z,DOWN,NO,,1.135,official-venue-resolution,f,f,f,f,f
btc,btc:1784781900000,1784781900000,1784782800000,2026-07-23T04:45:00Z,DOWN,NO,,65571.34,official-venue-resolution,f,f,f,f,f
doge,doge:1784781900000,1784781900000,1784782800000,2026-07-23T04:45:00Z,UP,YES,,0.0724967,official-venue-resolution,f,f,f,f,f
eth,eth:1784781900000,1784781900000,1784782800000,2026-07-23T04:45:00Z,DOWN,NO,,1918.42,official-venue-resolution,f,f,f,f,f
sol,sol:1784781900000,1784781900000,1784782800000,2026-07-23T04:45:00Z,DOWN,NO,,77.4915,official-venue-resolution,f,f,f,f,f
xrp,xrp:1784781900000,1784781900000,1784782800000,2026-07-23T04:45:00Z,UP,YES,,1.1354,official-venue-resolution,f,f,f,f,f
btc,btc:1784782800000,1784782800000,1784783700000,2026-07-23T05:00:00Z,UP,YES,,65605.64,official-venue-resolution,f,f,f,f,f
doge,doge:1784782800000,1784782800000,1784783700000,2026-07-23T05:00:00Z,DOWN,NO,,0.0724563,official-venue-resolution,f,f,f,f,f
eth,eth:1784782800000,1784782800000,1784783700000,2026-07-23T05:00:00Z,UP,YES,,1919.25,official-venue-resolution,f,f,f,f,f
sol,sol:1784782800000,1784782800000,1784783700000,2026-07-23T05:00:00Z,DOWN,NO,,77.467,official-venue-resolution,f,f,f,f,f
xrp,xrp:1784782800000,1784782800000,1784783700000,2026-07-23T05:00:00Z,DOWN,NO,,1.1347,official-venue-resolution,f,f,f,f,f
btc,btc:1784783700000,1784783700000,1784784600000,2026-07-23T05:15:00Z,UP,YES,,65682.22,official-venue-resolution,f,f,f,f,f
doge,doge:1784783700000,1784783700000,1784784600000,2026-07-23T05:15:00Z,UP,YES,,0.0725636,official-venue-resolution,f,f,f,f,f
eth,eth:1784783700000,1784783700000,1784784600000,2026-07-23T05:15:00Z,UP,YES,,1924.28,official-venue-resolution,f,f,f,f,f
sol,sol:1784783700000,1784783700000,1784784600000,2026-07-23T05:15:00Z,UP,YES,,77.6212,official-venue-resolution,f,f,f,f,f
xrp,xrp:1784783700000,1784783700000,1784784600000,2026-07-23T05:15:00Z,UP,YES,,1.1353,official-venue-resolution,f,f,f,f,f
btc,btc:1784784600000,1784784600000,1784785500000,2026-07-23T05:30:00Z,UP,YES,,65705.7,official-venue-resolution,f,f,f,f,f
doge,doge:1784784600000,1784784600000,1784785500000,2026-07-23T05:30:00Z,DOWN,NO,,0.0725467,official-venue-resolution,f,f,f,f,f
eth,eth:1784784600000,1784784600000,1784785500000,2026-07-23T05:30:00Z,DOWN,YES,,1924.44,official-venue-resolution,t,t,f,f,f
sol,sol:1784784600000,1784784600000,1784785500000,2026-07-23T05:30:00Z,DOWN,NO,,77.6098,official-venue-resolution,f,f,f,f,f
xrp,xrp:1784784600000,1784784600000,1784785500000,2026-07-23T05:30:00Z,UP,YES,,1.1355,official-venue-resolution,f,f,f,f,f
btc,btc:1784785500000,1784785500000,1784786400000,2026-07-23T05:45:00Z,DOWN,NO,,65663.5,official-venue-resolution,f,f,f,f,f
doge,doge:1784785500000,1784785500000,1784786400000,2026-07-23T05:45:00Z,DOWN,NO,,0.0724487,official-venue-resolution,f,f,f,f,f
eth,eth:1784785500000,1784785500000,1784786400000,2026-07-23T05:45:00Z,DOWN,NO,,1921.9,official-venue-resolution,f,f,f,f,f
sol,sol:1784785500000,1784785500000,1784786400000,2026-07-23T05:45:00Z,DOWN,NO,,77.5148,official-venue-resolution,f,f,f,f,f
xrp,xrp:1784785500000,1784785500000,1784786400000,2026-07-23T05:45:00Z,DOWN,NO,,1.1341,official-venue-resolution,f,f,f,f,f
btc,btc:1784786400000,1784786400000,1784787300000,2026-07-23T06:00:00Z,DOWN,NO,,65640.07,official-venue-resolution,f,f,f,f,f
doge,doge:1784786400000,1784786400000,1784787300000,2026-07-23T06:00:00Z,DOWN,NO,,0.0724314,official-venue-resolution,f,f,f,f,f
eth,eth:1784786400000,1784786400000,1784787300000,2026-07-23T06:00:00Z,UP,YES,,1921.98,official-venue-resolution,f,f,f,f,f
sol,sol:1784786400000,1784786400000,1784787300000,2026-07-23T06:00:00Z,DOWN,NO,,77.4613,official-venue-resolution,f,f,f,f,f
xrp,xrp:1784786400000,1784786400000,1784787300000,2026-07-23T06:00:00Z,UP,YES,,1.1343,official-venue-resolution,f,f,f,f,f
btc,btc:1784787300000,1784787300000,1784788200000,2026-07-23T06:15:00Z,UP,YES,,65711.35,official-venue-resolution,f,f,f,f,f
doge,doge:1784787300000,1784787300000,1784788200000,2026-07-23T06:15:00Z,UP,YES,,0.0725085,official-venue-resolution,f,f,f,f,f
eth,eth:1784787300000,1784787300000,1784788200000,2026-07-23T06:15:00Z,UP,YES,,1924.03,official-venue-resolution,f,f,f,f,f
sol,sol:1784787300000,1784787300000,1784788200000,2026-07-23T06:15:00Z,UP,YES,,77.4857,official-venue-resolution,f,f,f,f,f
xrp,xrp:1784787300000,1784787300000,1784788200000,2026-07-23T06:15:00Z,UP,YES,,1.135,official-venue-resolution,f,f,f,f,f
btc,btc:1784788200000,1784788200000,1784789100000,2026-07-23T06:30:00Z,UP,YES,,65743.49,official-venue-resolution,f,f,f,f,f
doge,doge:1784788200000,1784788200000,1784789100000,2026-07-23T06:30:00Z,DOWN,YES,,0.0725374,official-venue-resolution,t,t,f,f,f
eth,eth:1784788200000,1784788200000,1784789100000,2026-07-23T06:30:00Z,DOWN,YES,,1925,official-venue-resolution,t,t,f,f,f
sol,sol:1784788200000,1784788200000,1784789100000,2026-07-23T06:30:00Z,DOWN,YES,,77.5065,official-venue-resolution,t,t,f,f,f
xrp,xrp:1784788200000,1784788200000,1784789100000,2026-07-23T06:30:00Z,UP,YES,,1.1358,official-venue-resolution,f,f,f,f,f
btc,btc:1784797200000,1784797200000,1784798100000,2026-07-23T09:00:00Z,UP,YES,,65645.07,official-venue-resolution,f,f,f,f,f
doge,doge:1784797200000,1784797200000,1784798100000,2026-07-23T09:00:00Z,UP,YES,,0.0724493,official-venue-resolution,f,f,f,f,f
eth,eth:1784797200000,1784797200000,1784798100000,2026-07-23T09:00:00Z,UP,YES,,1928.29,official-venue-resolution,f,f,f,f,f
sol,sol:1784797200000,1784797200000,1784798100000,2026-07-23T09:00:00Z,UP,YES,,77.5093,official-venue-resolution,f,f,f,f,f
xrp,xrp:1784797200000,1784797200000,1784798100000,2026-07-23T09:00:00Z,UP,YES,,1.1357,official-venue-resolution,f,f,f,f,f
btc,btc:1784798100000,1784798100000,1784799000000,2026-07-23T09:15:00Z,UP,YES,,65696.6,official-venue-resolution,f,f,f,f,f
doge,doge:1784798100000,1784798100000,1784799000000,2026-07-23T09:15:00Z,DOWN,NO,,0.0724104,official-venue-resolution,f,f,f,f,f
eth,eth:1784798100000,1784798100000,1784799000000,2026-07-23T09:15:00Z,UP,YES,,1928.58,official-venue-resolution,f,f,f,f,f
sol,sol:1784798100000,1784798100000,1784799000000,2026-07-23T09:15:00Z,UP,YES,,77.5605,official-venue-resolution,f,f,f,f,f
xrp,xrp:1784798100000,1784798100000,1784799000000,2026-07-23T09:15:00Z,DOWN,YES,,1.1357,official-venue-resolution,t,t,f,f,f
btc,btc:1784799000000,1784799000000,1784799900000,2026-07-23T09:30:00Z,UP,NO,,65693.68,official-venue-resolution,t,f,t,f,f
doge,doge:1784799000000,1784799000000,1784799900000,2026-07-23T09:30:00Z,DOWN,NO,,0.0723586,official-venue-resolution,f,f,f,f,f
eth,eth:1784799000000,1784799000000,1784799900000,2026-07-23T09:30:00Z,DOWN,NO,,1928.25,official-venue-resolution,f,f,f,f,f
sol,sol:1784799000000,1784799000000,1784799900000,2026-07-23T09:30:00Z,UP,NO,,77.5602,official-venue-resolution,t,f,t,f,f
xrp,xrp:1784799000000,1784799000000,1784799900000,2026-07-23T09:30:00Z,DOWN,NO,,1.1352,official-venue-resolution,f,f,f,f,f
btc,btc:1784799900000,1784799900000,1784800800000,2026-07-23T09:45:00Z,DOWN,NO,,65601.09,official-venue-resolution,f,f,f,f,f
doge,doge:1784799900000,1784799900000,1784800800000,2026-07-23T09:45:00Z,DOWN,NO,,0.0722294,official-venue-resolution,f,f,f,f,f
eth,eth:1784799900000,1784799900000,1784800800000,2026-07-23T09:45:00Z,DOWN,NO,,1923.22,official-venue-resolution,f,f,f,f,f
sol,sol:1784799900000,1784799900000,1784800800000,2026-07-23T09:45:00Z,DOWN,NO,,77.4565,official-venue-resolution,f,f,f,f,f
xrp,xrp:1784799900000,1784799900000,1784800800000,2026-07-23T09:45:00Z,DOWN,NO,,1.1325,official-venue-resolution,f,f,f,f,f
btc,btc:1784800800000,1784800800000,1784801700000,2026-07-23T10:00:00Z,UP,YES,,65678.64,official-venue-resolution,f,f,f,f,f
doge,doge:1784800800000,1784800800000,1784801700000,2026-07-23T10:00:00Z,UP,YES,,0.0723513,official-venue-resolution,f,f,f,f,f
eth,eth:1784800800000,1784800800000,1784801700000,2026-07-23T10:00:00Z,UP,YES,,1925.44,official-venue-resolution,f,f,f,f,f
sol,sol:1784800800000,1784800800000,1784801700000,2026-07-23T10:00:00Z,UP,YES,,77.538,official-venue-resolution,f,f,f,f,f
xrp,xrp:1784800800000,1784800800000,1784801700000,2026-07-23T10:00:00Z,UP,YES,,1.1338,official-venue-resolution,f,f,f,f,f
btc,btc:1784801700000,1784801700000,1784802600000,2026-07-23T10:15:00Z,UP,YES,,65729.63,official-venue-resolution,f,f,f,f,f
doge,doge:1784801700000,1784801700000,1784802600000,2026-07-23T10:15:00Z,UP,YES,,0.0724503,official-venue-resolution,f,f,f,f,f
eth,eth:1784801700000,1784801700000,1784802600000,2026-07-23T10:15:00Z,UP,YES,,1927.48,official-venue-resolution,f,f,f,f,f
sol,sol:1784801700000,1784801700000,1784802600000,2026-07-23T10:15:00Z,UP,YES,,77.7175,official-venue-resolution,f,f,f,f,f
xrp,xrp:1784801700000,1784801700000,1784802600000,2026-07-23T10:15:00Z,UP,YES,,1.1352,official-venue-resolution,f,f,f,f,f
btc,btc:1784802600000,1784802600000,1784803500000,2026-07-23T10:30:00Z,UP,YES,,65744.31,official-venue-resolution,f,f,f,f,f
doge,doge:1784802600000,1784802600000,1784803500000,2026-07-23T10:30:00Z,DOWN,NO,,0.0724249,official-venue-resolution,f,f,f,f,f
eth,eth:1784802600000,1784802600000,1784803500000,2026-07-23T10:30:00Z,UP,YES,,1928.76,official-venue-resolution,f,f,f,f,f
sol,sol:1784802600000,1784802600000,1784803500000,2026-07-23T10:30:00Z,UP,YES,,77.729,official-venue-resolution,f,f,f,f,f
xrp,xrp:1784802600000,1784802600000,1784803500000,2026-07-23T10:30:00Z,UP,YES,,1.1353,official-venue-resolution,f,f,f,f,f
btc,btc:1784803500000,1784803500000,1784804400000,2026-07-23T10:45:00Z,DOWN,NO,,65700.16,official-venue-resolution,f,f,f,f,f
doge,doge:1784803500000,1784803500000,1784804400000,2026-07-23T10:45:00Z,DOWN,NO,,0.0723797,official-venue-resolution,f,f,f,f,f
eth,eth:1784803500000,1784803500000,1784804400000,2026-07-23T10:45:00Z,DOWN,NO,,1927.42,official-venue-resolution,f,f,f,f,f
sol,sol:1784803500000,1784803500000,1784804400000,2026-07-23T10:45:00Z,DOWN,NO,,77.7095,official-venue-resolution,f,f,f,f,f
xrp,xrp:1784803500000,1784803500000,1784804400000,2026-07-23T10:45:00Z,DOWN,NO,,1.1346,official-venue-resolution,f,f,f,f,f
btc,btc:1784804400000,1784804400000,1784805300000,2026-07-23T11:00:00Z,DOWN,NO,,65673.33,official-venue-resolution,f,f,f,f,f
doge,doge:1784804400000,1784804400000,1784805300000,2026-07-23T11:00:00Z,UP,YES,,0.0724529,official-venue-resolution,f,f,f,f,f
eth,eth:1784804400000,1784804400000,1784805300000,2026-07-23T11:00:00Z,UP,NO,,1927.25,official-venue-resolution,t,f,t,f,f
sol,sol:1784804400000,1784804400000,1784805300000,2026-07-23T11:00:00Z,UP,YES,,77.8147,official-venue-resolution,f,f,f,f,f
xrp,xrp:1784804400000,1784804400000,1784805300000,2026-07-23T11:00:00Z,UP,YES,,1.1351,official-venue-resolution,f,f,f,f,f
btc,btc:1784805300000,1784805300000,1784806200000,2026-07-23T11:15:00Z,DOWN,NO,,65612.63,official-venue-resolution,f,f,f,f,f
doge,doge:1784805300000,1784805300000,1784806200000,2026-07-23T11:15:00Z,DOWN,NO,,0.0724312,official-venue-resolution,f,f,f,f,f
eth,eth:1784805300000,1784805300000,1784806200000,2026-07-23T11:15:00Z,DOWN,NO,,1925.65,official-venue-resolution,f,f,f,f,f
sol,sol:1784805300000,1784805300000,1784806200000,2026-07-23T11:15:00Z,DOWN,NO,,77.7003,official-venue-resolution,f,f,f,f,f
xrp,xrp:1784805300000,1784805300000,1784806200000,2026-07-23T11:15:00Z,DOWN,NO,,1.1336,official-venue-resolution,f,f,f,f,f
btc,btc:1784806200000,1784806200000,1784807100000,2026-07-23T11:30:00Z,DOWN,NO,,65540.44,official-venue-resolution,f,f,f,f,f
doge,doge:1784806200000,1784806200000,1784807100000,2026-07-23T11:30:00Z,DOWN,NO,,0.0723515,official-venue-resolution,f,f,f,f,f
eth,eth:1784806200000,1784806200000,1784807100000,2026-07-23T11:30:00Z,DOWN,NO,,1925.27,official-venue-resolution,f,f,f,f,f
sol,sol:1784806200000,1784806200000,1784807100000,2026-07-23T11:30:00Z,DOWN,NO,,77.6385,official-venue-resolution,f,f,f,f,f
xrp,xrp:1784806200000,1784806200000,1784807100000,2026-07-23T11:30:00Z,DOWN,NO,,1.1323,official-venue-resolution,f,f,f,f,f
btc,btc:1784807100000,1784807100000,1784808000000,2026-07-23T11:45:00Z,DOWN,NO,,65536.37,official-venue-resolution,f,f,f,f,f
doge,doge:1784807100000,1784807100000,1784808000000,2026-07-23T11:45:00Z,UP,YES,,0.0723582,official-venue-resolution,f,f,f,f,f
eth,eth:1784807100000,1784807100000,1784808000000,2026-07-23T11:45:00Z,DOWN,YES,,1925.49,official-venue-resolution,t,t,f,f,f
sol,sol:1784807100000,1784807100000,1784808000000,2026-07-23T11:45:00Z,UP,NO,,77.6332,official-venue-resolution,t,f,t,f,f
xrp,xrp:1784807100000,1784807100000,1784808000000,2026-07-23T11:45:00Z,DOWN,NO,,1.1321,official-venue-resolution,f,f,f,f,f
btc,btc:1784808000000,1784808000000,1784808900000,2026-07-23T12:00:00Z,DOWN,NO,,65493.59,official-venue-resolution,f,f,f,f,f
doge,doge:1784808000000,1784808000000,1784808900000,2026-07-23T12:00:00Z,DOWN,NO,,0.0723339,official-venue-resolution,f,f,f,f,f
eth,eth:1784808000000,1784808000000,1784808900000,2026-07-23T12:00:00Z,DOWN,NO,,1923.43,official-venue-resolution,f,f,f,f,f
sol,sol:1784808000000,1784808000000,1784808900000,2026-07-23T12:00:00Z,DOWN,NO,,77.6262,official-venue-resolution,f,f,f,f,f
xrp,xrp:1784808000000,1784808000000,1784808900000,2026-07-23T12:00:00Z,DOWN,YES,,1.1321,official-venue-resolution,t,t,f,f,f
btc,btc:1784808900000,1784808900000,1784809800000,2026-07-23T12:15:00Z,DOWN,NO,,65401.49,official-venue-resolution,f,f,f,f,f
doge,doge:1784808900000,1784808900000,1784809800000,2026-07-23T12:15:00Z,DOWN,NO,,0.0722668,official-venue-resolution,f,f,f,f,f
eth,eth:1784808900000,1784808900000,1784809800000,2026-07-23T12:15:00Z,DOWN,NO,,1918.67,official-venue-resolution,f,f,f,f,f
sol,sol:1784808900000,1784808900000,1784809800000,2026-07-23T12:15:00Z,DOWN,NO,,77.4935,official-venue-resolution,f,f,f,f,f
xrp,xrp:1784808900000,1784808900000,1784809800000,2026-07-23T12:15:00Z,DOWN,NO,,1.1299,official-venue-resolution,f,f,f,f,f
btc,btc:1784809800000,1784809800000,1784810700000,2026-07-23T12:30:00Z,DOWN,NO,65077.90091453519,65090.73,official-venue-resolution,f,f,f,f,f
doge,doge:1784809800000,1784809800000,1784810700000,2026-07-23T12:30:00Z,DOWN,NO,0.0714588,0.071477,official-venue-resolution,f,f,f,f,f
eth,eth:1784809800000,1784809800000,1784810700000,2026-07-23T12:30:00Z,DOWN,NO,1903.6460597897928,1903.91,official-venue-resolution,f,f,f,f,f
sol,sol:1784809800000,1784809800000,1784810700000,2026-07-23T12:30:00Z,DOWN,NO,76.85682616574356,76.8632,official-venue-resolution,f,f,f,f,f
xrp,xrp:1784809800000,1784809800000,1784810700000,2026-07-23T12:30:00Z,DOWN,NO,1.1219524753633663,1.1224,official-venue-resolution,f,f,f,f,f
btc,btc:1784810700000,1784810700000,1784811600000,2026-07-23T12:45:00Z,UP,YES,,65115.65,official-venue-resolution,f,f,f,f,f
doge,doge:1784810700000,1784810700000,1784811600000,2026-07-23T12:45:00Z,DOWN,NO,,0.0712261,official-venue-resolution,f,f,f,f,f
eth,eth:1784810700000,1784810700000,1784811600000,2026-07-23T12:45:00Z,DOWN,NO,,1903.61,official-venue-resolution,f,f,f,f,f
sol,sol:1784810700000,1784810700000,1784811600000,2026-07-23T12:45:00Z,UP,YES,,76.8947,official-venue-resolution,f,f,f,f,f
xrp,xrp:1784810700000,1784810700000,1784811600000,2026-07-23T12:45:00Z,DOWN,NO,,1.1216,official-venue-resolution,f,f,f,f,f
btc,btc:1784811600000,1784811600000,1784812500000,2026-07-23T13:00:00Z,DOWN,NO,,64986.58,official-venue-resolution,f,f,f,f,f
doge,doge:1784811600000,1784811600000,1784812500000,2026-07-23T13:00:00Z,DOWN,NO,,0.0708947,official-venue-resolution,f,f,f,f,f
eth,eth:1784811600000,1784811600000,1784812500000,2026-07-23T13:00:00Z,DOWN,NO,,1897.21,official-venue-resolution,f,f,f,f,f
sol,sol:1784811600000,1784811600000,1784812500000,2026-07-23T13:00:00Z,DOWN,NO,,76.7138,official-venue-resolution,f,f,f,f,f
xrp,xrp:1784811600000,1784811600000,1784812500000,2026-07-23T13:00:00Z,DOWN,NO,,1.1154,official-venue-resolution,f,f,f,f,f
btc,btc:1784812500000,1784812500000,1784813400000,2026-07-23T13:15:00Z,DOWN,NO,,64968.77,official-venue-resolution,f,f,f,f,f
doge,doge:1784812500000,1784812500000,1784813400000,2026-07-23T13:15:00Z,DOWN,NO,,0.0703544,official-venue-resolution,f,f,f,f,f
eth,eth:1784812500000,1784812500000,1784813400000,2026-07-23T13:15:00Z,DOWN,NO,,1896.79,official-venue-resolution,f,f,f,f,f
sol,sol:1784812500000,1784812500000,1784813400000,2026-07-23T13:15:00Z,DOWN,NO,,76.6408,official-venue-resolution,f,f,f,f,f
xrp,xrp:1784812500000,1784812500000,1784813400000,2026-07-23T13:15:00Z,DOWN,NO,,1.1129,official-venue-resolution,f,f,f,f,f
btc,btc:1784813400000,1784813400000,1784814300000,2026-07-23T13:30:00Z,UP,YES,,65037.69,official-venue-resolution,f,f,f,f,f
doge,doge:1784813400000,1784813400000,1784814300000,2026-07-23T13:30:00Z,UP,YES,,0.0706049,official-venue-resolution,f,f,f,f,f
eth,eth:1784813400000,1784813400000,1784814300000,2026-07-23T13:30:00Z,UP,YES,,1906.66,official-venue-resolution,f,f,f,f,f
sol,sol:1784813400000,1784813400000,1784814300000,2026-07-23T13:30:00Z,UP,YES,,76.9482,official-venue-resolution,f,f,f,f,f
xrp,xrp:1784813400000,1784813400000,1784814300000,2026-07-23T13:30:00Z,UP,YES,,1.1142,official-venue-resolution,f,f,f,f,f
btc,btc:1784814300000,1784814300000,1784815200000,2026-07-23T13:45:00Z,DOWN,NO,,64869.16,official-venue-resolution,f,f,f,f,f
doge,doge:1784814300000,1784814300000,1784815200000,2026-07-23T13:45:00Z,DOWN,NO,,0.0703483,official-venue-resolution,f,f,f,f,f
eth,eth:1784814300000,1784814300000,1784815200000,2026-07-23T13:45:00Z,DOWN,NO,,1899.17,official-venue-resolution,f,f,f,f,f
sol,sol:1784814300000,1784814300000,1784815200000,2026-07-23T13:45:00Z,DOWN,NO,,76.7012,official-venue-resolution,f,f,f,f,f
xrp,xrp:1784814300000,1784814300000,1784815200000,2026-07-23T13:45:00Z,DOWN,NO,,1.112,official-venue-resolution,f,f,f,f,f
btc,btc:1784815200000,1784815200000,1784816100000,2026-07-23T14:00:00Z,UP,YES,,65015.59,official-venue-resolution,f,f,f,f,f
doge,doge:1784815200000,1784815200000,1784816100000,2026-07-23T14:00:00Z,UP,YES,,0.0705003,official-venue-resolution,f,f,f,f,f
eth,eth:1784815200000,1784815200000,1784816100000,2026-07-23T14:00:00Z,UP,YES,,1901.62,official-venue-resolution,f,f,f,f,f
sol,sol:1784815200000,1784815200000,1784816100000,2026-07-23T14:00:00Z,UP,YES,,76.8075,official-venue-resolution,f,f,f,f,f
xrp,xrp:1784815200000,1784815200000,1784816100000,2026-07-23T14:00:00Z,UP,YES,,1.1135,official-venue-resolution,f,f,f,f,f
bnb,bnb:1784816100000,1784816100000,1784817000000,2026-07-23T14:15:00Z,DOWN,NO,,566.71,official-venue-resolution,f,f,f,f,f
btc,btc:1784816100000,1784816100000,1784817000000,2026-07-23T14:15:00Z,UP,YES,,65078.27,official-venue-resolution,f,f,f,f,f
doge,doge:1784816100000,1784816100000,1784817000000,2026-07-23T14:15:00Z,UP,YES,,0.0705449,official-venue-resolution,f,f,f,f,f
eth,eth:1784816100000,1784816100000,1784817000000,2026-07-23T14:15:00Z,UP,YES,,1902.07,official-venue-resolution,f,f,f,f,f
hype,hype:1784816100000,1784816100000,1784817000000,2026-07-23T14:15:00Z,UP,YES,,59.773,official-venue-resolution,f,f,f,f,f
sol,sol:1784816100000,1784816100000,1784817000000,2026-07-23T14:15:00Z,DOWN,NO,,76.6617,official-venue-resolution,f,f,f,f,f
xrp,xrp:1784816100000,1784816100000,1784817000000,2026-07-23T14:15:00Z,UP,NO,,1.1133,official-venue-resolution,t,f,t,f,f
bnb,bnb:1784817000000,1784817000000,1784817900000,2026-07-23T14:30:00Z,UP,YES,,567.27,official-venue-resolution,f,f,f,f,f
btc,btc:1784817000000,1784817000000,1784817900000,2026-07-23T14:30:00Z,DOWN,NO,,64985.75,official-venue-resolution,f,f,f,f,f
doge,doge:1784817000000,1784817000000,1784817900000,2026-07-23T14:30:00Z,DOWN,NO,,0.0704296,official-venue-resolution,f,f,f,f,f
eth,eth:1784817000000,1784817000000,1784817900000,2026-07-23T14:30:00Z,DOWN,NO,,1898.67,official-venue-resolution,f,f,f,f,f
hype,hype:1784817000000,1784817000000,1784817900000,2026-07-23T14:30:00Z,DOWN,NO,,59.7262,official-venue-resolution,f,f,f,f,f
sol,sol:1784817000000,1784817000000,1784817900000,2026-07-23T14:30:00Z,DOWN,NO,,76.6287,official-venue-resolution,f,f,f,f,f
xrp,xrp:1784817000000,1784817000000,1784817900000,2026-07-23T14:30:00Z,DOWN,NO,,1.1128,official-venue-resolution,f,f,f,f,f
bnb,bnb:1784817900000,1784817900000,1784818800000,2026-07-23T14:45:00Z,DOWN,NO,,566.5,official-venue-resolution,f,f,f,f,f
btc,btc:1784817900000,1784817900000,1784818800000,2026-07-23T14:45:00Z,DOWN,NO,,64856.32,official-venue-resolution,f,f,f,f,f
doge,doge:1784817900000,1784817900000,1784818800000,2026-07-23T14:45:00Z,DOWN,NO,,0.0701957,official-venue-resolution,f,f,f,f,f
eth,eth:1784817900000,1784817900000,1784818800000,2026-07-23T14:45:00Z,DOWN,NO,,1895.01,official-venue-resolution,f,f,f,f,f
hype,hype:1784817900000,1784817900000,1784818800000,2026-07-23T14:45:00Z,UP,YES,,59.8226,official-venue-resolution,f,f,f,f,f
sol,sol:1784817900000,1784817900000,1784818800000,2026-07-23T14:45:00Z,DOWN,NO,,76.3528,official-venue-resolution,f,f,f,f,f
xrp,xrp:1784817900000,1784817900000,1784818800000,2026-07-23T14:45:00Z,DOWN,NO,,1.1093,official-venue-resolution,f,f,f,f,f
bnb,bnb:1784818800000,1784818800000,1784819700000,2026-07-23T15:00:00Z,DOWN,NO,,564.44,official-venue-resolution,f,f,f,f,f
btc,btc:1784818800000,1784818800000,1784819700000,2026-07-23T15:00:00Z,DOWN,NO,,64700.83,official-venue-resolution,f,f,f,f,f
doge,doge:1784818800000,1784818800000,1784819700000,2026-07-23T15:00:00Z,DOWN,NO,,0.068888,official-venue-resolution,f,f,f,f,f
eth,eth:1784818800000,1784818800000,1784819700000,2026-07-23T15:00:00Z,DOWN,NO,,1882.66,official-venue-resolution,f,f,f,f,f
hype,hype:1784818800000,1784818800000,1784819700000,2026-07-23T15:00:00Z,DOWN,NO,,59.6251,official-venue-resolution,f,f,f,f,f
sol,sol:1784818800000,1784818800000,1784819700000,2026-07-23T15:00:00Z,DOWN,NO,,75.8813,official-venue-resolution,f,f,f,f,f
xrp,xrp:1784818800000,1784818800000,1784819700000,2026-07-23T15:00:00Z,DOWN,NO,,1.1044,official-venue-resolution,f,f,f,f,f
bnb,bnb:1784819700000,1784819700000,1784820600000,2026-07-23T15:15:00Z,UP,YES,,566.01,official-venue-resolution,f,f,f,f,f
btc,btc:1784819700000,1784819700000,1784820600000,2026-07-23T15:15:00Z,UP,YES,,64823.58,official-venue-resolution,f,f,f,f,f
doge,doge:1784819700000,1784819700000,1784820600000,2026-07-23T15:15:00Z,UP,YES,,0.0692885,official-venue-resolution,f,f,f,f,f
eth,eth:1784819700000,1784819700000,1784820600000,2026-07-23T15:15:00Z,UP,YES,,1892,official-venue-resolution,f,f,f,f,f
hype,hype:1784819700000,1784819700000,1784820600000,2026-07-23T15:15:00Z,DOWN,NO,,59.5149,official-venue-resolution,f,f,f,f,f
sol,sol:1784819700000,1784819700000,1784820600000,2026-07-23T15:15:00Z,UP,YES,,76.2387,official-venue-resolution,f,f,f,f,f
xrp,xrp:1784819700000,1784819700000,1784820600000,2026-07-23T15:15:00Z,UP,YES,,1.1075,official-venue-resolution,f,f,f,f,f
bnb,bnb:1784820600000,1784820600000,1784821500000,2026-07-23T15:30:00Z,UP,YES,,566.42,official-venue-resolution,f,f,f,f,f
btc,btc:1784820600000,1784820600000,1784821500000,2026-07-23T15:30:00Z,UP,YES,,64870.52,official-venue-resolution,f,f,f,f,f
doge,doge:1784820600000,1784820600000,1784821500000,2026-07-23T15:30:00Z,UP,YES,,0.0695782,official-venue-resolution,f,f,f,f,f
eth,eth:1784820600000,1784820600000,1784821500000,2026-07-23T15:30:00Z,DOWN,NO,,1890.47,official-venue-resolution,f,f,f,f,f
hype,hype:1784820600000,1784820600000,1784821500000,2026-07-23T15:30:00Z,UP,YES,,59.5843,official-venue-resolution,f,f,f,f,f
sol,sol:1784820600000,1784820600000,1784821500000,2026-07-23T15:30:00Z,UP,YES,,76.2828,official-venue-resolution,f,f,f,f,f
xrp,xrp:1784820600000,1784820600000,1784821500000,2026-07-23T15:30:00Z,UP,YES,,1.1114,official-venue-resolution,f,f,f,f,f
bnb,bnb:1784821500000,1784821500000,1784822400000,2026-07-23T15:45:00Z,UP,YES,,567.5,official-venue-resolution,f,f,f,f,f
btc,btc:1784821500000,1784821500000,1784822400000,2026-07-23T15:45:00Z,UP,YES,,64912.46,official-venue-resolution,f,f,f,f,f
doge,doge:1784821500000,1784821500000,1784822400000,2026-07-23T15:45:00Z,UP,YES,,0.0697729,official-venue-resolution,f,f,f,f,f
eth,eth:1784821500000,1784821500000,1784822400000,2026-07-23T15:45:00Z,UP,YES,,1894.25,official-venue-resolution,f,f,f,f,f
hype,hype:1784821500000,1784821500000,1784822400000,2026-07-23T15:45:00Z,DOWN,NO,,59.4497,official-venue-resolution,f,f,f,f,f
sol,sol:1784821500000,1784821500000,1784822400000,2026-07-23T15:45:00Z,UP,YES,,76.3463,official-venue-resolution,f,f,f,f,f
xrp,xrp:1784821500000,1784821500000,1784822400000,2026-07-23T15:45:00Z,UP,YES,,1.1125,official-venue-resolution,f,f,f,f,f
bnb,bnb:1784822400000,1784822400000,1784823300000,2026-07-23T16:00:00Z,DOWN,NO,,567.34,official-venue-resolution,f,f,f,f,f
btc,btc:1784822400000,1784822400000,1784823300000,2026-07-23T16:00:00Z,DOWN,NO,,64820.74,official-venue-resolution,f,f,f,f,f
doge,doge:1784822400000,1784822400000,1784823300000,2026-07-23T16:00:00Z,DOWN,NO,,0.0695077,official-venue-resolution,f,f,f,f,f
eth,eth:1784822400000,1784822400000,1784823300000,2026-07-23T16:00:00Z,DOWN,NO,,1888.76,official-venue-resolution,f,f,f,f,f
hype,hype:1784822400000,1784822400000,1784823300000,2026-07-23T16:00:00Z,DOWN,NO,,59.1456,official-venue-resolution,f,f,f,f,f
sol,sol:1784822400000,1784822400000,1784823300000,2026-07-23T16:00:00Z,DOWN,NO,,76.0327,official-venue-resolution,f,f,f,f,f
xrp,xrp:1784822400000,1784822400000,1784823300000,2026-07-23T16:00:00Z,DOWN,NO,,1.1103,official-venue-resolution,f,f,f,f,f
bnb,bnb:1784823300000,1784823300000,1784824200000,2026-07-23T16:15:00Z,DOWN,NO,,566.6,official-venue-resolution,f,f,f,f,f
btc,btc:1784823300000,1784823300000,1784824200000,2026-07-23T16:15:00Z,DOWN,NO,,64761.87,official-venue-resolution,f,f,f,f,f
doge,doge:1784823300000,1784823300000,1784824200000,2026-07-23T16:15:00Z,UP,YES,,0.0697138,official-venue-resolution,f,f,f,f,f
eth,eth:1784823300000,1784823300000,1784824200000,2026-07-23T16:15:00Z,DOWN,NO,,1888.27,official-venue-resolution,f,f,f,f,f
hype,hype:1784823300000,1784823300000,1784824200000,2026-07-23T16:15:00Z,DOWN,NO,,59.0021,official-venue-resolution,f,f,f,f,f
sol,sol:1784823300000,1784823300000,1784824200000,2026-07-23T16:15:00Z,UP,YES,,76.0703,official-venue-resolution,f,f,f,f,f
xrp,xrp:1784823300000,1784823300000,1784824200000,2026-07-23T16:15:00Z,DOWN,NO,,1.11,official-venue-resolution,f,f,f,f,f
bnb,bnb:1784824200000,1784824200000,1784825100000,2026-07-23T16:30:00Z,DOWN,NO,,566.42,official-venue-resolution,f,f,f,f,f
btc,btc:1784824200000,1784824200000,1784825100000,2026-07-23T16:30:00Z,DOWN,NO,,64696.61,official-venue-resolution,f,f,f,f,f
doge,doge:1784824200000,1784824200000,1784825100000,2026-07-23T16:30:00Z,DOWN,NO,,0.0696875,official-venue-resolution,f,f,f,f,f
eth,eth:1784824200000,1784824200000,1784825100000,2026-07-23T16:30:00Z,DOWN,NO,,1887.16,official-venue-resolution,f,f,f,f,f
hype,hype:1784824200000,1784824200000,1784825100000,2026-07-23T16:30:00Z,DOWN,NO,,58.5611,official-venue-resolution,f,f,f,f,f
sol,sol:1784824200000,1784824200000,1784825100000,2026-07-23T16:30:00Z,DOWN,NO,,76.0177,official-venue-resolution,f,f,f,f,f
xrp,xrp:1784824200000,1784824200000,1784825100000,2026-07-23T16:30:00Z,DOWN,NO,,1.1093,official-venue-resolution,f,f,f,f,f
bnb,bnb:1784825100000,1784825100000,1784826000000,2026-07-23T16:45:00Z,UP,YES,,566.7,official-venue-resolution,f,f,f,f,f
btc,btc:1784825100000,1784825100000,1784826000000,2026-07-23T16:45:00Z,UP,YES,,64737.27,official-venue-resolution,f,f,f,f,f
doge,doge:1784825100000,1784825100000,1784826000000,2026-07-23T16:45:00Z,DOWN,NO,,0.0696515,official-venue-resolution,f,f,f,f,f
eth,eth:1784825100000,1784825100000,1784826000000,2026-07-23T16:45:00Z,DOWN,YES,,1887.62,official-venue-resolution,t,t,f,f,f
hype,hype:1784825100000,1784825100000,1784826000000,2026-07-23T16:45:00Z,UP,YES,,58.7254,official-venue-resolution,f,f,f,f,f
sol,sol:1784825100000,1784825100000,1784826000000,2026-07-23T16:45:00Z,DOWN,NO,,75.982,official-venue-resolution,f,f,f,f,f
xrp,xrp:1784825100000,1784825100000,1784826000000,2026-07-23T16:45:00Z,DOWN,NO,,1.108,official-venue-resolution,f,f,f,f,f
bnb,bnb:1784826000000,1784826000000,1784826900000,2026-07-23T17:00:00Z,UP,NO,,566.68,official-venue-resolution,t,f,t,f,f
btc,btc:1784826000000,1784826000000,1784826900000,2026-07-23T17:00:00Z,UP,NO,,64693.65,official-venue-resolution,t,f,t,f,f
doge,doge:1784826000000,1784826000000,1784826900000,2026-07-23T17:00:00Z,UP,NO,,0.0696186,official-venue-resolution,t,f,t,f,f
eth,eth:1784826000000,1784826000000,1784826900000,2026-07-23T17:00:00Z,UP,NO,,1886.35,official-venue-resolution,t,f,t,f,f
hype,hype:1784826000000,1784826000000,1784826900000,2026-07-23T17:00:00Z,DOWN,NO,,58.6905,official-venue-resolution,f,f,f,f,f
sol,sol:1784826000000,1784826000000,1784826900000,2026-07-23T17:00:00Z,DOWN,NO,,75.9215,official-venue-resolution,f,f,f,f,f
xrp,xrp:1784826000000,1784826000000,1784826900000,2026-07-23T17:00:00Z,DOWN,NO,,1.107,official-venue-resolution,f,f,f,f,f
bnb,bnb:1784826900000,1784826900000,1784827800000,2026-07-23T17:15:00Z,UP,YES,,567.36,official-venue-resolution,f,f,f,f,f
btc,btc:1784826900000,1784826900000,1784827800000,2026-07-23T17:15:00Z,UP,YES,,64800.42,official-venue-resolution,f,f,f,f,f
doge,doge:1784826900000,1784826900000,1784827800000,2026-07-23T17:15:00Z,UP,YES,,0.0697801,official-venue-resolution,f,f,f,f,f
eth,eth:1784826900000,1784826900000,1784827800000,2026-07-23T17:15:00Z,UP,YES,,1890.04,official-venue-resolution,f,f,f,f,f
hype,hype:1784826900000,1784826900000,1784827800000,2026-07-23T17:15:00Z,DOWN,NO,,58.6104,official-venue-resolution,f,f,f,f,f
sol,sol:1784826900000,1784826900000,1784827800000,2026-07-23T17:15:00Z,UP,YES,,76.0547,official-venue-resolution,f,f,f,f,f
xrp,xrp:1784826900000,1784826900000,1784827800000,2026-07-23T17:15:00Z,UP,YES,,1.1086,official-venue-resolution,f,f,f,f,f
bnb,bnb:1784827800000,1784827800000,1784828700000,2026-07-23T17:30:00Z,DOWN,NO,,566.74,official-venue-resolution,f,f,f,f,f
btc,btc:1784827800000,1784827800000,1784828700000,2026-07-23T17:30:00Z,DOWN,NO,,64773.49,official-venue-resolution,f,f,f,f,f
doge,doge:1784827800000,1784827800000,1784828700000,2026-07-23T17:30:00Z,DOWN,NO,,0.0696697,official-venue-resolution,f,f,f,f,f
eth,eth:1784827800000,1784827800000,1784828700000,2026-07-23T17:30:00Z,DOWN,NO,1887.0533263999682,1887.25,official-venue-resolution,f,f,f,f,f
hype,hype:1784827800000,1784827800000,1784828700000,2026-07-23T17:30:00Z,DOWN,NO,,58.3074,official-venue-resolution,f,f,f,f,f
sol,sol:1784827800000,1784827800000,1784828700000,2026-07-23T17:30:00Z,DOWN,NO,75.93206725598009,75.9452,official-venue-resolution,f,f,f,f,f
xrp,xrp:1784827800000,1784827800000,1784828700000,2026-07-23T17:30:00Z,DOWN,NO,,1.107,official-venue-resolution,f,f,f,f,f
bnb,bnb:1784828700000,1784828700000,1784829600000,2026-07-23T17:45:00Z,DOWN,NO,,565.37,official-venue-resolution,f,f,f,f,f
btc,btc:1784828700000,1784828700000,1784829600000,2026-07-23T17:45:00Z,DOWN,NO,,64620.86,official-venue-resolution,f,f,f,f,f
doge,doge:1784828700000,1784828700000,1784829600000,2026-07-23T17:45:00Z,DOWN,NO,,0.0693512,official-venue-resolution,f,f,f,f,f
eth,eth:1784828700000,1784828700000,1784829600000,2026-07-23T17:45:00Z,DOWN,NO,,1876.58,official-venue-resolution,f,f,f,f,f
hype,hype:1784828700000,1784828700000,1784829600000,2026-07-23T17:45:00Z,DOWN,NO,,58.1937,official-venue-resolution,f,f,f,f,f
sol,sol:1784828700000,1784828700000,1784829600000,2026-07-23T17:45:00Z,DOWN,NO,,75.5623,official-venue-resolution,f,f,f,f,f
xrp,xrp:1784828700000,1784828700000,1784829600000,2026-07-23T17:45:00Z,DOWN,NO,,1.1019,official-venue-resolution,f,f,f,f,f
bnb,bnb:1784829600000,1784829600000,1784830500000,2026-07-23T18:00:00Z,UP,YES,,566.02,official-venue-resolution,f,f,f,f,f
btc,btc:1784829600000,1784829600000,1784830500000,2026-07-23T18:00:00Z,UP,YES,,64685.31,official-venue-resolution,f,f,f,f,f
doge,doge:1784829600000,1784829600000,1784830500000,2026-07-23T18:00:00Z,DOWN,NO,,0.0693412,official-venue-resolution,f,f,f,f,f
eth,eth:1784829600000,1784829600000,1784830500000,2026-07-23T18:00:00Z,UP,YES,,1877.94,official-venue-resolution,f,f,f,f,f
hype,hype:1784829600000,1784829600000,1784830500000,2026-07-23T18:00:00Z,UP,YES,,58.458,official-venue-resolution,f,f,f,f,f
sol,sol:1784829600000,1784829600000,1784830500000,2026-07-23T18:00:00Z,UP,YES,,75.6863,official-venue-resolution,f,f,f,f,f
xrp,xrp:1784829600000,1784829600000,1784830500000,2026-07-23T18:00:00Z,UP,YES,,1.1044,official-venue-resolution,f,f,f,f,f
bnb,bnb:1784830500000,1784830500000,1784831400000,2026-07-23T18:15:00Z,UP,YES,,567.04,official-venue-resolution,f,f,f,f,f
btc,btc:1784830500000,1784830500000,1784831400000,2026-07-23T18:15:00Z,UP,YES,,64752.63,official-venue-resolution,f,f,f,f,f
doge,doge:1784830500000,1784830500000,1784831400000,2026-07-23T18:15:00Z,UP,YES,,0.0693961,official-venue-resolution,f,f,f,f,f
eth,eth:1784830500000,1784830500000,1784831400000,2026-07-23T18:15:00Z,UP,YES,,1879.2,official-venue-resolution,f,f,f,f,f
hype,hype:1784830500000,1784830500000,1784831400000,2026-07-23T18:15:00Z,UP,YES,,58.7087,official-venue-resolution,f,f,f,f,f
sol,sol:1784830500000,1784830500000,1784831400000,2026-07-23T18:15:00Z,UP,YES,,75.7545,official-venue-resolution,f,f,f,f,f
xrp,xrp:1784830500000,1784830500000,1784831400000,2026-07-23T18:15:00Z,UP,YES,,1.1053,official-venue-resolution,f,f,f,f,f
bnb,bnb:1784831400000,1784831400000,1784832300000,2026-07-23T18:30:00Z,DOWN,NO,,566.65,official-venue-resolution,f,f,f,f,f
btc,btc:1784831400000,1784831400000,1784832300000,2026-07-23T18:30:00Z,UP,YES,,64758.53,official-venue-resolution,f,f,f,f,f
doge,doge:1784831400000,1784831400000,1784832300000,2026-07-23T18:30:00Z,DOWN,NO,,0.0692087,official-venue-resolution,f,f,f,f,f
eth,eth:1784831400000,1784831400000,1784832300000,2026-07-23T18:30:00Z,DOWN,NO,,1877.8,official-venue-resolution,f,f,f,f,f
hype,hype:1784831400000,1784831400000,1784832300000,2026-07-23T18:30:00Z,DOWN,NO,,58.0755,official-venue-resolution,f,f,f,f,f
sol,sol:1784831400000,1784831400000,1784832300000,2026-07-23T18:30:00Z,DOWN,NO,,75.6492,official-venue-resolution,f,f,f,f,f
xrp,xrp:1784831400000,1784831400000,1784832300000,2026-07-23T18:30:00Z,DOWN,NO,,1.1031,official-venue-resolution,f,f,f,f,f
bnb,bnb:1784832300000,1784832300000,1784833200000,2026-07-23T18:45:00Z,UP,YES,,566.91,official-venue-resolution,f,f,f,f,f
btc,btc:1784832300000,1784832300000,1784833200000,2026-07-23T18:45:00Z,UP,YES,,64807.79,official-venue-resolution,f,f,f,f,f
doge,doge:1784832300000,1784832300000,1784833200000,2026-07-23T18:45:00Z,UP,YES,,0.0692636,official-venue-resolution,f,f,f,f,f
eth,eth:1784832300000,1784832300000,1784833200000,2026-07-23T18:45:00Z,UP,YES,,1879.75,official-venue-resolution,f,f,f,f,f
hype,hype:1784832300000,1784832300000,1784833200000,2026-07-23T18:45:00Z,UP,YES,,58.3519,official-venue-resolution,f,f,f,f,f
sol,sol:1784832300000,1784832300000,1784833200000,2026-07-23T18:45:00Z,UP,YES,,75.7303,official-venue-resolution,f,f,f,f,f
xrp,xrp:1784832300000,1784832300000,1784833200000,2026-07-23T18:45:00Z,UP,YES,,1.1045,official-venue-resolution,f,f,f,f,f
bnb,bnb:1784833200000,1784833200000,1784834100000,2026-07-23T19:00:00Z,DOWN,NO,,566.15,official-venue-resolution,f,f,f,f,f
btc,btc:1784833200000,1784833200000,1784834100000,2026-07-23T19:00:00Z,DOWN,NO,,64742.06,official-venue-resolution,f,f,f,f,f
doge,doge:1784833200000,1784833200000,1784834100000,2026-07-23T19:00:00Z,DOWN,NO,,0.0691579,official-venue-resolution,f,f,f,f,f
eth,eth:1784833200000,1784833200000,1784834100000,2026-07-23T19:00:00Z,DOWN,NO,,1875.04,official-venue-resolution,f,f,f,f,f
hype,hype:1784833200000,1784833200000,1784834100000,2026-07-23T19:00:00Z,DOWN,NO,,58.2569,official-venue-resolution,f,f,f,f,f
sol,sol:1784833200000,1784833200000,1784834100000,2026-07-23T19:00:00Z,DOWN,NO,,75.5412,official-venue-resolution,f,f,f,f,f
xrp,xrp:1784833200000,1784833200000,1784834100000,2026-07-23T19:00:00Z,DOWN,NO,,1.1022,official-venue-resolution,f,f,f,f,f
bnb,bnb:1784834100000,1784834100000,1784835000000,2026-07-23T19:15:00Z,UP,YES,,566.79,official-venue-resolution,f,f,f,f,f
btc,btc:1784834100000,1784834100000,1784835000000,2026-07-23T19:15:00Z,UP,YES,,64833.75,official-venue-resolution,f,f,f,f,f
doge,doge:1784834100000,1784834100000,1784835000000,2026-07-23T19:15:00Z,UP,YES,,0.069295,official-venue-resolution,f,f,f,f,f
eth,eth:1784834100000,1784834100000,1784835000000,2026-07-23T19:15:00Z,UP,YES,,1879.7,official-venue-resolution,f,f,f,f,f
hype,hype:1784834100000,1784834100000,1784835000000,2026-07-23T19:15:00Z,UP,YES,,58.5041,official-venue-resolution,f,f,f,f,f
sol,sol:1784834100000,1784834100000,1784835000000,2026-07-23T19:15:00Z,UP,YES,,75.7078,official-venue-resolution,f,f,f,f,f
xrp,xrp:1784834100000,1784834100000,1784835000000,2026-07-23T19:15:00Z,UP,YES,,1.1045,official-venue-resolution,f,f,f,f,f
bnb,bnb:1784835000000,1784835000000,1784835900000,2026-07-23T19:30:00Z,DOWN,NO,,566.25,official-venue-resolution,f,f,f,f,f
btc,btc:1784835000000,1784835000000,1784835900000,2026-07-23T19:30:00Z,DOWN,NO,,64703.1,official-venue-resolution,f,f,f,f,f
doge,doge:1784835000000,1784835000000,1784835900000,2026-07-23T19:30:00Z,DOWN,NO,,0.0692515,official-venue-resolution,f,f,f,f,f
eth,eth:1784835000000,1784835000000,1784835900000,2026-07-23T19:30:00Z,DOWN,NO,,1874.42,official-venue-resolution,f,f,f,f,f
hype,hype:1784835000000,1784835000000,1784835900000,2026-07-23T19:30:00Z,DOWN,NO,,57.9809,official-venue-resolution,f,f,f,f,f
sol,sol:1784835000000,1784835000000,1784835900000,2026-07-23T19:30:00Z,DOWN,NO,,75.5685,official-venue-resolution,f,f,f,f,f
xrp,xrp:1784835000000,1784835000000,1784835900000,2026-07-23T19:30:00Z,DOWN,NO,,1.1044,official-venue-resolution,f,f,f,f,f
bnb,bnb:1784835900000,1784835900000,1784836800000,2026-07-23T19:45:00Z,UP,YES,,566.31,official-venue-resolution,f,f,f,f,f
btc,btc:1784835900000,1784835900000,1784836800000,2026-07-23T19:45:00Z,UP,YES,,64791.74,official-venue-resolution,f,f,f,f,f
doge,doge:1784835900000,1784835900000,1784836800000,2026-07-23T19:45:00Z,DOWN,NO,,0.0691947,official-venue-resolution,f,f,f,f,f
eth,eth:1784835900000,1784835900000,1784836800000,2026-07-23T19:45:00Z,DOWN,NO,,1873.93,official-venue-resolution,f,f,f,f,f
hype,hype:1784835900000,1784835900000,1784836800000,2026-07-23T19:45:00Z,DOWN,NO,,57.9269,official-venue-resolution,f,f,f,f,f
sol,sol:1784835900000,1784835900000,1784836800000,2026-07-23T19:45:00Z,UP,YES,,75.7025,official-venue-resolution,f,f,f,f,f
xrp,xrp:1784835900000,1784835900000,1784836800000,2026-07-23T19:45:00Z,DOWN,NO,,1.1042,official-venue-resolution,f,f,f,f,f
bnb,bnb:1784836800000,1784836800000,1784837700000,2026-07-23T20:00:00Z,UP,YES,,568.03,official-venue-resolution,f,f,f,f,f
btc,btc:1784836800000,1784836800000,1784837700000,2026-07-23T20:00:00Z,UP,YES,,64994.56,official-venue-resolution,f,f,f,f,f
doge,doge:1784836800000,1784836800000,1784837700000,2026-07-23T20:00:00Z,UP,YES,,0.0695231,official-venue-resolution,f,f,f,f,f
eth,eth:1784836800000,1784836800000,1784837700000,2026-07-23T20:00:00Z,UP,YES,,1882.75,official-venue-resolution,f,f,f,f,f
hype,hype:1784836800000,1784836800000,1784837700000,2026-07-23T20:00:00Z,UP,YES,,58.3293,official-venue-resolution,f,f,f,f,f
sol,sol:1784836800000,1784836800000,1784837700000,2026-07-23T20:00:00Z,UP,YES,,75.9832,official-venue-resolution,f,f,f,f,f
xrp,xrp:1784836800000,1784836800000,1784837700000,2026-07-23T20:00:00Z,UP,YES,,1.1102,official-venue-resolution,f,f,f,f,f
bnb,bnb:1784837700000,1784837700000,1784838600000,2026-07-23T20:15:00Z,UP,YES,,568.39,official-venue-resolution,f,f,f,f,f
btc,btc:1784837700000,1784837700000,1784838600000,2026-07-23T20:15:00Z,UP,YES,,65124.54,official-venue-resolution,f,f,f,f,f
doge,doge:1784837700000,1784837700000,1784838600000,2026-07-23T20:15:00Z,UP,YES,,0.0696042,official-venue-resolution,f,f,f,f,f
eth,eth:1784837700000,1784837700000,1784838600000,2026-07-23T20:15:00Z,UP,YES,,1886.58,official-venue-resolution,f,f,f,f,f
hype,hype:1784837700000,1784837700000,1784838600000,2026-07-23T20:15:00Z,UP,YES,,58.354,official-venue-resolution,f,f,f,f,f
sol,sol:1784837700000,1784837700000,1784838600000,2026-07-23T20:15:00Z,UP,YES,,76.1002,official-venue-resolution,f,f,f,f,f
xrp,xrp:1784837700000,1784837700000,1784838600000,2026-07-23T20:15:00Z,UP,YES,,1.1116,official-venue-resolution,f,f,f,f,f
bnb,bnb:1784838600000,1784838600000,1784839500000,2026-07-23T20:30:00Z,DOWN,NO,,567.64,official-venue-resolution,f,f,f,f,f
btc,btc:1784838600000,1784838600000,1784839500000,2026-07-23T20:30:00Z,DOWN,NO,,65084.53,official-venue-resolution,f,f,f,f,f
doge,doge:1784838600000,1784838600000,1784839500000,2026-07-23T20:30:00Z,DOWN,NO,,0.0695538,official-venue-resolution,f,f,f,f,f
eth,eth:1784838600000,1784838600000,1784839500000,2026-07-23T20:30:00Z,DOWN,NO,,1883.78,official-venue-resolution,f,f,f,f,f
hype,hype:1784838600000,1784838600000,1784839500000,2026-07-23T20:30:00Z,DOWN,NO,,58.1545,official-venue-resolution,f,f,f,f,f
sol,sol:1784838600000,1784838600000,1784839500000,2026-07-23T20:30:00Z,DOWN,NO,,76.0475,official-venue-resolution,f,f,f,f,f
xrp,xrp:1784838600000,1784838600000,1784839500000,2026-07-23T20:30:00Z,DOWN,NO,,1.1106,official-venue-resolution,f,f,f,f,f
bnb,bnb:1784839500000,1784839500000,1784840400000,2026-07-23T20:45:00Z,DOWN,NO,,567.5,official-venue-resolution,f,f,f,f,f
btc,btc:1784839500000,1784839500000,1784840400000,2026-07-23T20:45:00Z,UP,YES,,65099.79,official-venue-resolution,f,f,f,f,f
doge,doge:1784839500000,1784839500000,1784840400000,2026-07-23T20:45:00Z,UP,YES,,0.0696227,official-venue-resolution,f,f,f,f,f
eth,eth:1784839500000,1784839500000,1784840400000,2026-07-23T20:45:00Z,UP,YES,,1884.74,official-venue-resolution,f,f,f,f,f
hype,hype:1784839500000,1784839500000,1784840400000,2026-07-23T20:45:00Z,DOWN,NO,,58.0347,official-venue-resolution,f,f,f,f,f
sol,sol:1784839500000,1784839500000,1784840400000,2026-07-23T20:45:00Z,UP,YES,,76.1018,official-venue-resolution,f,f,f,f,f
xrp,xrp:1784839500000,1784839500000,1784840400000,2026-07-23T20:45:00Z,UP,YES,,1.1123,official-venue-resolution,f,f,f,f,f
bnb,bnb:1784840400000,1784840400000,1784841300000,2026-07-23T21:00:00Z,DOWN,NO,,567.15,official-venue-resolution,f,f,f,f,f
btc,btc:1784840400000,1784840400000,1784841300000,2026-07-23T21:00:00Z,DOWN,NO,,65007.1,official-venue-resolution,f,f,f,f,f
doge,doge:1784840400000,1784840400000,1784841300000,2026-07-23T21:00:00Z,DOWN,NO,,0.0694833,official-venue-resolution,f,f,f,f,f
eth,eth:1784840400000,1784840400000,1784841300000,2026-07-23T21:00:00Z,DOWN,NO,,1881.57,official-venue-resolution,f,f,f,f,f
hype,hype:1784840400000,1784840400000,1784841300000,2026-07-23T21:00:00Z,DOWN,NO,,57.8604,official-venue-resolution,f,f,f,f,f
sol,sol:1784840400000,1784840400000,1784841300000,2026-07-23T21:00:00Z,DOWN,NO,,75.9723,official-venue-resolution,f,f,f,f,f
xrp,xrp:1784840400000,1784840400000,1784841300000,2026-07-23T21:00:00Z,DOWN,NO,,1.1103,official-venue-resolution,f,f,f,f,f
bnb,bnb:1784841300000,1784841300000,1784842200000,2026-07-23T21:15:00Z,UP,NO,,567.12,official-venue-resolution,t,f,t,f,f
btc,btc:1784841300000,1784841300000,1784842200000,2026-07-23T21:15:00Z,UP,YES,,65074.35,official-venue-resolution,f,f,f,f,f
doge,doge:1784841300000,1784841300000,1784842200000,2026-07-23T21:15:00Z,UP,YES,,0.0694934,official-venue-resolution,f,f,f,f,f
eth,eth:1784841300000,1784841300000,1784842200000,2026-07-23T21:15:00Z,DOWN,YES,,1881.7,official-venue-resolution,t,t,f,f,f
hype,hype:1784841300000,1784841300000,1784842200000,2026-07-23T21:15:00Z,UP,YES,,57.8759,official-venue-resolution,f,f,f,f,f
sol,sol:1784841300000,1784841300000,1784842200000,2026-07-23T21:15:00Z,UP,YES,,75.9975,official-venue-resolution,f,f,f,f,f
xrp,xrp:1784841300000,1784841300000,1784842200000,2026-07-23T21:15:00Z,DOWN,NO,,1.1099,official-venue-resolution,f,f,f,f,f
bnb,bnb:1784842200000,1784842200000,1784843100000,2026-07-23T21:30:00Z,DOWN,NO,,566.78,official-venue-resolution,f,f,f,f,f
btc,btc:1784842200000,1784842200000,1784843100000,2026-07-23T21:30:00Z,DOWN,NO,,65049.56,official-venue-resolution,f,f,f,f,f
doge,doge:1784842200000,1784842200000,1784843100000,2026-07-23T21:30:00Z,DOWN,NO,,0.0694438,official-venue-resolution,f,f,f,f,f
eth,eth:1784842200000,1784842200000,1784843100000,2026-07-23T21:30:00Z,DOWN,NO,,1880.92,official-venue-resolution,f,f,f,f,f
hype,hype:1784842200000,1784842200000,1784843100000,2026-07-23T21:30:00Z,DOWN,NO,,57.7224,official-venue-resolution,f,f,f,f,f
sol,sol:1784842200000,1784842200000,1784843100000,2026-07-23T21:30:00Z,UP,YES,,76.0178,official-venue-resolution,f,f,f,f,f
xrp,xrp:1784842200000,1784842200000,1784843100000,2026-07-23T21:30:00Z,DOWN,NO,,1.1093,official-venue-resolution,f,f,f,f,f
bnb,bnb:1784843100000,1784843100000,1784844000000,2026-07-23T21:45:00Z,UP,YES,,567.06,official-venue-resolution,f,f,f,f,f
btc,btc:1784843100000,1784843100000,1784844000000,2026-07-23T21:45:00Z,UP,YES,,65105.92,official-venue-resolution,f,f,f,f,f
doge,doge:1784843100000,1784843100000,1784844000000,2026-07-23T21:45:00Z,UP,YES,,0.0694595,official-venue-resolution,f,f,f,f,f
eth,eth:1784843100000,1784843100000,1784844000000,2026-07-23T21:45:00Z,UP,YES,,1881.09,official-venue-resolution,f,f,f,f,f
hype,hype:1784843100000,1784843100000,1784844000000,2026-07-23T21:45:00Z,DOWN,NO,,57.592,official-venue-resolution,f,f,f,f,f
sol,sol:1784843100000,1784843100000,1784844000000,2026-07-23T21:45:00Z,DOWN,NO,,75.9785,official-venue-resolution,f,f,f,f,f
xrp,xrp:1784843100000,1784843100000,1784844000000,2026-07-23T21:45:00Z,UP,YES,,1.1094,official-venue-resolution,f,f,f,f,f
bnb,bnb:1784844000000,1784844000000,1784844900000,2026-07-23T22:00:00Z,DOWN,NO,,566.47,official-venue-resolution,f,f,f,f,f
btc,btc:1784844000000,1784844000000,1784844900000,2026-07-23T22:00:00Z,DOWN,NO,,65050.02,official-venue-resolution,f,f,f,f,f
doge,doge:1784844000000,1784844000000,1784844900000,2026-07-23T22:00:00Z,DOWN,YES,,0.0694866,official-venue-resolution,t,t,f,f,f
eth,eth:1784844000000,1784844000000,1784844900000,2026-07-23T22:00:00Z,DOWN,NO,,1877.4,official-venue-resolution,f,f,f,f,f
hype,hype:1784844000000,1784844000000,1784844900000,2026-07-23T22:00:00Z,DOWN,NO,,57.3714,official-venue-resolution,f,f,f,f,f
sol,sol:1784844000000,1784844000000,1784844900000,2026-07-23T22:00:00Z,DOWN,NO,,75.9235,official-venue-resolution,f,f,f,f,f
xrp,xrp:1784844000000,1784844000000,1784844900000,2026-07-23T22:00:00Z,DOWN,NO,,1.109,official-venue-resolution,f,f,f,f,f
bnb,bnb:1784844900000,1784844900000,1784845800000,2026-07-23T22:15:00Z,UP,YES,,566.75,official-venue-resolution,f,f,f,f,f
btc,btc:1784844900000,1784844900000,1784845800000,2026-07-23T22:15:00Z,UP,YES,,65108.79,official-venue-resolution,f,f,f,f,f
doge,doge:1784844900000,1784844900000,1784845800000,2026-07-23T22:15:00Z,UP,YES,,0.0695561,official-venue-resolution,f,f,f,f,f
eth,eth:1784844900000,1784844900000,1784845800000,2026-07-23T22:15:00Z,UP,YES,,1879.31,official-venue-resolution,f,f,f,f,f
hype,hype:1784844900000,1784844900000,1784845800000,2026-07-23T22:15:00Z,UP,YES,,57.479,official-venue-resolution,f,f,f,f,f
sol,sol:1784844900000,1784844900000,1784845800000,2026-07-23T22:15:00Z,UP,YES,,76.084,official-venue-resolution,f,f,f,f,f
xrp,xrp:1784844900000,1784844900000,1784845800000,2026-07-23T22:15:00Z,UP,YES,,1.1112,official-venue-resolution,f,f,f,f,f
bnb,bnb:1784845800000,1784845800000,1784846700000,2026-07-23T22:30:00Z,UP,YES,,567.24,official-venue-resolution,f,f,f,f,f
btc,btc:1784845800000,1784845800000,1784846700000,2026-07-23T22:30:00Z,UP,YES,,65169.64,official-venue-resolution,f,f,f,f,f
doge,doge:1784845800000,1784845800000,1784846700000,2026-07-23T22:30:00Z,UP,YES,,0.0696165,official-venue-resolution,f,f,f,f,f
eth,eth:1784845800000,1784845800000,1784846700000,2026-07-23T22:30:00Z,UP,YES,,1882.53,official-venue-resolution,f,f,f,f,f
hype,hype:1784845800000,1784845800000,1784846700000,2026-07-23T22:30:00Z,UP,YES,,57.5468,official-venue-resolution,f,f,f,f,f
sol,sol:1784845800000,1784845800000,1784846700000,2026-07-23T22:30:00Z,UP,YES,,76.1792,official-venue-resolution,f,f,f,f,f
xrp,xrp:1784845800000,1784845800000,1784846700000,2026-07-23T22:30:00Z,UP,YES,,1.1125,official-venue-resolution,f,f,f,f,f
bnb,bnb:1784846700000,1784846700000,1784847600000,2026-07-23T22:45:00Z,UP,YES,,567.6,official-venue-resolution,f,f,f,f,f
btc,btc:1784846700000,1784846700000,1784847600000,2026-07-23T22:45:00Z,DOWN,NO,,65148.85,official-venue-resolution,f,f,f,f,f
doge,doge:1784846700000,1784846700000,1784847600000,2026-07-23T22:45:00Z,DOWN,NO,,0.0695222,official-venue-resolution,f,f,f,f,f
eth,eth:1784846700000,1784846700000,1784847600000,2026-07-23T22:45:00Z,DOWN,NO,,1882.24,official-venue-resolution,f,f,f,f,f
hype,hype:1784846700000,1784846700000,1784847600000,2026-07-23T22:45:00Z,DOWN,YES,,57.5744,official-venue-resolution,t,t,f,f,f
sol,sol:1784846700000,1784846700000,1784847600000,2026-07-23T22:45:00Z,DOWN,NO,,76.1478,official-venue-resolution,f,f,f,f,f
xrp,xrp:1784846700000,1784846700000,1784847600000,2026-07-23T22:45:00Z,DOWN,NO,,1.1116,official-venue-resolution,f,f,f,f,f
bnb,bnb:1784847600000,1784847600000,1784848500000,2026-07-23T23:00:00Z,UP,YES,,567.72,official-venue-resolution,f,f,f,f,f
btc,btc:1784847600000,1784847600000,1784848500000,2026-07-23T23:00:00Z,UP,NO,,65134.31,official-venue-resolution,t,f,t,f,f
doge,doge:1784847600000,1784847600000,1784848500000,2026-07-23T23:00:00Z,DOWN,NO,,0.069417,official-venue-resolution,f,f,f,f,f
eth,eth:1784847600000,1784847600000,1784848500000,2026-07-23T23:00:00Z,DOWN,NO,,1881.84,official-venue-resolution,f,f,f,f,f
hype,hype:1784847600000,1784847600000,1784848500000,2026-07-23T23:00:00Z,UP,YES,,57.8494,official-venue-resolution,f,f,f,f,f
sol,sol:1784847600000,1784847600000,1784848500000,2026-07-23T23:00:00Z,DOWN,NO,,76.1273,official-venue-resolution,f,f,f,f,f
xrp,xrp:1784847600000,1784847600000,1784848500000,2026-07-23T23:00:00Z,DOWN,NO,,1.1097,official-venue-resolution,f,f,f,f,f
bnb,bnb:1784848500000,1784848500000,1784849400000,2026-07-23T23:15:00Z,DOWN,NO,,567.6,official-venue-resolution,f,f,f,f,f
btc,btc:1784848500000,1784848500000,1784849400000,2026-07-23T23:15:00Z,DOWN,NO,,65121.17,official-venue-resolution,f,f,f,f,f
doge,doge:1784848500000,1784848500000,1784849400000,2026-07-23T23:15:00Z,DOWN,NO,,0.0693708,official-venue-resolution,f,f,f,f,f
eth,eth:1784848500000,1784848500000,1784849400000,2026-07-23T23:15:00Z,DOWN,NO,,1881.75,official-venue-resolution,f,f,f,f,f
hype,hype:1784848500000,1784848500000,1784849400000,2026-07-23T23:15:00Z,UP,YES,,57.9434,official-venue-resolution,f,f,f,f,f
sol,sol:1784848500000,1784848500000,1784849400000,2026-07-23T23:15:00Z,UP,YES,,76.145,official-venue-resolution,f,f,f,f,f
xrp,xrp:1784848500000,1784848500000,1784849400000,2026-07-23T23:15:00Z,DOWN,NO,,1.1091,official-venue-resolution,f,f,f,f,f
bnb,bnb:1784849400000,1784849400000,1784850300000,2026-07-23T23:30:00Z,DOWN,NO,,567.49,official-venue-resolution,f,f,f,f,f
btc,btc:1784849400000,1784849400000,1784850300000,2026-07-23T23:30:00Z,DOWN,YES,,65127.43,official-venue-resolution,t,t,f,f,f
doge,doge:1784849400000,1784849400000,1784850300000,2026-07-23T23:30:00Z,DOWN,NO,,0.0692945,official-venue-resolution,f,f,f,f,f
eth,eth:1784849400000,1784849400000,1784850300000,2026-07-23T23:30:00Z,DOWN,NO,,1880.69,official-venue-resolution,f,f,f,f,f
hype,hype:1784849400000,1784849400000,1784850300000,2026-07-23T23:30:00Z,DOWN,NO,,57.9045,official-venue-resolution,f,f,f,f,f
sol,sol:1784849400000,1784849400000,1784850300000,2026-07-23T23:30:00Z,DOWN,NO,,76.0772,official-venue-resolution,f,f,f,f,f
xrp,xrp:1784849400000,1784849400000,1784850300000,2026-07-23T23:30:00Z,DOWN,NO,,1.1077,official-venue-resolution,f,f,f,f,f
bnb,bnb:1784850300000,1784850300000,1784851200000,2026-07-23T23:45:00Z,DOWN,NO,,567.16,official-venue-resolution,f,f,f,f,f
btc,btc:1784850300000,1784850300000,1784851200000,2026-07-23T23:45:00Z,DOWN,NO,,65054.34,official-venue-resolution,f,f,f,f,f
doge,doge:1784850300000,1784850300000,1784851200000,2026-07-23T23:45:00Z,DOWN,NO,,0.0691793,official-venue-resolution,f,f,f,f,f
eth,eth:1784850300000,1784850300000,1784851200000,2026-07-23T23:45:00Z,DOWN,NO,,1877.35,official-venue-resolution,f,f,f,f,f
hype,hype:1784850300000,1784850300000,1784851200000,2026-07-23T23:45:00Z,DOWN,NO,,57.5209,official-venue-resolution,f,f,f,f,f
sol,sol:1784850300000,1784850300000,1784851200000,2026-07-23T23:45:00Z,DOWN,NO,,75.861,official-venue-resolution,f,f,f,f,f
xrp,xrp:1784850300000,1784850300000,1784851200000,2026-07-23T23:45:00Z,DOWN,NO,,1.1074,official-venue-resolution,f,f,f,f,f
bnb,bnb:1784851200000,1784851200000,1784852100000,2026-07-24T00:00:00Z,DOWN,NO,,567.01,official-venue-resolution,f,f,f,f,f
btc,btc:1784851200000,1784851200000,1784852100000,2026-07-24T00:00:00Z,DOWN,NO,,64889.62,official-venue-resolution,f,f,f,f,f
doge,doge:1784851200000,1784851200000,1784852100000,2026-07-24T00:00:00Z,DOWN,NO,,0.0689308,official-venue-resolution,f,f,f,f,f
eth,eth:1784851200000,1784851200000,1784852100000,2026-07-24T00:00:00Z,DOWN,NO,,1873.73,official-venue-resolution,f,f,f,f,f
hype,hype:1784851200000,1784851200000,1784852100000,2026-07-24T00:00:00Z,DOWN,NO,,57.4434,official-venue-resolution,f,f,f,f,f
sol,sol:1784851200000,1784851200000,1784852100000,2026-07-24T00:00:00Z,DOWN,NO,,75.6963,official-venue-resolution,f,f,f,f,f
xrp,xrp:1784851200000,1784851200000,1784852100000,2026-07-24T00:00:00Z,DOWN,NO,,1.1061,official-venue-resolution,f,f,f,f,f
bnb,bnb:1784852100000,1784852100000,1784853000000,2026-07-24T00:15:00Z,UP,YES,,567.15,official-venue-resolution,f,f,f,f,f
btc,btc:1784852100000,1784852100000,1784853000000,2026-07-24T00:15:00Z,DOWN,NO,,64839.26,official-venue-resolution,f,f,f,f,f
doge,doge:1784852100000,1784852100000,1784853000000,2026-07-24T00:15:00Z,UP,YES,,0.0690013,official-venue-resolution,f,f,f,f,f
eth,eth:1784852100000,1784852100000,1784853000000,2026-07-24T00:15:00Z,DOWN,NO,,1870.68,official-venue-resolution,f,f,f,f,f
hype,hype:1784852100000,1784852100000,1784853000000,2026-07-24T00:15:00Z,DOWN,NO,,57.4311,official-venue-resolution,f,f,f,f,f
sol,sol:1784852100000,1784852100000,1784853000000,2026-07-24T00:15:00Z,UP,YES,,75.7072,official-venue-resolution,f,f,f,f,f
xrp,xrp:1784852100000,1784852100000,1784853000000,2026-07-24T00:15:00Z,DOWN,NO,,1.1055,official-venue-resolution,f,f,f,f,f
bnb,bnb:1784853000000,1784853000000,1784853900000,2026-07-24T00:30:00Z,DOWN,NO,,566.77,official-venue-resolution,f,f,f,f,f
btc,btc:1784853000000,1784853000000,1784853900000,2026-07-24T00:30:00Z,DOWN,NO,,64809.04,official-venue-resolution,f,f,f,f,f
doge,doge:1784853000000,1784853000000,1784853900000,2026-07-24T00:30:00Z,UP,YES,,0.0690933,official-venue-resolution,f,f,f,f,f
eth,eth:1784853000000,1784853000000,1784853900000,2026-07-24T00:30:00Z,DOWN,NO,,1864.93,official-venue-resolution,f,f,f,f,f
hype,hype:1784853000000,1784853000000,1784853900000,2026-07-24T00:30:00Z,DOWN,NO,,57.3831,official-venue-resolution,f,f,f,f,f
sol,sol:1784853000000,1784853000000,1784853900000,2026-07-24T00:30:00Z,DOWN,NO,,75.6257,official-venue-resolution,f,f,f,f,f
xrp,xrp:1784853000000,1784853000000,1784853900000,2026-07-24T00:30:00Z,UP,YES,,1.1062,official-venue-resolution,f,f,f,f,f
bnb,bnb:1784853900000,1784853900000,1784854800000,2026-07-24T00:45:00Z,UP,YES,,567.54,official-venue-resolution,f,f,f,f,f
btc,btc:1784853900000,1784853900000,1784854800000,2026-07-24T00:45:00Z,UP,YES,,64924.15,official-venue-resolution,f,f,f,f,f
doge,doge:1784853900000,1784853900000,1784854800000,2026-07-24T00:45:00Z,UP,YES,,0.0691788,official-venue-resolution,f,f,f,f,f
eth,eth:1784853900000,1784853900000,1784854800000,2026-07-24T00:45:00Z,UP,YES,,1869.62,official-venue-resolution,f,f,f,f,f
hype,hype:1784853900000,1784853900000,1784854800000,2026-07-24T00:45:00Z,UP,YES,,57.4378,official-venue-resolution,f,f,f,f,f
sol,sol:1784853900000,1784853900000,1784854800000,2026-07-24T00:45:00Z,UP,YES,,75.7813,official-venue-resolution,f,f,f,f,f
xrp,xrp:1784853900000,1784853900000,1784854800000,2026-07-24T00:45:00Z,UP,YES,,1.107,official-venue-resolution,f,f,f,f,f
bnb,bnb:1784854800000,1784854800000,1784855700000,2026-07-24T01:00:00Z,DOWN,YES,,567.65,official-venue-resolution,t,t,f,f,f
btc,btc:1784854800000,1784854800000,1784855700000,2026-07-24T01:00:00Z,UP,YES,,65003.84,official-venue-resolution,f,f,f,f,f
doge,doge:1784854800000,1784854800000,1784855700000,2026-07-24T01:00:00Z,UP,YES,,0.0692503,official-venue-resolution,f,f,f,f,f
eth,eth:1784854800000,1784854800000,1784855700000,2026-07-24T01:00:00Z,UP,YES,,1873.27,official-venue-resolution,f,f,f,f,f
hype,hype:1784854800000,1784854800000,1784855700000,2026-07-24T01:00:00Z,UP,YES,,57.6915,official-venue-resolution,f,f,f,f,f
sol,sol:1784854800000,1784854800000,1784855700000,2026-07-24T01:00:00Z,UP,YES,,75.8717,official-venue-resolution,f,f,f,f,f
xrp,xrp:1784854800000,1784854800000,1784855700000,2026-07-24T01:00:00Z,UP,YES,,1.1085,official-venue-resolution,f,f,f,f,f
bnb,bnb:1784855700000,1784855700000,1784856600000,2026-07-24T01:15:00Z,DOWN,YES,,567.81,official-venue-resolution,t,t,f,f,f
btc,btc:1784855700000,1784855700000,1784856600000,2026-07-24T01:15:00Z,DOWN,YES,,65045.16,official-venue-resolution,t,t,f,f,f
doge,doge:1784855700000,1784855700000,1784856600000,2026-07-24T01:15:00Z,UP,YES,,0.0692884,official-venue-resolution,f,f,f,f,f
eth,eth:1784855700000,1784855700000,1784856600000,2026-07-24T01:15:00Z,DOWN,YES,,1874.34,official-venue-resolution,t,t,f,f,f
hype,hype:1784855700000,1784855700000,1784856600000,2026-07-24T01:15:00Z,UP,YES,,57.8468,official-venue-resolution,f,f,f,f,f
sol,sol:1784855700000,1784855700000,1784856600000,2026-07-24T01:15:00Z,UP,YES,,75.972,official-venue-resolution,f,f,f,f,f
xrp,xrp:1784855700000,1784855700000,1784856600000,2026-07-24T01:15:00Z,UP,YES,,1.1093,official-venue-resolution,f,f,f,f,f
bnb,bnb:1784856600000,1784856600000,1784857500000,2026-07-24T01:30:00Z,UP,YES,,568.15,official-venue-resolution,f,f,f,f,f
btc,btc:1784856600000,1784856600000,1784857500000,2026-07-24T01:30:00Z,UP,YES,,65068.14,official-venue-resolution,f,f,f,f,f
doge,doge:1784856600000,1784856600000,1784857500000,2026-07-24T01:30:00Z,UP,YES,,0.0693637,official-venue-resolution,f,f,f,f,f
eth,eth:1784856600000,1784856600000,1784857500000,2026-07-24T01:30:00Z,UP,YES,,1875.32,official-venue-resolution,f,f,f,f,f
hype,hype:1784856600000,1784856600000,1784857500000,2026-07-24T01:30:00Z,UP,YES,,58.1584,official-venue-resolution,f,f,f,f,f
sol,sol:1784856600000,1784856600000,1784857500000,2026-07-24T01:30:00Z,DOWN,NO,,75.8697,official-venue-resolution,f,f,f,f,f
xrp,xrp:1784856600000,1784856600000,1784857500000,2026-07-24T01:30:00Z,UP,YES,,1.1097,official-venue-resolution,f,f,f,f,f
bnb,bnb:1784857500000,1784857500000,1784858400000,2026-07-24T01:45:00Z,DOWN,NO,,567.86,official-venue-resolution,f,f,f,f,f
btc,btc:1784857500000,1784857500000,1784858400000,2026-07-24T01:45:00Z,DOWN,NO,,65039.49,official-venue-resolution,f,f,f,f,f
doge,doge:1784857500000,1784857500000,1784858400000,2026-07-24T01:45:00Z,DOWN,NO,,0.0692622,official-venue-resolution,f,f,f,f,f
eth,eth:1784857500000,1784857500000,1784858400000,2026-07-24T01:45:00Z,DOWN,NO,,1872,official-venue-resolution,f,f,f,f,f
hype,hype:1784857500000,1784857500000,1784858400000,2026-07-24T01:45:00Z,DOWN,NO,,58.0623,official-venue-resolution,f,f,f,f,f
sol,sol:1784857500000,1784857500000,1784858400000,2026-07-24T01:45:00Z,DOWN,NO,,75.6497,official-venue-resolution,f,f,f,f,f
xrp,xrp:1784857500000,1784857500000,1784858400000,2026-07-24T01:45:00Z,DOWN,NO,,1.1089,official-venue-resolution,f,f,f,f,f
bnb,bnb:1784858400000,1784858400000,1784859300000,2026-07-24T02:00:00Z,UP,YES,,568.11,official-venue-resolution,f,f,f,f,f
btc,btc:1784858400000,1784858400000,1784859300000,2026-07-24T02:00:00Z,UP,YES,,65122.78,official-venue-resolution,f,f,f,f,f
doge,doge:1784858400000,1784858400000,1784859300000,2026-07-24T02:00:00Z,UP,YES,,0.0694336,official-venue-resolution,f,f,f,f,f
eth,eth:1784858400000,1784858400000,1784859300000,2026-07-24T02:00:00Z,UP,YES,,1876.22,official-venue-resolution,f,f,f,f,f
hype,hype:1784858400000,1784858400000,1784859300000,2026-07-24T02:00:00Z,UP,YES,,58.1312,official-venue-resolution,f,f,f,f,f
sol,sol:1784858400000,1784858400000,1784859300000,2026-07-24T02:00:00Z,UP,YES,,75.8537,official-venue-resolution,f,f,f,f,f
xrp,xrp:1784858400000,1784858400000,1784859300000,2026-07-24T02:00:00Z,UP,YES,,1.109,official-venue-resolution,f,f,f,f,f
bnb,bnb:1784859300000,1784859300000,1784860200000,2026-07-24T02:15:00Z,DOWN,NO,,567.99,official-venue-resolution,f,f,f,f,f
btc,btc:1784859300000,1784859300000,1784860200000,2026-07-24T02:15:00Z,DOWN,NO,,65088.12,official-venue-resolution,f,f,f,f,f
doge,doge:1784859300000,1784859300000,1784860200000,2026-07-24T02:15:00Z,DOWN,NO,,0.0693165,official-venue-resolution,f,f,f,f,f
eth,eth:1784859300000,1784859300000,1784860200000,2026-07-24T02:15:00Z,DOWN,NO,,1874.29,official-venue-resolution,f,f,f,f,f
hype,hype:1784859300000,1784859300000,1784860200000,2026-07-24T02:15:00Z,DOWN,NO,,57.988,official-venue-resolution,f,f,f,f,f
sol,sol:1784859300000,1784859300000,1784860200000,2026-07-24T02:15:00Z,DOWN,NO,,75.7268,official-venue-resolution,f,f,f,f,f
xrp,xrp:1784859300000,1784859300000,1784860200000,2026-07-24T02:15:00Z,DOWN,NO,,1.1086,official-venue-resolution,f,f,f,f,f
bnb,bnb:1784860200000,1784860200000,1784861100000,2026-07-24T02:30:00Z,DOWN,NO,,567.54,official-venue-resolution,f,f,f,f,f
btc,btc:1784860200000,1784860200000,1784861100000,2026-07-24T02:30:00Z,DOWN,NO,,65012.14,official-venue-resolution,f,f,f,f,f
doge,doge:1784860200000,1784860200000,1784861100000,2026-07-24T02:30:00Z,DOWN,NO,,0.0691235,official-venue-resolution,f,f,f,f,f
eth,eth:1784860200000,1784860200000,1784861100000,2026-07-24T02:30:00Z,DOWN,NO,,1869.58,official-venue-resolution,f,f,f,f,f
hype,hype:1784860200000,1784860200000,1784861100000,2026-07-24T02:30:00Z,DOWN,NO,,57.8722,official-venue-resolution,f,f,f,f,f
sol,sol:1784860200000,1784860200000,1784861100000,2026-07-24T02:30:00Z,DOWN,NO,,75.5383,official-venue-resolution,f,f,f,f,f
xrp,xrp:1784860200000,1784860200000,1784861100000,2026-07-24T02:30:00Z,DOWN,NO,,1.1075,official-venue-resolution,f,f,f,f,f
bnb,bnb:1784861100000,1784861100000,1784862000000,2026-07-24T02:45:00Z,DOWN,NO,,567.17,official-venue-resolution,f,f,f,f,f
btc,btc:1784861100000,1784861100000,1784862000000,2026-07-24T02:45:00Z,UP,YES,,65057.99,official-venue-resolution,f,f,f,f,f
doge,doge:1784861100000,1784861100000,1784862000000,2026-07-24T02:45:00Z,UP,YES,,0.0691366,official-venue-resolution,f,f,f,f,f
eth,eth:1784861100000,1784861100000,1784862000000,2026-07-24T02:45:00Z,DOWN,NO,,1867.46,official-venue-resolution,f,f,f,f,f
hype,hype:1784861100000,1784861100000,1784862000000,2026-07-24T02:45:00Z,DOWN,NO,,57.7963,official-venue-resolution,f,f,f,f,f
sol,sol:1784861100000,1784861100000,1784862000000,2026-07-24T02:45:00Z,DOWN,NO,,75.488,official-venue-resolution,f,f,f,f,f
xrp,xrp:1784861100000,1784861100000,1784862000000,2026-07-24T02:45:00Z,DOWN,NO,,1.1058,official-venue-resolution,f,f,f,f,f
bnb,bnb:1784862000000,1784862000000,1784862900000,2026-07-24T03:00:00Z,UP,YES,,568.9,official-venue-resolution,f,f,f,f,f
btc,btc:1784862000000,1784862000000,1784862900000,2026-07-24T03:00:00Z,UP,YES,,65266.32,official-venue-resolution,f,f,f,f,f
doge,doge:1784862000000,1784862000000,1784862900000,2026-07-24T03:00:00Z,UP,YES,,0.069255,official-venue-resolution,f,f,f,f,f
eth,eth:1784862000000,1784862000000,1784862900000,2026-07-24T03:00:00Z,UP,YES,,1874.24,official-venue-resolution,f,f,f,f,f
hype,hype:1784862000000,1784862000000,1784862900000,2026-07-24T03:00:00Z,UP,YES,,58.06,official-venue-resolution,f,f,f,f,f
sol,sol:1784862000000,1784862000000,1784862900000,2026-07-24T03:00:00Z,UP,YES,,75.7483,official-venue-resolution,f,f,f,f,f
xrp,xrp:1784862000000,1784862000000,1784862900000,2026-07-24T03:00:00Z,UP,YES,,1.1097,official-venue-resolution,f,f,f,f,f
bnb,bnb:1784862900000,1784862900000,1784863800000,2026-07-24T03:15:00Z,UP,YES,,569.97,official-venue-resolution,f,f,f,f,f
btc,btc:1784862900000,1784862900000,1784863800000,2026-07-24T03:15:00Z,UP,YES,,65290.34,official-venue-resolution,f,f,f,f,f
doge,doge:1784862900000,1784862900000,1784863800000,2026-07-24T03:15:00Z,UP,YES,,0.0694111,official-venue-resolution,f,f,f,f,f
eth,eth:1784862900000,1784862900000,1784863800000,2026-07-24T03:15:00Z,UP,YES,,1877.74,official-venue-resolution,f,f,f,f,f
hype,hype:1784862900000,1784862900000,1784863800000,2026-07-24T03:15:00Z,UP,YES,,58.2045,official-venue-resolution,f,f,f,f,f
sol,sol:1784862900000,1784862900000,1784863800000,2026-07-24T03:15:00Z,UP,YES,,75.8553,official-venue-resolution,f,f,f,f,f
xrp,xrp:1784862900000,1784862900000,1784863800000,2026-07-24T03:15:00Z,UP,YES,,1.1106,official-venue-resolution,f,f,f,f,f
bnb,bnb:1784863800000,1784863800000,1784864700000,2026-07-24T03:30:00Z,DOWN,NO,,569.52,official-venue-resolution,f,f,f,f,f
btc,btc:1784863800000,1784863800000,1784864700000,2026-07-24T03:30:00Z,UP,YES,,65351.51,official-venue-resolution,f,f,f,f,f
doge,doge:1784863800000,1784863800000,1784864700000,2026-07-24T03:30:00Z,UP,NO,,0.0693682,official-venue-resolution,t,f,t,f,f
eth,eth:1784863800000,1784863800000,1784864700000,2026-07-24T03:30:00Z,UP,YES,,1878.86,official-venue-resolution,f,f,f,f,f
hype,hype:1784863800000,1784863800000,1784864700000,2026-07-24T03:30:00Z,UP,YES,,58.2768,official-venue-resolution,f,f,f,f,f
sol,sol:1784863800000,1784863800000,1784864700000,2026-07-24T03:30:00Z,DOWN,NO,,75.8125,official-venue-resolution,f,f,f,f,f
xrp,xrp:1784863800000,1784863800000,1784864700000,2026-07-24T03:30:00Z,UP,YES,,1.111,official-venue-resolution,f,f,f,f,f
bnb,bnb:1784864700000,1784864700000,1784865600000,2026-07-24T03:45:00Z,DOWN,NO,,568.97,official-venue-resolution,f,f,f,f,f
btc,btc:1784864700000,1784864700000,1784865600000,2026-07-24T03:45:00Z,UP,YES,,65407.99,official-venue-resolution,f,f,f,f,f
doge,doge:1784864700000,1784864700000,1784865600000,2026-07-24T03:45:00Z,DOWN,YES,,0.0693823,official-venue-resolution,t,t,f,f,f
eth,eth:1784864700000,1784864700000,1784865600000,2026-07-24T03:45:00Z,DOWN,YES,,1879.21,official-venue-resolution,t,t,f,f,f
hype,hype:1784864700000,1784864700000,1784865600000,2026-07-24T03:45:00Z,DOWN,NO,,58.1969,official-venue-resolution,f,f,f,f,f
sol,sol:1784864700000,1784864700000,1784865600000,2026-07-24T03:45:00Z,DOWN,NO,,75.8013,official-venue-resolution,f,f,f,f,f
xrp,xrp:1784864700000,1784864700000,1784865600000,2026-07-24T03:45:00Z,DOWN,NO,,1.1106,official-venue-resolution,f,f,f,f,f
bnb,bnb:1784865600000,1784865600000,1784866500000,2026-07-24T04:00:00Z,DOWN,NO,,568.62,official-venue-resolution,f,f,f,f,f
btc,btc:1784865600000,1784865600000,1784866500000,2026-07-24T04:00:00Z,DOWN,NO,,65349.84,official-venue-resolution,f,f,f,f,f
doge,doge:1784865600000,1784865600000,1784866500000,2026-07-24T04:00:00Z,DOWN,NO,,0.0691738,official-venue-resolution,f,f,f,f,f
eth,eth:1784865600000,1784865600000,1784866500000,2026-07-24T04:00:00Z,DOWN,NO,,1877.93,official-venue-resolution,f,f,f,f,f
hype,hype:1784865600000,1784865600000,1784866500000,2026-07-24T04:00:00Z,DOWN,YES,,58.2938,official-venue-resolution,t,t,f,f,f
sol,sol:1784865600000,1784865600000,1784866500000,2026-07-24T04:00:00Z,DOWN,NO,,75.673,official-venue-resolution,f,f,f,f,f
xrp,xrp:1784865600000,1784865600000,1784866500000,2026-07-24T04:00:00Z,DOWN,NO,,1.1081,official-venue-resolution,f,f,f,f,f
bnb,bnb:1784866500000,1784866500000,1784867400000,2026-07-24T04:15:00Z,DOWN,NO,,568.55,official-venue-resolution,f,f,f,f,f
btc,btc:1784866500000,1784866500000,1784867400000,2026-07-24T04:15:00Z,UP,YES,,65371.58,official-venue-resolution,f,f,f,f,f
doge,doge:1784866500000,1784866500000,1784867400000,2026-07-24T04:15:00Z,UP,YES,,0.0692252,official-venue-resolution,f,f,f,f,f
eth,eth:1784866500000,1784866500000,1784867400000,2026-07-24T04:15:00Z,UP,YES,,1878.93,official-venue-resolution,f,f,f,f,f
hype,hype:1784866500000,1784866500000,1784867400000,2026-07-24T04:15:00Z,UP,YES,,58.3901,official-venue-resolution,f,f,f,f,f
sol,sol:1784866500000,1784866500000,1784867400000,2026-07-24T04:15:00Z,UP,YES,,75.7605,official-venue-resolution,f,f,f,f,f
xrp,xrp:1784866500000,1784866500000,1784867400000,2026-07-24T04:15:00Z,UP,YES,,1.1084,official-venue-resolution,f,f,f,f,f
bnb,bnb:1784867400000,1784867400000,1784868300000,2026-07-24T04:30:00Z,DOWN,NO,,567.87,official-venue-resolution,f,f,f,f,f
btc,btc:1784867400000,1784867400000,1784868300000,2026-07-24T04:30:00Z,DOWN,NO,,65291.13,official-venue-resolution,f,f,f,f,f
doge,doge:1784867400000,1784867400000,1784868300000,2026-07-24T04:30:00Z,DOWN,NO,,0.0690574,official-venue-resolution,f,f,f,f,f
eth,eth:1784867400000,1784867400000,1784868300000,2026-07-24T04:30:00Z,DOWN,NO,,1875.29,official-venue-resolution,f,f,f,f,f
hype,hype:1784867400000,1784867400000,1784868300000,2026-07-24T04:30:00Z,UP,YES,,58.4051,official-venue-resolution,f,f,f,f,f
sol,sol:1784867400000,1784867400000,1784868300000,2026-07-24T04:30:00Z,DOWN,NO,,75.6837,official-venue-resolution,f,f,f,f,f
xrp,xrp:1784867400000,1784867400000,1784868300000,2026-07-24T04:30:00Z,DOWN,NO,,1.1074,official-venue-resolution,f,f,f,f,f
bnb,bnb:1784868300000,1784868300000,1784869200000,2026-07-24T04:45:00Z,DOWN,NO,,567.07,official-venue-resolution,f,f,f,f,f
btc,btc:1784868300000,1784868300000,1784869200000,2026-07-24T04:45:00Z,DOWN,NO,,65237.7,official-venue-resolution,f,f,f,f,f
doge,doge:1784868300000,1784868300000,1784869200000,2026-07-24T04:45:00Z,DOWN,NO,,0.069007,official-venue-resolution,f,f,f,f,f
eth,eth:1784868300000,1784868300000,1784869200000,2026-07-24T04:45:00Z,DOWN,NO,,1874.19,official-venue-resolution,f,f,f,f,f
hype,hype:1784868300000,1784868300000,1784869200000,2026-07-24T04:45:00Z,DOWN,NO,,58.3676,official-venue-resolution,f,f,f,f,f
sol,sol:1784868300000,1784868300000,1784869200000,2026-07-24T04:45:00Z,DOWN,NO,,75.6005,official-venue-resolution,f,f,f,f,f
xrp,xrp:1784868300000,1784868300000,1784869200000,2026-07-24T04:45:00Z,DOWN,NO,,1.1061,official-venue-resolution,f,f,f,f,f
bnb,bnb:1784869200000,1784869200000,1784870100000,2026-07-24T05:00:00Z,UP,YES,,567.43,official-venue-resolution,f,f,f,f,f
btc,btc:1784869200000,1784869200000,1784870100000,2026-07-24T05:00:00Z,UP,YES,,65309.19,official-venue-resolution,f,f,f,f,f
doge,doge:1784869200000,1784869200000,1784870100000,2026-07-24T05:00:00Z,UP,YES,,0.0690292,official-venue-resolution,f,f,f,f,f
eth,eth:1784869200000,1784869200000,1784870100000,2026-07-24T05:00:00Z,UP,YES,,1878.61,official-venue-resolution,f,f,f,f,f
hype,hype:1784869200000,1784869200000,1784870100000,2026-07-24T05:00:00Z,UP,YES,,58.5023,official-venue-resolution,f,f,f,f,f
sol,sol:1784869200000,1784869200000,1784870100000,2026-07-24T05:00:00Z,UP,YES,,75.7502,official-venue-resolution,f,f,f,f,f
xrp,xrp:1784869200000,1784869200000,1784870100000,2026-07-24T05:00:00Z,UP,YES,,1.1081,official-venue-resolution,f,f,f,f,f
bnb,bnb:1784870100000,1784870100000,1784871000000,2026-07-24T05:15:00Z,DOWN,NO,,567.34,official-venue-resolution,f,f,f,f,f
btc,btc:1784870100000,1784870100000,1784871000000,2026-07-24T05:15:00Z,DOWN,NO,,65286.98,official-venue-resolution,f,f,f,f,f
doge,doge:1784870100000,1784870100000,1784871000000,2026-07-24T05:15:00Z,UP,YES,,0.0691236,official-venue-resolution,f,f,f,f,f
eth,eth:1784870100000,1784870100000,1784871000000,2026-07-24T05:15:00Z,UP,YES,,1878.8,official-venue-resolution,f,f,f,f,f
hype,hype:1784870100000,1784870100000,1784871000000,2026-07-24T05:15:00Z,DOWN,NO,,58.3891,official-venue-resolution,f,f,f,f,f
sol,sol:1784870100000,1784870100000,1784871000000,2026-07-24T05:15:00Z,UP,YES,,75.7975,official-venue-resolution,f,f,f,f,f
xrp,xrp:1784870100000,1784870100000,1784871000000,2026-07-24T05:15:00Z,UP,YES,,1.1088,official-venue-resolution,f,f,f,f,f
bnb,bnb:1784871000000,1784871000000,1784871900000,2026-07-24T05:30:00Z,UP,NO,,567.28,official-venue-resolution,t,f,t,f,f
btc,btc:1784871000000,1784871000000,1784871900000,2026-07-24T05:30:00Z,DOWN,NO,,65250.67,official-venue-resolution,f,f,f,f,f
doge,doge:1784871000000,1784871000000,1784871900000,2026-07-24T05:30:00Z,UP,YES,,0.0691555,official-venue-resolution,f,f,f,f,f
eth,eth:1784871000000,1784871000000,1784871900000,2026-07-24T05:30:00Z,UP,YES,,1879,official-venue-resolution,f,f,f,f,f
hype,hype:1784871000000,1784871000000,1784871900000,2026-07-24T05:30:00Z,UP,YES,,58.4343,official-venue-resolution,f,f,f,f,f
sol,sol:1784871000000,1784871000000,1784871900000,2026-07-24T05:30:00Z,DOWN,NO,,75.7883,official-venue-resolution,f,f,f,f,f
xrp,xrp:1784871000000,1784871000000,1784871900000,2026-07-24T05:30:00Z,UP,NO,,1.1086,official-venue-resolution,t,f,t,f,f
bnb,bnb:1784871900000,1784871900000,1784872800000,2026-07-24T05:45:00Z,UP,YES,,567.4,official-venue-resolution,f,f,f,f,f
btc,btc:1784871900000,1784871900000,1784872800000,2026-07-24T05:45:00Z,UP,YES,,65252.2,official-venue-resolution,f,f,f,f,f
doge,doge:1784871900000,1784871900000,1784872800000,2026-07-24T05:45:00Z,DOWN,YES,,0.0691622,official-venue-resolution,t,t,f,f,f
eth,eth:1784871900000,1784871900000,1784872800000,2026-07-24T05:45:00Z,UP,YES,,1879.57,official-venue-resolution,f,f,f,f,f
hype,hype:1784871900000,1784871900000,1784872800000,2026-07-24T05:45:00Z,DOWN,NO,,58.4146,official-venue-resolution,f,f,f,f,f
sol,sol:1784871900000,1784871900000,1784872800000,2026-07-24T05:45:00Z,DOWN,NO,,75.7348,official-venue-resolution,f,f,f,f,f
xrp,xrp:1784871900000,1784871900000,1784872800000,2026-07-24T05:45:00Z,UP,YES,,1.1092,official-venue-resolution,f,f,f,f,f
bnb,bnb:1784872800000,1784872800000,1784873700000,2026-07-24T06:00:00Z,UP,YES,,568.11,official-venue-resolution,f,f,f,f,f
btc,btc:1784872800000,1784872800000,1784873700000,2026-07-24T06:00:00Z,UP,YES,,65312.41,official-venue-resolution,f,f,f,f,f
doge,doge:1784872800000,1784872800000,1784873700000,2026-07-24T06:00:00Z,UP,YES,,0.0692358,official-venue-resolution,f,f,f,f,f
eth,eth:1784872800000,1784872800000,1784873700000,2026-07-24T06:00:00Z,UP,YES,,1880.37,official-venue-resolution,f,f,f,f,f
hype,hype:1784872800000,1784872800000,1784873700000,2026-07-24T06:00:00Z,UP,YES,,58.7575,official-venue-resolution,f,f,f,f,f
sol,sol:1784872800000,1784872800000,1784873700000,2026-07-24T06:00:00Z,UP,YES,,75.829,official-venue-resolution,f,f,f,f,f
xrp,xrp:1784872800000,1784872800000,1784873700000,2026-07-24T06:00:00Z,UP,YES,,1.1109,official-venue-resolution,f,f,f,f,f
bnb,bnb:1784873700000,1784873700000,1784874600000,2026-07-24T06:15:00Z,UP,YES,,568.38,official-venue-resolution,f,f,f,f,f
btc,btc:1784873700000,1784873700000,1784874600000,2026-07-24T06:15:00Z,UP,YES,,65383.32,official-venue-resolution,f,f,f,f,f
doge,doge:1784873700000,1784873700000,1784874600000,2026-07-24T06:15:00Z,UP,YES,,0.0692788,official-venue-resolution,f,f,f,f,f
eth,eth:1784873700000,1784873700000,1784874600000,2026-07-24T06:15:00Z,UP,YES,,1882.81,official-venue-resolution,f,f,f,f,f
hype,hype:1784873700000,1784873700000,1784874600000,2026-07-24T06:15:00Z,DOWN,NO,,58.6508,official-venue-resolution,f,f,f,f,f
sol,sol:1784873700000,1784873700000,1784874600000,2026-07-24T06:15:00Z,DOWN,NO,,75.8178,official-venue-resolution,f,f,f,f,f
xrp,xrp:1784873700000,1784873700000,1784874600000,2026-07-24T06:15:00Z,DOWN,YES,,1.1113,official-venue-resolution,t,t,f,f,f
bnb,bnb:1784874600000,1784874600000,1784875500000,2026-07-24T06:30:00Z,DOWN,YES,,568.53,official-venue-resolution,t,t,f,f,f
btc,btc:1784874600000,1784874600000,1784875500000,2026-07-24T06:30:00Z,UP,YES,,65418.15,official-venue-resolution,f,f,f,f,f
doge,doge:1784874600000,1784874600000,1784875500000,2026-07-24T06:30:00Z,DOWN,NO,,0.0692612,official-venue-resolution,f,f,f,f,f
eth,eth:1784874600000,1784874600000,1784875500000,2026-07-24T06:30:00Z,UP,YES,,1885.7,official-venue-resolution,f,f,f,f,f
hype,hype:1784874600000,1784874600000,1784875500000,2026-07-24T06:30:00Z,UP,YES,,58.759,official-venue-resolution,f,f,f,f,f
sol,sol:1784874600000,1784874600000,1784875500000,2026-07-24T06:30:00Z,DOWN,YES,,75.8313,official-venue-resolution,t,t,f,f,f
xrp,xrp:1784874600000,1784874600000,1784875500000,2026-07-24T06:30:00Z,UP,YES,,1.1133,official-venue-resolution,f,f,f,f,f
bnb,bnb:1784875500000,1784875500000,1784876400000,2026-07-24T06:45:00Z,UP,NO,,568.43,official-venue-resolution,t,f,t,f,f
btc,btc:1784875500000,1784875500000,1784876400000,2026-07-24T06:45:00Z,UP,YES,,65423.19,official-venue-resolution,f,f,f,f,f
doge,doge:1784875500000,1784875500000,1784876400000,2026-07-24T06:45:00Z,UP,YES,,0.0692814,official-venue-resolution,f,f,f,f,f
eth,eth:1784875500000,1784875500000,1784876400000,2026-07-24T06:45:00Z,UP,YES,,1886.84,official-venue-resolution,f,f,f,f,f
hype,hype:1784875500000,1784875500000,1784876400000,2026-07-24T06:45:00Z,DOWN,YES,,58.76,official-venue-resolution,t,t,f,f,f
sol,sol:1784875500000,1784875500000,1784876400000,2026-07-24T06:45:00Z,UP,NO,,75.8103,official-venue-resolution,t,f,t,f,f
xrp,xrp:1784875500000,1784875500000,1784876400000,2026-07-24T06:45:00Z,UP,NO,,1.1131,official-venue-resolution,t,f,t,f,f
bnb,bnb:1784876400000,1784876400000,1784877300000,2026-07-24T07:00:00Z,UP,YES,,570.83,official-venue-resolution,f,f,f,f,f
btc,btc:1784876400000,1784876400000,1784877300000,2026-07-24T07:00:00Z,UP,YES,,65710.4,official-venue-resolution,f,f,f,f,f
doge,doge:1784876400000,1784876400000,1784877300000,2026-07-24T07:00:00Z,UP,YES,,0.0700511,official-venue-resolution,f,f,f,f,f
eth,eth:1784876400000,1784876400000,1784877300000,2026-07-24T07:00:00Z,UP,YES,,1907.26,official-venue-resolution,f,f,f,f,f
hype,hype:1784876400000,1784876400000,1784877300000,2026-07-24T07:00:00Z,UP,YES,,58.9903,official-venue-resolution,f,f,f,f,f
sol,sol:1784876400000,1784876400000,1784877300000,2026-07-24T07:00:00Z,UP,YES,,76.3478,official-venue-resolution,f,f,f,f,f
xrp,xrp:1784876400000,1784876400000,1784877300000,2026-07-24T07:00:00Z,UP,YES,,1.1206,official-venue-resolution,f,f,f,f,f
bnb,bnb:1784877300000,1784877300000,1784878200000,2026-07-24T07:15:00Z,DOWN,NO,,570.09,official-venue-resolution,f,f,f,f,f
btc,btc:1784877300000,1784877300000,1784878200000,2026-07-24T07:15:00Z,DOWN,NO,,65591.26,official-venue-resolution,f,f,f,f,f
doge,doge:1784877300000,1784877300000,1784878200000,2026-07-24T07:15:00Z,DOWN,NO,,0.0699576,official-venue-resolution,f,f,f,f,f
eth,eth:1784877300000,1784877300000,1784878200000,2026-07-24T07:15:00Z,DOWN,NO,,1896.8,official-venue-resolution,f,f,f,f,f
hype,hype:1784877300000,1784877300000,1784878200000,2026-07-24T07:15:00Z,DOWN,NO,,58.9023,official-venue-resolution,f,f,f,f,f
sol,sol:1784877300000,1784877300000,1784878200000,2026-07-24T07:15:00Z,DOWN,NO,,76.0923,official-venue-resolution,f,f,f,f,f
xrp,xrp:1784877300000,1784877300000,1784878200000,2026-07-24T07:15:00Z,DOWN,NO,,1.1168,official-venue-resolution,f,f,f,f,f
bnb,bnb:1784878200000,1784878200000,1784879100000,2026-07-24T07:30:00Z,DOWN,NO,,568.77,official-venue-resolution,f,f,f,f,f
btc,btc:1784878200000,1784878200000,1784879100000,2026-07-24T07:30:00Z,DOWN,NO,,65338.06,official-venue-resolution,f,f,f,f,f
doge,doge:1784878200000,1784878200000,1784879100000,2026-07-24T07:30:00Z,DOWN,NO,,0.0697431,official-venue-resolution,f,f,f,f,f
eth,eth:1784878200000,1784878200000,1784879100000,2026-07-24T07:30:00Z,DOWN,NO,,1889.33,official-venue-resolution,f,f,f,f,f
hype,hype:1784878200000,1784878200000,1784879100000,2026-07-24T07:30:00Z,DOWN,NO,,58.6548,official-venue-resolution,f,f,f,f,f
sol,sol:1784878200000,1784878200000,1784879100000,2026-07-24T07:30:00Z,DOWN,NO,,75.7947,official-venue-resolution,f,f,f,f,f
xrp,xrp:1784878200000,1784878200000,1784879100000,2026-07-24T07:30:00Z,DOWN,NO,,1.1106,official-venue-resolution,f,f,f,f,f
bnb,bnb:1784879100000,1784879100000,1784880000000,2026-07-24T07:45:00Z,UP,YES,,569.25,official-venue-resolution,f,f,f,f,f
btc,btc:1784879100000,1784879100000,1784880000000,2026-07-24T07:45:00Z,UP,YES,,65457.51,official-venue-resolution,f,f,f,f,f
doge,doge:1784879100000,1784879100000,1784880000000,2026-07-24T07:45:00Z,UP,YES,,0.0700208,official-venue-resolution,f,f,f,f,f
eth,eth:1784879100000,1784879100000,1784880000000,2026-07-24T07:45:00Z,UP,YES,,1894.87,official-venue-resolution,f,f,f,f,f
hype,hype:1784879100000,1784879100000,1784880000000,2026-07-24T07:45:00Z,UP,YES,,58.6635,official-venue-resolution,f,f,f,f,f
sol,sol:1784879100000,1784879100000,1784880000000,2026-07-24T07:45:00Z,UP,YES,,76.029,official-venue-resolution,f,f,f,f,f
xrp,xrp:1784879100000,1784879100000,1784880000000,2026-07-24T07:45:00Z,UP,YES,,1.1135,official-venue-resolution,f,f,f,f,f
bnb,bnb:1784880000000,1784880000000,1784880900000,2026-07-24T08:00:00Z,DOWN,NO,,568.77,official-venue-resolution,f,f,f,f,f
btc,btc:1784880000000,1784880000000,1784880900000,2026-07-24T08:00:00Z,DOWN,NO,,65407.96,official-venue-resolution,f,f,f,f,f
doge,doge:1784880000000,1784880000000,1784880900000,2026-07-24T08:00:00Z,DOWN,NO,,0.0699575,official-venue-resolution,f,f,f,f,f
eth,eth:1784880000000,1784880000000,1784880900000,2026-07-24T08:00:00Z,DOWN,NO,,1893.12,official-venue-resolution,f,f,f,f,f
hype,hype:1784880000000,1784880000000,1784880900000,2026-07-24T08:00:00Z,UP,YES,,58.8719,official-venue-resolution,f,f,f,f,f
sol,sol:1784880000000,1784880000000,1784880900000,2026-07-24T08:00:00Z,DOWN,NO,,75.9782,official-venue-resolution,f,f,f,f,f
xrp,xrp:1784880000000,1784880000000,1784880900000,2026-07-24T08:00:00Z,UP,YES,,1.1137,official-venue-resolution,f,f,f,f,f
bnb,bnb:1784880900000,1784880900000,1784881800000,2026-07-24T08:15:00Z,DOWN,NO,,568.36,official-venue-resolution,f,f,f,f,f
btc,btc:1784880900000,1784880900000,1784881800000,2026-07-24T08:15:00Z,DOWN,NO,,65345.54,official-venue-resolution,f,f,f,f,f
doge,doge:1784880900000,1784880900000,1784881800000,2026-07-24T08:15:00Z,DOWN,NO,,0.0698379,official-venue-resolution,f,f,f,f,f
eth,eth:1784880900000,1784880900000,1784881800000,2026-07-24T08:15:00Z,DOWN,NO,,1888.98,official-venue-resolution,f,f,f,f,f
hype,hype:1784880900000,1784880900000,1784881800000,2026-07-24T08:15:00Z,UP,NO,,58.8704,official-venue-resolution,t,f,t,f,f
sol,sol:1784880900000,1784880900000,1784881800000,2026-07-24T08:15:00Z,DOWN,NO,,75.7757,official-venue-resolution,f,f,f,f,f
xrp,xrp:1784880900000,1784880900000,1784881800000,2026-07-24T08:15:00Z,DOWN,NO,,1.1131,official-venue-resolution,f,f,f,f,f
bnb,bnb:1784881800000,1784881800000,1784882700000,2026-07-24T08:30:00Z,UP,YES,,568.64,official-venue-resolution,f,f,f,f,f
btc,btc:1784881800000,1784881800000,1784882700000,2026-07-24T08:30:00Z,UP,YES,,65396.06,official-venue-resolution,f,f,f,f,f
doge,doge:1784881800000,1784881800000,1784882700000,2026-07-24T08:30:00Z,UP,YES,,0.0699639,official-venue-resolution,f,f,f,f,f
eth,eth:1784881800000,1784881800000,1784882700000,2026-07-24T08:30:00Z,UP,YES,,1891.44,official-venue-resolution,f,f,f,f,f
hype,hype:1784881800000,1784881800000,1784882700000,2026-07-24T08:30:00Z,UP,YES,,58.9575,official-venue-resolution,f,f,f,f,f
sol,sol:1784881800000,1784881800000,1784882700000,2026-07-24T08:30:00Z,UP,YES,,75.8587,official-venue-resolution,f,f,f,f,f
xrp,xrp:1784881800000,1784881800000,1784882700000,2026-07-24T08:30:00Z,DOWN,YES,,1.1131,official-venue-resolution,t,t,f,f,f
bnb,bnb:1784882700000,1784882700000,1784883600000,2026-07-24T08:45:00Z,DOWN,NO,,568.15,official-venue-resolution,f,f,f,f,f
btc,btc:1784882700000,1784882700000,1784883600000,2026-07-24T08:45:00Z,DOWN,NO,,65270.3,official-venue-resolution,f,f,f,f,f
doge,doge:1784882700000,1784882700000,1784883600000,2026-07-24T08:45:00Z,DOWN,NO,,0.0699243,official-venue-resolution,f,f,f,f,f
eth,eth:1784882700000,1784882700000,1784883600000,2026-07-24T08:45:00Z,DOWN,NO,,1887.29,official-venue-resolution,f,f,f,f,f
hype,hype:1784882700000,1784882700000,1784883600000,2026-07-24T08:45:00Z,DOWN,NO,,58.8177,official-venue-resolution,f,f,f,f,f
sol,sol:1784882700000,1784882700000,1784883600000,2026-07-24T08:45:00Z,DOWN,NO,,75.7383,official-venue-resolution,f,f,f,f,f
xrp,xrp:1784882700000,1784882700000,1784883600000,2026-07-24T08:45:00Z,DOWN,NO,,1.1112,official-venue-resolution,f,f,f,f,f
bnb,bnb:1784883600000,1784883600000,1784884500000,2026-07-24T09:00:00Z,DOWN,NO,,567.03,official-venue-resolution,f,f,f,f,f
btc,btc:1784883600000,1784883600000,1784884500000,2026-07-24T09:00:00Z,DOWN,NO,,65018.8,official-venue-resolution,f,f,f,f,f
doge,doge:1784883600000,1784883600000,1784884500000,2026-07-24T09:00:00Z,DOWN,NO,,0.0697206,official-venue-resolution,f,f,f,f,f
eth,eth:1784883600000,1784883600000,1784884500000,2026-07-24T09:00:00Z,DOWN,NO,,1882.18,official-venue-resolution,f,f,f,f,f
hype,hype:1784883600000,1784883600000,1784884500000,2026-07-24T09:00:00Z,DOWN,NO,,58.6286,official-venue-resolution,f,f,f,f,f
sol,sol:1784883600000,1784883600000,1784884500000,2026-07-24T09:00:00Z,DOWN,NO,,75.4838,official-venue-resolution,f,f,f,f,f
xrp,xrp:1784883600000,1784883600000,1784884500000,2026-07-24T09:00:00Z,DOWN,NO,,1.1086,official-venue-resolution,f,f,f,f,f
bnb,bnb:1784884500000,1784884500000,1784885400000,2026-07-24T09:15:00Z,DOWN,NO,,566.74,official-venue-resolution,f,f,f,f,f
btc,btc:1784884500000,1784884500000,1784885400000,2026-07-24T09:15:00Z,DOWN,NO,,64931.73,official-venue-resolution,f,f,f,f,f
doge,doge:1784884500000,1784884500000,1784885400000,2026-07-24T09:15:00Z,UP,YES,,0.0697758,official-venue-resolution,f,f,f,f,f
eth,eth:1784884500000,1784884500000,1784885400000,2026-07-24T09:15:00Z,DOWN,NO,,1881.79,official-venue-resolution,f,f,f,f,f
hype,hype:1784884500000,1784884500000,1784885400000,2026-07-24T09:15:00Z,DOWN,NO,,58.5576,official-venue-resolution,f,f,f,f,f
sol,sol:1784884500000,1784884500000,1784885400000,2026-07-24T09:15:00Z,UP,YES,,75.5242,official-venue-resolution,f,f,f,f,f
xrp,xrp:1784884500000,1784884500000,1784885400000,2026-07-24T09:15:00Z,UP,YES,,1.1088,official-venue-resolution,f,f,f,f,f
bnb,bnb:1784885400000,1784885400000,1784886300000,2026-07-24T09:30:00Z,UP,YES,,567.77,official-venue-resolution,f,f,f,f,f
btc,btc:1784885400000,1784885400000,1784886300000,2026-07-24T09:30:00Z,UP,YES,,65043.34,official-venue-resolution,f,f,f,f,f
doge,doge:1784885400000,1784885400000,1784886300000,2026-07-24T09:30:00Z,UP,YES,,0.0699483,official-venue-resolution,f,f,f,f,f
eth,eth:1784885400000,1784885400000,1784886300000,2026-07-24T09:30:00Z,UP,YES,,1884.85,official-venue-resolution,f,f,f,f,f
hype,hype:1784885400000,1784885400000,1784886300000,2026-07-24T09:30:00Z,UP,YES,,58.7332,official-venue-resolution,f,f,f,f,f
sol,sol:1784885400000,1784885400000,1784886300000,2026-07-24T09:30:00Z,UP,YES,,75.553,official-venue-resolution,f,f,f,f,f
xrp,xrp:1784885400000,1784885400000,1784886300000,2026-07-24T09:30:00Z,DOWN,YES,,1.1089,official-venue-resolution,t,t,f,f,f
bnb,bnb:1784886300000,1784886300000,1784887200000,2026-07-24T09:45:00Z,UP,YES,,568.14,official-venue-resolution,f,f,f,f,f
btc,btc:1784886300000,1784886300000,1784887200000,2026-07-24T09:45:00Z,UP,YES,,65067.58,official-venue-resolution,f,f,f,f,f
doge,doge:1784886300000,1784886300000,1784887200000,2026-07-24T09:45:00Z,UP,YES,,0.0699946,official-venue-resolution,f,f,f,f,f
eth,eth:1784886300000,1784886300000,1784887200000,2026-07-24T09:45:00Z,UP,YES,,1886.55,official-venue-resolution,f,f,f,f,f
hype,hype:1784886300000,1784886300000,1784887200000,2026-07-24T09:45:00Z,UP,YES,,58.8168,official-venue-resolution,f,f,f,f,f
sol,sol:1784886300000,1784886300000,1784887200000,2026-07-24T09:45:00Z,UP,YES,,75.5703,official-venue-resolution,f,f,f,f,f
xrp,xrp:1784886300000,1784886300000,1784887200000,2026-07-24T09:45:00Z,DOWN,NO,,1.108,official-venue-resolution,f,f,f,f,f
bnb,bnb:1784887200000,1784887200000,1784888100000,2026-07-24T10:00:00Z,DOWN,NO,,567.66,official-venue-resolution,f,f,f,f,f
btc,btc:1784887200000,1784887200000,1784888100000,2026-07-24T10:00:00Z,DOWN,NO,,64966.05,official-venue-resolution,f,f,f,f,f
doge,doge:1784887200000,1784887200000,1784888100000,2026-07-24T10:00:00Z,DOWN,NO,,0.0697407,official-venue-resolution,f,f,f,f,f
eth,eth:1784887200000,1784887200000,1784888100000,2026-07-24T10:00:00Z,DOWN,NO,,1882.29,official-venue-resolution,f,f,f,f,f
hype,hype:1784887200000,1784887200000,1784888100000,2026-07-24T10:00:00Z,DOWN,NO,,58.5198,official-venue-resolution,f,f,f,f,f
sol,sol:1784887200000,1784887200000,1784888100000,2026-07-24T10:00:00Z,DOWN,NO,,75.428,official-venue-resolution,f,f,f,f,f
xrp,xrp:1784887200000,1784887200000,1784888100000,2026-07-24T10:00:00Z,DOWN,NO,,1.1048,official-venue-resolution,f,f,f,f,f
bnb,bnb:1784888100000,1784888100000,1784889000000,2026-07-24T10:15:00Z,DOWN,NO,,567.46,official-venue-resolution,f,f,f,f,f
btc,btc:1784888100000,1784888100000,1784889000000,2026-07-24T10:15:00Z,UP,YES,,64973.29,official-venue-resolution,f,f,f,f,f
doge,doge:1784888100000,1784888100000,1784889000000,2026-07-24T10:15:00Z,UP,YES,,0.0698078,official-venue-resolution,f,f,f,f,f
eth,eth:1784888100000,1784888100000,1784889000000,2026-07-24T10:15:00Z,UP,YES,,1884.2,official-venue-resolution,f,f,f,f,f
hype,hype:1784888100000,1784888100000,1784889000000,2026-07-24T10:15:00Z,DOWN,NO,,58.4285,official-venue-resolution,f,f,f,f,f
sol,sol:1784888100000,1784888100000,1784889000000,2026-07-24T10:15:00Z,UP,YES,,75.5185,official-venue-resolution,f,f,f,f,f
xrp,xrp:1784888100000,1784888100000,1784889000000,2026-07-24T10:15:00Z,UP,YES,,1.1054,official-venue-resolution,f,f,f,f,f
bnb,bnb:1784889000000,1784889000000,1784889900000,2026-07-24T10:30:00Z,DOWN,NO,,567.35,official-venue-resolution,f,f,f,f,f
btc,btc:1784889000000,1784889000000,1784889900000,2026-07-24T10:30:00Z,UP,YES,,64984.3,official-venue-resolution,f,f,f,f,f
doge,doge:1784889000000,1784889000000,1784889900000,2026-07-24T10:30:00Z,UP,YES,,0.0698695,official-venue-resolution,f,f,f,f,f
eth,eth:1784889000000,1784889000000,1784889900000,2026-07-24T10:30:00Z,DOWN,NO,,1883.57,official-venue-resolution,f,f,f,f,f
hype,hype:1784889000000,1784889000000,1784889900000,2026-07-24T10:30:00Z,DOWN,NO,,58.2724,official-venue-resolution,f,f,f,f,f
sol,sol:1784889000000,1784889000000,1784889900000,2026-07-24T10:30:00Z,DOWN,NO,,75.498,official-venue-resolution,f,f,f,f,f
xrp,xrp:1784889000000,1784889000000,1784889900000,2026-07-24T10:30:00Z,UP,YES,,1.106,official-venue-resolution,f,f,f,f,f
bnb,bnb:1784889900000,1784889900000,1784890800000,2026-07-24T10:45:00Z,DOWN,NO,,567,official-venue-resolution,f,f,f,f,f
btc,btc:1784889900000,1784889900000,1784890800000,2026-07-24T10:45:00Z,DOWN,NO,,64907.76,official-venue-resolution,f,f,f,f,f
doge,doge:1784889900000,1784889900000,1784890800000,2026-07-24T10:45:00Z,DOWN,NO,,0.0698356,official-venue-resolution,f,f,f,f,f
eth,eth:1784889900000,1784889900000,1784890800000,2026-07-24T10:45:00Z,DOWN,NO,,1882.33,official-venue-resolution,f,f,f,f,f
hype,hype:1784889900000,1784889900000,1784890800000,2026-07-24T10:45:00Z,UP,YES,,58.4492,official-venue-resolution,f,f,f,f,f
sol,sol:1784889900000,1784889900000,1784890800000,2026-07-24T10:45:00Z,DOWN,NO,,75.4392,official-venue-resolution,f,f,f,f,f
xrp,xrp:1784889900000,1784889900000,1784890800000,2026-07-24T10:45:00Z,UP,YES,,1.1066,official-venue-resolution,f,f,f,f,f
bnb,bnb:1784890800000,1784890800000,1784891700000,2026-07-24T11:00:00Z,DOWN,NO,,566.18,official-venue-resolution,f,f,f,f,f
btc,btc:1784890800000,1784890800000,1784891700000,2026-07-24T11:00:00Z,UP,YES,,64961.65,official-venue-resolution,f,f,f,f,f
doge,doge:1784890800000,1784890800000,1784891700000,2026-07-24T11:00:00Z,DOWN,NO,,0.0697578,official-venue-resolution,f,f,f,f,f
eth,eth:1784890800000,1784890800000,1784891700000,2026-07-24T11:00:00Z,DOWN,NO,,1881.04,official-venue-resolution,f,f,f,f,f
hype,hype:1784890800000,1784890800000,1784891700000,2026-07-24T11:00:00Z,UP,YES,,58.4812,official-venue-resolution,f,f,f,f,f
sol,sol:1784890800000,1784890800000,1784891700000,2026-07-24T11:00:00Z,DOWN,NO,,75.3773,official-venue-resolution,f,f,f,f,f
xrp,xrp:1784890800000,1784890800000,1784891700000,2026-07-24T11:00:00Z,DOWN,NO,,1.1045,official-venue-resolution,f,f,f,f,f
bnb,bnb:1784891700000,1784891700000,1784892600000,2026-07-24T11:15:00Z,UP,NO,,566.17,official-venue-resolution,t,f,t,f,f
btc,btc:1784891700000,1784891700000,1784892600000,2026-07-24T11:15:00Z,UP,YES,,64995.71,official-venue-resolution,f,f,f,f,f
doge,doge:1784891700000,1784891700000,1784892600000,2026-07-24T11:15:00Z,UP,NO,,0.0696127,official-venue-resolution,t,f,t,f,f
eth,eth:1784891700000,1784891700000,1784892600000,2026-07-24T11:15:00Z,UP,NO,,1880.23,official-venue-resolution,t,f,t,f,f
hype,hype:1784891700000,1784891700000,1784892600000,2026-07-24T11:15:00Z,DOWN,NO,,58.3888,official-venue-resolution,f,f,f,f,f
sol,sol:1784891700000,1784891700000,1784892600000,2026-07-24T11:15:00Z,DOWN,NO,,75.2612,official-venue-resolution,f,f,f,f,f
xrp,xrp:1784891700000,1784891700000,1784892600000,2026-07-24T11:15:00Z,UP,NO,,1.1037,official-venue-resolution,t,f,t,f,f
bnb,bnb:1784892600000,1784892600000,1784893500000,2026-07-24T11:30:00Z,DOWN,NO,,565.84,official-venue-resolution,f,f,f,f,f
btc,btc:1784892600000,1784892600000,1784893500000,2026-07-24T11:30:00Z,DOWN,NO,,64919.57,official-venue-resolution,f,f,f,f,f
doge,doge:1784892600000,1784892600000,1784893500000,2026-07-24T11:30:00Z,DOWN,NO,,0.0693749,official-venue-resolution,f,f,f,f,f
eth,eth:1784892600000,1784892600000,1784893500000,2026-07-24T11:30:00Z,DOWN,NO,,1878.66,official-venue-resolution,f,f,f,f,f
hype,hype:1784892600000,1784892600000,1784893500000,2026-07-24T11:30:00Z,UP,YES,,58.4687,official-venue-resolution,f,f,f,f,f
sol,sol:1784892600000,1784892600000,1784893500000,2026-07-24T11:30:00Z,DOWN,NO,,75.1555,official-venue-resolution,f,f,f,f,f
xrp,xrp:1784892600000,1784892600000,1784893500000,2026-07-24T11:30:00Z,DOWN,NO,,1.1028,official-venue-resolution,f,f,f,f,f
bnb,bnb:1784893500000,1784893500000,1784894400000,2026-07-24T11:45:00Z,UP,YES,,566.39,official-venue-resolution,f,f,f,f,f
btc,btc:1784893500000,1784893500000,1784894400000,2026-07-24T11:45:00Z,UP,YES,,65032.26,official-venue-resolution,f,f,f,f,f
doge,doge:1784893500000,1784893500000,1784894400000,2026-07-24T11:45:00Z,UP,YES,,0.0694436,official-venue-resolution,f,f,f,f,f
eth,eth:1784893500000,1784893500000,1784894400000,2026-07-24T11:45:00Z,UP,YES,,1882.95,official-venue-resolution,f,f,f,f,f
hype,hype:1784893500000,1784893500000,1784894400000,2026-07-24T11:45:00Z,UP,YES,,58.5697,official-venue-resolution,f,f,f,f,f
sol,sol:1784893500000,1784893500000,1784894400000,2026-07-24T11:45:00Z,UP,YES,,75.1733,official-venue-resolution,f,f,f,f,f
xrp,xrp:1784893500000,1784893500000,1784894400000,2026-07-24T11:45:00Z,UP,YES,,1.1028,official-venue-resolution,f,f,f,f,f
bnb,bnb:1784894400000,1784894400000,1784895300000,2026-07-24T12:00:00Z,DOWN,NO,,566.2,official-venue-resolution,f,f,f,f,f
btc,btc:1784894400000,1784894400000,1784895300000,2026-07-24T12:00:00Z,DOWN,NO,,65024.49,official-venue-resolution,f,f,f,f,f
doge,doge:1784894400000,1784894400000,1784895300000,2026-07-24T12:00:00Z,UP,YES,,0.0694664,official-venue-resolution,f,f,f,f,f
eth,eth:1784894400000,1784894400000,1784895300000,2026-07-24T12:00:00Z,DOWN,NO,,1882.43,official-venue-resolution,f,f,f,f,f
hype,hype:1784894400000,1784894400000,1784895300000,2026-07-24T12:00:00Z,DOWN,NO,,58.4322,official-venue-resolution,f,f,f,f,f
sol,sol:1784894400000,1784894400000,1784895300000,2026-07-24T12:00:00Z,DOWN,NO,,75.1475,official-venue-resolution,f,f,f,f,f
xrp,xrp:1784894400000,1784894400000,1784895300000,2026-07-24T12:00:00Z,DOWN,YES,,1.1034,official-venue-resolution,t,t,f,f,f
bnb,bnb:1784895300000,1784895300000,1784896200000,2026-07-24T12:15:00Z,DOWN,NO,,566.03,official-venue-resolution,f,f,f,f,f
btc,btc:1784895300000,1784895300000,1784896200000,2026-07-24T12:15:00Z,DOWN,NO,,64988.01,official-venue-resolution,f,f,f,f,f
doge,doge:1784895300000,1784895300000,1784896200000,2026-07-24T12:15:00Z,UP,YES,,0.0695605,official-venue-resolution,f,f,f,f,f
eth,eth:1784895300000,1784895300000,1784896200000,2026-07-24T12:15:00Z,DOWN,NO,,1882.35,official-venue-resolution,f,f,f,f,f
hype,hype:1784895300000,1784895300000,1784896200000,2026-07-24T12:15:00Z,DOWN,YES,,58.4715,official-venue-resolution,t,t,f,f,f
sol,sol:1784895300000,1784895300000,1784896200000,2026-07-24T12:15:00Z,DOWN,NO,,75.1317,official-venue-resolution,f,f,f,f,f
xrp,xrp:1784895300000,1784895300000,1784896200000,2026-07-24T12:15:00Z,UP,YES,,1.1038,official-venue-resolution,f,f,f,f,f
bnb,bnb:1784896200000,1784896200000,1784897100000,2026-07-24T12:30:00Z,DOWN,NO,,565.37,official-venue-resolution,f,f,f,f,f
btc,btc:1784896200000,1784896200000,1784897100000,2026-07-24T12:30:00Z,DOWN,NO,,64885.79,official-venue-resolution,f,f,f,f,f
doge,doge:1784896200000,1784896200000,1784897100000,2026-07-24T12:30:00Z,DOWN,NO,,0.0693259,official-venue-resolution,f,f,f,f,f
eth,eth:1784896200000,1784896200000,1784897100000,2026-07-24T12:30:00Z,DOWN,NO,,1876.9,official-venue-resolution,f,f,f,f,f
hype,hype:1784896200000,1784896200000,1784897100000,2026-07-24T12:30:00Z,DOWN,NO,,58.3124,official-venue-resolution,f,f,f,f,f
sol,sol:1784896200000,1784896200000,1784897100000,2026-07-24T12:30:00Z,DOWN,NO,,74.9377,official-venue-resolution,f,f,f,f,f
xrp,xrp:1784896200000,1784896200000,1784897100000,2026-07-24T12:30:00Z,DOWN,NO,,1.1014,official-venue-resolution,f,f,f,f,f
bnb,bnb:1784897100000,1784897100000,1784898000000,2026-07-24T12:45:00Z,DOWN,NO,,563.58,official-venue-resolution,f,f,f,f,f
btc,btc:1784897100000,1784897100000,1784898000000,2026-07-24T12:45:00Z,DOWN,NO,,64729.55,official-venue-resolution,f,f,f,f,f
doge,doge:1784897100000,1784897100000,1784898000000,2026-07-24T12:45:00Z,DOWN,NO,,0.069088,official-venue-resolution,f,f,f,f,f
eth,eth:1784897100000,1784897100000,1784898000000,2026-07-24T12:45:00Z,DOWN,NO,,1871.35,official-venue-resolution,f,f,f,f,f
hype,hype:1784897100000,1784897100000,1784898000000,2026-07-24T12:45:00Z,UP,YES,,58.3684,official-venue-resolution,f,f,f,f,f
sol,sol:1784897100000,1784897100000,1784898000000,2026-07-24T12:45:00Z,DOWN,NO,,74.8093,official-venue-resolution,f,f,f,f,f
xrp,xrp:1784897100000,1784897100000,1784898000000,2026-07-24T12:45:00Z,DOWN,NO,,1.0992,official-venue-resolution,f,f,f,f,f
bnb,bnb:1784898000000,1784898000000,1784898900000,2026-07-24T13:00:00Z,DOWN,NO,,560.48,official-venue-resolution,f,f,f,f,f
btc,btc:1784898000000,1784898000000,1784898900000,2026-07-24T13:00:00Z,DOWN,NO,,64316.87,official-venue-resolution,f,f,f,f,f
doge,doge:1784898000000,1784898000000,1784898900000,2026-07-24T13:00:00Z,DOWN,NO,,0.0686677,official-venue-resolution,f,f,f,f,f
eth,eth:1784898000000,1784898000000,1784898900000,2026-07-24T13:00:00Z,DOWN,NO,,1861.01,official-venue-resolution,f,f,f,f,f
hype,hype:1784898000000,1784898000000,1784898900000,2026-07-24T13:00:00Z,DOWN,NO,,58.0122,official-venue-resolution,f,f,f,f,f
sol,sol:1784898000000,1784898000000,1784898900000,2026-07-24T13:00:00Z,DOWN,NO,,74.433,official-venue-resolution,f,f,f,f,f
xrp,xrp:1784898000000,1784898000000,1784898900000,2026-07-24T13:00:00Z,DOWN,NO,,1.0952,official-venue-resolution,f,f,f,f,f
bnb,bnb:1784898900000,1784898900000,1784899800000,2026-07-24T13:15:00Z,UP,YES,,561.08,official-venue-resolution,f,f,f,f,f
btc,btc:1784898900000,1784898900000,1784899800000,2026-07-24T13:15:00Z,UP,YES,,64330.69,official-venue-resolution,f,f,f,f,f
doge,doge:1784898900000,1784898900000,1784899800000,2026-07-24T13:15:00Z,UP,YES,,0.0689,official-venue-resolution,f,f,f,f,f
eth,eth:1784898900000,1784898900000,1784899800000,2026-07-24T13:15:00Z,UP,YES,,1865.45,official-venue-resolution,f,f,f,f,f
hype,hype:1784898900000,1784898900000,1784899800000,2026-07-24T13:15:00Z,UP,YES,,58.3138,official-venue-resolution,f,f,f,f,f
sol,sol:1784898900000,1784898900000,1784899800000,2026-07-24T13:15:00Z,UP,YES,,74.5007,official-venue-resolution,f,f,f,f,f
xrp,xrp:1784898900000,1784898900000,1784899800000,2026-07-24T13:15:00Z,UP,YES,,1.0968,official-venue-resolution,f,f,f,f,f
bnb,bnb:1784899800000,1784899800000,1784900700000,2026-07-24T13:30:00Z,UP,NO,,560.82,official-venue-resolution,t,f,t,f,f
btc,btc:1784899800000,1784899800000,1784900700000,2026-07-24T13:30:00Z,UP,NO,,64328.1,official-venue-resolution,t,f,t,f,f
doge,doge:1784899800000,1784899800000,1784900700000,2026-07-24T13:30:00Z,UP,NO,,0.0688626,official-venue-resolution,t,f,t,f,f
eth,eth:1784899800000,1784899800000,1784900700000,2026-07-24T13:30:00Z,DOWN,NO,,1862.22,official-venue-resolution,f,f,f,f,f
hype,hype:1784899800000,1784899800000,1784900700000,2026-07-24T13:30:00Z,UP,YES,,58.4153,official-venue-resolution,f,f,f,f,f
sol,sol:1784899800000,1784899800000,1784900700000,2026-07-24T13:30:00Z,DOWN,NO,,74.4053,official-venue-resolution,f,f,f,f,f
xrp,xrp:1784899800000,1784899800000,1784900700000,2026-07-24T13:30:00Z,DOWN,NO,,1.0943,official-venue-resolution,f,f,f,f,f
bnb,bnb:1784900700000,1784900700000,1784901600000,2026-07-24T13:45:00Z,DOWN,NO,,558.29,official-venue-resolution,f,f,f,f,f
btc,btc:1784900700000,1784900700000,1784901600000,2026-07-24T13:45:00Z,DOWN,NO,,64049.14,official-venue-resolution,f,f,f,f,f
doge,doge:1784900700000,1784900700000,1784901600000,2026-07-24T13:45:00Z,DOWN,NO,,0.0686401,official-venue-resolution,f,f,f,f,f
eth,eth:1784900700000,1784900700000,1784901600000,2026-07-24T13:45:00Z,DOWN,NO,,1854.76,official-venue-resolution,f,f,f,f,f
hype,hype:1784900700000,1784900700000,1784901600000,2026-07-24T13:45:00Z,DOWN,NO,,58.3384,official-venue-resolution,f,f,f,f,f
sol,sol:1784900700000,1784900700000,1784901600000,2026-07-24T13:45:00Z,DOWN,NO,,74.1173,official-venue-resolution,f,f,f,f,f
xrp,xrp:1784900700000,1784900700000,1784901600000,2026-07-24T13:45:00Z,DOWN,NO,,1.0916,official-venue-resolution,f,f,f,f,f
bnb,bnb:1784901600000,1784901600000,1784902500000,2026-07-24T14:00:00Z,DOWN,NO,,557.86,official-venue-resolution,f,f,f,f,f
btc,btc:1784901600000,1784901600000,1784902500000,2026-07-24T14:00:00Z,DOWN,NO,,63951.02,official-venue-resolution,f,f,f,f,f
doge,doge:1784901600000,1784901600000,1784902500000,2026-07-24T14:00:00Z,DOWN,NO,,0.0686086,official-venue-resolution,f,f,f,f,f
eth,eth:1784901600000,1784901600000,1784902500000,2026-07-24T14:00:00Z,DOWN,YES,,1856.75,official-venue-resolution,t,t,f,f,f
hype,hype:1784901600000,1784901600000,1784902500000,2026-07-24T14:00:00Z,DOWN,NO,,58.3269,official-venue-resolution,f,f,f,f,f
sol,sol:1784901600000,1784901600000,1784902500000,2026-07-24T14:00:00Z,DOWN,NO,,73.9692,official-venue-resolution,f,f,f,f,f
xrp,xrp:1784901600000,1784901600000,1784902500000,2026-07-24T14:00:00Z,DOWN,NO,,1.0905,official-venue-resolution,f,f,f,f,f
bnb,bnb:1784902500000,1784902500000,1784903400000,2026-07-24T14:15:00Z,UP,YES,,557.99,official-venue-resolution,f,f,f,f,f
btc,btc:1784902500000,1784902500000,1784903400000,2026-07-24T14:15:00Z,DOWN,NO,,63777.92,official-venue-resolution,f,f,f,f,f
doge,doge:1784902500000,1784902500000,1784903400000,2026-07-24T14:15:00Z,UP,YES,,0.0686117,official-venue-resolution,f,f,f,f,f
eth,eth:1784902500000,1784902500000,1784903400000,2026-07-24T14:15:00Z,UP,NO,,1855.9,official-venue-resolution,t,f,t,f,f
hype,hype:1784902500000,1784902500000,1784903400000,2026-07-24T14:15:00Z,UP,YES,,58.3353,official-venue-resolution,f,f,f,f,f
sol,sol:1784902500000,1784902500000,1784903400000,2026-07-24T14:15:00Z,DOWN,NO,,73.8792,official-venue-resolution,f,f,f,f,f
xrp,xrp:1784902500000,1784902500000,1784903400000,2026-07-24T14:15:00Z,DOWN,NO,,1.0884,official-venue-resolution,f,f,f,f,f
bnb,bnb:1784903400000,1784903400000,1784904300000,2026-07-24T14:30:00Z,DOWN,YES,,558.22,official-venue-resolution,t,t,f,f,f
btc,btc:1784903400000,1784903400000,1784904300000,2026-07-24T14:30:00Z,DOWN,NO,,63766.4,official-venue-resolution,f,f,f,f,f
doge,doge:1784903400000,1784903400000,1784904300000,2026-07-24T14:30:00Z,DOWN,NO,,0.0683668,official-venue-resolution,f,f,f,f,f
eth,eth:1784903400000,1784903400000,1784904300000,2026-07-24T14:30:00Z,DOWN,NO,,1851.26,official-venue-resolution,f,f,f,f,f
hype,hype:1784903400000,1784903400000,1784904300000,2026-07-24T14:30:00Z,DOWN,NO,,58.1777,official-venue-resolution,f,f,f,f,f
sol,sol:1784903400000,1784903400000,1784904300000,2026-07-24T14:30:00Z,DOWN,NO,,73.686,official-venue-resolution,f,f,f,f,f
xrp,xrp:1784903400000,1784903400000,1784904300000,2026-07-24T14:30:00Z,DOWN,NO,,1.0869,official-venue-resolution,f,f,f,f,f
bnb,bnb:1784904300000,1784904300000,1784905200000,2026-07-24T14:45:00Z,UP,YES,,560.31,official-venue-resolution,f,f,f,f,f
btc,btc:1784904300000,1784904300000,1784905200000,2026-07-24T14:45:00Z,UP,YES,,63975.66,official-venue-resolution,f,f,f,f,f
doge,doge:1784904300000,1784904300000,1784905200000,2026-07-24T14:45:00Z,UP,YES,,0.0688184,official-venue-resolution,f,f,f,f,f
eth,eth:1784904300000,1784904300000,1784905200000,2026-07-24T14:45:00Z,UP,YES,,1860.77,official-venue-resolution,f,f,f,f,f
hype,hype:1784904300000,1784904300000,1784905200000,2026-07-24T14:45:00Z,UP,YES,,58.8819,official-venue-resolution,f,f,f,f,f
sol,sol:1784904300000,1784904300000,1784905200000,2026-07-24T14:45:00Z,UP,YES,,73.956,official-venue-resolution,f,f,f,f,f
xrp,xrp:1784904300000,1784904300000,1784905200000,2026-07-24T14:45:00Z,UP,YES,,1.0921,official-venue-resolution,f,f,f,f,f
bnb,bnb:1784905200000,1784905200000,1784906100000,2026-07-24T15:00:00Z,UP,YES,,561.02,official-venue-resolution,f,f,f,f,f
btc,btc:1784905200000,1784905200000,1784906100000,2026-07-24T15:00:00Z,UP,YES,,64028.26,official-venue-resolution,f,f,f,f,f
doge,doge:1784905200000,1784905200000,1784906100000,2026-07-24T15:00:00Z,UP,YES,,0.0688781,official-venue-resolution,f,f,f,f,f
eth,eth:1784905200000,1784905200000,1784906100000,2026-07-24T15:00:00Z,UP,NO,,1860.5,official-venue-resolution,t,f,t,f,f
hype,hype:1784905200000,1784905200000,1784906100000,2026-07-24T15:00:00Z,DOWN,NO,,58.8351,official-venue-resolution,f,f,f,f,f
sol,sol:1784905200000,1784905200000,1784906100000,2026-07-24T15:00:00Z,UP,YES,,73.9988,official-venue-resolution,f,f,f,f,f
xrp,xrp:1784905200000,1784905200000,1784906100000,2026-07-24T15:00:00Z,DOWN,NO,,1.0913,official-venue-resolution,f,f,f,f,f
bnb,bnb:1784906100000,1784906100000,1784907000000,2026-07-24T15:15:00Z,DOWN,YES,,561.28,official-venue-resolution,t,t,f,f,f
btc,btc:1784906100000,1784906100000,1784907000000,2026-07-24T15:15:00Z,DOWN,YES,,64058.65,official-venue-resolution,t,t,f,f,f
doge,doge:1784906100000,1784906100000,1784907000000,2026-07-24T15:15:00Z,UP,YES,,0.0690958,official-venue-resolution,f,f,f,f,f
eth,eth:1784906100000,1784906100000,1784907000000,2026-07-24T15:15:00Z,UP,YES,,1863.64,official-venue-resolution,f,f,f,f,f
hype,hype:1784906100000,1784906100000,1784907000000,2026-07-24T15:15:00Z,UP,YES,,58.94,official-venue-resolution,f,f,f,f,f
sol,sol:1784906100000,1784906100000,1784907000000,2026-07-24T15:15:00Z,UP,YES,,74.087,official-venue-resolution,f,f,f,f,f
xrp,xrp:1784906100000,1784906100000,1784907000000,2026-07-24T15:15:00Z,DOWN,YES,,1.0913,official-venue-resolution,t,t,f,f,f
bnb,bnb:1784907000000,1784907000000,1784907900000,2026-07-24T15:30:00Z,UP,YES,,562.22,official-venue-resolution,f,f,f,f,f
btc,btc:1784907000000,1784907000000,1784907900000,2026-07-24T15:30:00Z,UP,YES,,64141.8,official-venue-resolution,f,f,f,f,f
doge,doge:1784907000000,1784907000000,1784907900000,2026-07-24T15:30:00Z,UP,YES,,0.0692325,official-venue-resolution,f,f,f,f,f
eth,eth:1784907000000,1784907000000,1784907900000,2026-07-24T15:30:00Z,DOWN,YES,,1863.67,official-venue-resolution,t,t,f,f,f
hype,hype:1784907000000,1784907000000,1784907900000,2026-07-24T15:30:00Z,DOWN,NO,,58.8469,official-venue-resolution,f,f,f,f,f
sol,sol:1784907000000,1784907000000,1784907900000,2026-07-24T15:30:00Z,DOWN,YES,,74.1035,official-venue-resolution,t,t,f,f,f
xrp,xrp:1784907000000,1784907000000,1784907900000,2026-07-24T15:30:00Z,DOWN,NO,,1.0909,official-venue-resolution,f,f,f,f,f
bnb,bnb:1784907900000,1784907900000,1784908800000,2026-07-24T15:45:00Z,DOWN,NO,,561.33,official-venue-resolution,f,f,f,f,f
btc,btc:1784907900000,1784907900000,1784908800000,2026-07-24T15:45:00Z,DOWN,NO,,64066.39,official-venue-resolution,f,f,f,f,f
doge,doge:1784907900000,1784907900000,1784908800000,2026-07-24T15:45:00Z,DOWN,NO,,0.0691552,official-venue-resolution,f,f,f,f,f
eth,eth:1784907900000,1784907900000,1784908800000,2026-07-24T15:45:00Z,DOWN,NO,,1861,official-venue-resolution,f,f,f,f,f
hype,hype:1784907900000,1784907900000,1784908800000,2026-07-24T15:45:00Z,DOWN,NO,,58.788,official-venue-resolution,f,f,f,f,f
sol,sol:1784907900000,1784907900000,1784908800000,2026-07-24T15:45:00Z,DOWN,NO,,73.9887,official-venue-resolution,f,f,f,f,f
xrp,xrp:1784907900000,1784907900000,1784908800000,2026-07-24T15:45:00Z,DOWN,NO,,1.0907,official-venue-resolution,f,f,f,f,f
bnb,bnb:1784908800000,1784908800000,1784909700000,2026-07-24T16:00:00Z,UP,NO,,561.1,official-venue-resolution,t,f,t,f,f
btc,btc:1784908800000,1784908800000,1784909700000,2026-07-24T16:00:00Z,UP,YES,,64082.49,official-venue-resolution,f,f,f,f,f
doge,doge:1784908800000,1784908800000,1784909700000,2026-07-24T16:00:00Z,DOWN,NO,,0.0689891,official-venue-resolution,f,f,f,f,f
eth,eth:1784908800000,1784908800000,1784909700000,2026-07-24T16:00:00Z,UP,NO,,1860.72,official-venue-resolution,t,f,t,f,f
hype,hype:1784908800000,1784908800000,1784909700000,2026-07-24T16:00:00Z,UP,YES,,58.9711,official-venue-resolution,f,f,f,f,f
sol,sol:1784908800000,1784908800000,1784909700000,2026-07-24T16:00:00Z,UP,YES,,74.0365,official-venue-resolution,f,f,f,f,f
xrp,xrp:1784908800000,1784908800000,1784909700000,2026-07-24T16:00:00Z,DOWN,NO,,1.0895,official-venue-resolution,f,f,f,f,f
bnb,bnb:1784909700000,1784909700000,1784910600000,2026-07-24T16:15:00Z,UP,YES,,561.42,official-venue-resolution,f,f,f,f,f
btc,btc:1784909700000,1784909700000,1784910600000,2026-07-24T16:15:00Z,DOWN,NO,,64045.71,official-venue-resolution,f,f,f,f,f
doge,doge:1784909700000,1784909700000,1784910600000,2026-07-24T16:15:00Z,DOWN,NO,,0.0688906,official-venue-resolution,f,f,f,f,f
eth,eth:1784909700000,1784909700000,1784910600000,2026-07-24T16:15:00Z,DOWN,NO,,1859.6,official-venue-resolution,f,f,f,f,f
hype,hype:1784909700000,1784909700000,1784910600000,2026-07-24T16:15:00Z,DOWN,NO,,58.873,official-venue-resolution,f,f,f,f,f
sol,sol:1784909700000,1784909700000,1784910600000,2026-07-24T16:15:00Z,DOWN,NO,,73.991,official-venue-resolution,f,f,f,f,f
xrp,xrp:1784909700000,1784909700000,1784910600000,2026-07-24T16:15:00Z,UP,YES,,1.0908,official-venue-resolution,f,f,f,f,f
bnb,bnb:1784910600000,1784910600000,1784911500000,2026-07-24T16:30:00Z,DOWN,NO,,560.15,official-venue-resolution,f,f,f,f,f
btc,btc:1784910600000,1784910600000,1784911500000,2026-07-24T16:30:00Z,DOWN,NO,,63889.77,official-venue-resolution,f,f,f,f,f
doge,doge:1784910600000,1784910600000,1784911500000,2026-07-24T16:30:00Z,DOWN,NO,,0.0686979,official-venue-resolution,f,f,f,f,f
eth,eth:1784910600000,1784910600000,1784911500000,2026-07-24T16:30:00Z,DOWN,NO,,1855.62,official-venue-resolution,f,f,f,f,f
hype,hype:1784910600000,1784910600000,1784911500000,2026-07-24T16:30:00Z,DOWN,NO,,58.7661,official-venue-resolution,f,f,f,f,f
sol,sol:1784910600000,1784910600000,1784911500000,2026-07-24T16:30:00Z,DOWN,NO,,73.7698,official-venue-resolution,f,f,f,f,f
xrp,xrp:1784910600000,1784910600000,1784911500000,2026-07-24T16:30:00Z,DOWN,NO,,1.0873,official-venue-resolution,f,f,f,f,f
bnb,bnb:1784911500000,1784911500000,1784912400000,2026-07-24T16:45:00Z,UP,YES,,560.44,official-venue-resolution,f,f,f,f,f
btc,btc:1784911500000,1784911500000,1784912400000,2026-07-24T16:45:00Z,UP,YES,,63924.96,official-venue-resolution,f,f,f,f,f
doge,doge:1784911500000,1784911500000,1784912400000,2026-07-24T16:45:00Z,UP,YES,,0.0687913,official-venue-resolution,f,f,f,f,f
eth,eth:1784911500000,1784911500000,1784912400000,2026-07-24T16:45:00Z,UP,YES,,1857.07,official-venue-resolution,f,f,f,f,f
hype,hype:1784911500000,1784911500000,1784912400000,2026-07-24T16:45:00Z,DOWN,YES,,58.7923,official-venue-resolution,t,t,f,f,f
sol,sol:1784911500000,1784911500000,1784912400000,2026-07-24T16:45:00Z,UP,YES,,73.8827,official-venue-resolution,f,f,f,f,f
xrp,xrp:1784911500000,1784911500000,1784912400000,2026-07-24T16:45:00Z,DOWN,NO,,1.0864,official-venue-resolution,f,f,f,f,f
bnb,bnb:1784912400000,1784912400000,1784913300000,2026-07-24T17:00:00Z,DOWN,NO,,560.33,official-venue-resolution,f,f,f,f,f
btc,btc:1784912400000,1784912400000,1784913300000,2026-07-24T17:00:00Z,UP,NO,,63896.93,official-venue-resolution,t,f,t,f,f
doge,doge:1784912400000,1784912400000,1784913300000,2026-07-24T17:00:00Z,UP,YES,,0.0688198,official-venue-resolution,f,f,f,f,f
eth,eth:1784912400000,1784912400000,1784913300000,2026-07-24T17:00:00Z,DOWN,NO,,1855.88,official-venue-resolution,f,f,f,f,f
hype,hype:1784912400000,1784912400000,1784913300000,2026-07-24T17:00:00Z,DOWN,NO,,58.692,official-venue-resolution,f,f,f,f,f
sol,sol:1784912400000,1784912400000,1784913300000,2026-07-24T17:00:00Z,UP,YES,,73.9048,official-venue-resolution,f,f,f,f,f
xrp,xrp:1784912400000,1784912400000,1784913300000,2026-07-24T17:00:00Z,DOWN,NO,,1.0855,official-venue-resolution,f,f,f,f,f
bnb,bnb:1784913300000,1784913300000,1784914200000,2026-07-24T17:15:00Z,UP,YES,,561.54,official-venue-resolution,f,f,f,f,f
btc,btc:1784913300000,1784913300000,1784914200000,2026-07-24T17:15:00Z,UP,YES,,64068.43,official-venue-resolution,f,f,f,f,f
doge,doge:1784913300000,1784913300000,1784914200000,2026-07-24T17:15:00Z,UP,YES,,0.0690969,official-venue-resolution,f,f,f,f,f
eth,eth:1784913300000,1784913300000,1784914200000,2026-07-24T17:15:00Z,UP,YES,,1861.82,official-venue-resolution,f,f,f,f,f
hype,hype:1784913300000,1784913300000,1784914200000,2026-07-24T17:15:00Z,UP,YES,,59.0372,official-venue-resolution,f,f,f,f,f
sol,sol:1784913300000,1784913300000,1784914200000,2026-07-24T17:15:00Z,UP,YES,,74.0562,official-venue-resolution,f,f,f,f,f
xrp,xrp:1784913300000,1784913300000,1784914200000,2026-07-24T17:15:00Z,UP,YES,,1.0889,official-venue-resolution,f,f,f,f,f
bnb,bnb:1784914200000,1784914200000,1784915100000,2026-07-24T17:30:00Z,UP,YES,,562.08,official-venue-resolution,f,f,f,f,f
btc,btc:1784914200000,1784914200000,1784915100000,2026-07-24T17:30:00Z,UP,YES,,64109.57,official-venue-resolution,f,f,f,f,f
doge,doge:1784914200000,1784914200000,1784915100000,2026-07-24T17:30:00Z,DOWN,NO,,0.0690778,official-venue-resolution,f,f,f,f,f
eth,eth:1784914200000,1784914200000,1784915100000,2026-07-24T17:30:00Z,UP,YES,,1862.42,official-venue-resolution,f,f,f,f,f
hype,hype:1784914200000,1784914200000,1784915100000,2026-07-24T17:30:00Z,DOWN,NO,,58.9813,official-venue-resolution,f,f,f,f,f
sol,sol:1784914200000,1784914200000,1784915100000,2026-07-24T17:30:00Z,DOWN,NO,,74.0362,official-venue-resolution,f,f,f,f,f
xrp,xrp:1784914200000,1784914200000,1784915100000,2026-07-24T17:30:00Z,DOWN,NO,,1.0883,official-venue-resolution,f,f,f,f,f
bnb,bnb:1784915100000,1784915100000,1784916000000,2026-07-24T17:45:00Z,UP,YES,,562.12,official-venue-resolution,f,f,f,f,f
btc,btc:1784915100000,1784915100000,1784916000000,2026-07-24T17:45:00Z,UP,YES,,64122.25,official-venue-resolution,f,f,f,f,f
doge,doge:1784915100000,1784915100000,1784916000000,2026-07-24T17:45:00Z,UP,YES,,0.0691125,official-venue-resolution,f,f,f,f,f
eth,eth:1784915100000,1784915100000,1784916000000,2026-07-24T17:45:00Z,UP,YES,,1864.88,official-venue-resolution,f,f,f,f,f
hype,hype:1784915100000,1784915100000,1784916000000,2026-07-24T17:45:00Z,UP,YES,,59.0284,official-venue-resolution,f,f,f,f,f
sol,sol:1784915100000,1784915100000,1784916000000,2026-07-24T17:45:00Z,DOWN,NO,,73.9917,official-venue-resolution,f,f,f,f,f
xrp,xrp:1784915100000,1784915100000,1784916000000,2026-07-24T17:45:00Z,DOWN,NO,,1.0881,official-venue-resolution,f,f,f,f,f
bnb,bnb:1784916000000,1784916000000,1784916900000,2026-07-24T18:00:00Z,UP,YES,,562.19,official-venue-resolution,f,f,f,f,f
btc,btc:1784916000000,1784916000000,1784916900000,2026-07-24T18:00:00Z,UP,YES,,64138.52,official-venue-resolution,f,f,f,f,f
doge,doge:1784916000000,1784916000000,1784916900000,2026-07-24T18:00:00Z,DOWN,NO,,0.0690762,official-venue-resolution,f,f,f,f,f
eth,eth:1784916000000,1784916000000,1784916900000,2026-07-24T18:00:00Z,DOWN,NO,,1863.74,official-venue-resolution,f,f,f,f,f
hype,hype:1784916000000,1784916000000,1784916900000,2026-07-24T18:00:00Z,DOWN,NO,,58.7931,official-venue-resolution,f,f,f,f,f
sol,sol:1784916000000,1784916000000,1784916900000,2026-07-24T18:00:00Z,UP,YES,,73.9923,official-venue-resolution,f,f,f,f,f
xrp,xrp:1784916000000,1784916000000,1784916900000,2026-07-24T18:00:00Z,DOWN,NO,,1.0876,official-venue-resolution,f,f,f,f,f
bnb,bnb:1784916900000,1784916900000,1784917800000,2026-07-24T18:15:00Z,DOWN,NO,,561.31,official-venue-resolution,f,f,f,f,f
btc,btc:1784916900000,1784916900000,1784917800000,2026-07-24T18:15:00Z,DOWN,NO,,64084.73,official-venue-resolution,f,f,f,f,f
doge,doge:1784916900000,1784916900000,1784917800000,2026-07-24T18:15:00Z,DOWN,NO,,0.0689694,official-venue-resolution,f,f,f,f,f
eth,eth:1784916900000,1784916900000,1784917800000,2026-07-24T18:15:00Z,DOWN,NO,,1859.94,official-venue-resolution,f,f,f,f,f
hype,hype:1784916900000,1784916900000,1784917800000,2026-07-24T18:15:00Z,DOWN,NO,,58.2606,official-venue-resolution,f,f,f,f,f
sol,sol:1784916900000,1784916900000,1784917800000,2026-07-24T18:15:00Z,DOWN,NO,,73.9338,official-venue-resolution,f,f,f,f,f
xrp,xrp:1784916900000,1784916900000,1784917800000,2026-07-24T18:15:00Z,DOWN,NO,,1.0862,official-venue-resolution,f,f,f,f,f
bnb,bnb:1784917800000,1784917800000,1784918700000,2026-07-24T18:30:00Z,UP,YES,,561.56,official-venue-resolution,f,f,f,f,f
btc,btc:1784917800000,1784917800000,1784918700000,2026-07-24T18:30:00Z,UP,YES,,64111.29,official-venue-resolution,f,f,f,f,f
doge,doge:1784917800000,1784917800000,1784918700000,2026-07-24T18:30:00Z,UP,YES,,0.0689939,official-venue-resolution,f,f,f,f,f
eth,eth:1784917800000,1784917800000,1784918700000,2026-07-24T18:30:00Z,DOWN,NO,,1858.46,official-venue-resolution,f,f,f,f,f
hype,hype:1784917800000,1784917800000,1784918700000,2026-07-24T18:30:00Z,UP,YES,,58.4712,official-venue-resolution,f,f,f,f,f
sol,sol:1784917800000,1784917800000,1784918700000,2026-07-24T18:30:00Z,DOWN,NO,,73.895,official-venue-resolution,f,f,f,f,f
xrp,xrp:1784917800000,1784917800000,1784918700000,2026-07-24T18:30:00Z,DOWN,NO,,1.0848,official-venue-resolution,f,f,f,f,f
bnb,bnb:1784918700000,1784918700000,1784919600000,2026-07-24T18:45:00Z,UP,YES,,562.33,official-venue-resolution,f,f,f,f,f
btc,btc:1784918700000,1784918700000,1784919600000,2026-07-24T18:45:00Z,UP,YES,,64213.36,official-venue-resolution,f,f,f,f,f
doge,doge:1784918700000,1784918700000,1784919600000,2026-07-24T18:45:00Z,UP,YES,,0.0691188,official-venue-resolution,f,f,f,f,f
eth,eth:1784918700000,1784918700000,1784919600000,2026-07-24T18:45:00Z,UP,YES,,1861.22,official-venue-resolution,f,f,f,f,f
hype,hype:1784918700000,1784918700000,1784919600000,2026-07-24T18:45:00Z,UP,YES,,58.5965,official-venue-resolution,f,f,f,f,f
sol,sol:1784918700000,1784918700000,1784919600000,2026-07-24T18:45:00Z,UP,YES,,73.9132,official-venue-resolution,f,f,f,f,f
xrp,xrp:1784918700000,1784918700000,1784919600000,2026-07-24T18:45:00Z,UP,YES,,1.0866,official-venue-resolution,f,f,f,f,f
bnb,bnb:1784919600000,1784919600000,1784920500000,2026-07-24T19:00:00Z,UP,YES,,564.67,official-venue-resolution,f,f,f,f,f
btc,btc:1784919600000,1784919600000,1784920500000,2026-07-24T19:00:00Z,DOWN,NO,,64102.43,official-venue-resolution,f,f,f,f,f
doge,doge:1784919600000,1784919600000,1784920500000,2026-07-24T19:00:00Z,DOWN,NO,,0.0690258,official-venue-resolution,f,f,f,f,f
eth,eth:1784919600000,1784919600000,1784920500000,2026-07-24T19:00:00Z,DOWN,NO,,1857.12,official-venue-resolution,f,f,f,f,f
hype,hype:1784919600000,1784919600000,1784920500000,2026-07-24T19:00:00Z,DOWN,NO,,58.4366,official-venue-resolution,f,f,f,f,f
sol,sol:1784919600000,1784919600000,1784920500000,2026-07-24T19:00:00Z,DOWN,NO,,73.7828,official-venue-resolution,f,f,f,f,f
xrp,xrp:1784919600000,1784919600000,1784920500000,2026-07-24T19:00:00Z,DOWN,NO,,1.085,official-venue-resolution,f,f,f,f,f
bnb,bnb:1784920500000,1784920500000,1784921400000,2026-07-24T19:15:00Z,UP,YES,,564.87,official-venue-resolution,f,f,f,f,f
btc,btc:1784920500000,1784920500000,1784921400000,2026-07-24T19:15:00Z,UP,YES,,64156.46,official-venue-resolution,f,f,f,f,f
doge,doge:1784920500000,1784920500000,1784921400000,2026-07-24T19:15:00Z,UP,YES,,0.069156,official-venue-resolution,f,f,f,f,f
eth,eth:1784920500000,1784920500000,1784921400000,2026-07-24T19:15:00Z,UP,YES,,1859.79,official-venue-resolution,f,f,f,f,f
hype,hype:1784920500000,1784920500000,1784921400000,2026-07-24T19:15:00Z,UP,YES,,58.5749,official-venue-resolution,f,f,f,f,f
sol,sol:1784920500000,1784920500000,1784921400000,2026-07-24T19:15:00Z,UP,YES,,73.9017,official-venue-resolution,f,f,f,f,f
xrp,xrp:1784920500000,1784920500000,1784921400000,2026-07-24T19:15:00Z,UP,YES,,1.0864,official-venue-resolution,f,f,f,f,f
bnb,bnb:1784921400000,1784921400000,1784922300000,2026-07-24T19:30:00Z,UP,YES,,564.97,official-venue-resolution,f,f,f,f,f
btc,btc:1784921400000,1784921400000,1784922300000,2026-07-24T19:30:00Z,UP,YES,,64194.25,official-venue-resolution,f,f,f,f,f
doge,doge:1784921400000,1784921400000,1784922300000,2026-07-24T19:30:00Z,DOWN,YES,,0.0691703,official-venue-resolution,t,t,f,f,f
eth,eth:1784921400000,1784921400000,1784922300000,2026-07-24T19:30:00Z,UP,YES,,1861.85,official-venue-resolution,f,f,f,f,f
hype,hype:1784921400000,1784921400000,1784922300000,2026-07-24T19:30:00Z,DOWN,NO,,58.3138,official-venue-resolution,f,f,f,f,f
sol,sol:1784921400000,1784921400000,1784922300000,2026-07-24T19:30:00Z,UP,YES,,73.9233,official-venue-resolution,f,f,f,f,f
xrp,xrp:1784921400000,1784921400000,1784922300000,2026-07-24T19:30:00Z,UP,YES,,1.0893,official-venue-resolution,f,f,f,f,f
bnb,bnb:1784922300000,1784922300000,1784923200000,2026-07-24T19:45:00Z,DOWN,NO,,564.86,official-venue-resolution,f,f,f,f,f
btc,btc:1784922300000,1784922300000,1784923200000,2026-07-24T19:45:00Z,DOWN,NO,,64161.04,official-venue-resolution,f,f,f,f,f
doge,doge:1784922300000,1784922300000,1784923200000,2026-07-24T19:45:00Z,UP,YES,,0.0691747,official-venue-resolution,f,f,f,f,f
eth,eth:1784922300000,1784922300000,1784923200000,2026-07-24T19:45:00Z,UP,NO,,1861.54,official-venue-resolution,t,f,t,f,f
hype,hype:1784922300000,1784922300000,1784923200000,2026-07-24T19:45:00Z,DOWN,NO,,58.136,official-venue-resolution,f,f,f,f,f
sol,sol:1784922300000,1784922300000,1784923200000,2026-07-24T19:45:00Z,DOWN,NO,,73.8937,official-venue-resolution,f,f,f,f,f
xrp,xrp:1784922300000,1784922300000,1784923200000,2026-07-24T19:45:00Z,DOWN,NO,,1.0881,official-venue-resolution,f,f,f,f,f
bnb,bnb:1784923200000,1784923200000,1784924100000,2026-07-24T20:00:00Z,UP,YES,,565.17,official-venue-resolution,f,f,f,f,f
btc,btc:1784923200000,1784923200000,1784924100000,2026-07-24T20:00:00Z,DOWN,NO,,64148.7,official-venue-resolution,f,f,f,f,f
doge,doge:1784923200000,1784923200000,1784924100000,2026-07-24T20:00:00Z,UP,YES,,0.0692496,official-venue-resolution,f,f,f,f,f
eth,eth:1784923200000,1784923200000,1784924100000,2026-07-24T20:00:00Z,DOWN,YES,,1861.88,official-venue-resolution,t,t,f,f,f
hype,hype:1784923200000,1784923200000,1784924100000,2026-07-24T20:00:00Z,UP,YES,,58.1879,official-venue-resolution,f,f,f,f,f
sol,sol:1784923200000,1784923200000,1784924100000,2026-07-24T20:00:00Z,DOWN,NO,,73.89,official-venue-resolution,f,f,f,f,f
xrp,xrp:1784923200000,1784923200000,1784924100000,2026-07-24T20:00:00Z,UP,YES,,1.0898,official-venue-resolution,f,f,f,f,f
bnb,bnb:1784924100000,1784924100000,1784925000000,2026-07-24T20:15:00Z,DOWN,NO,,564.88,official-venue-resolution,f,f,f,f,f
btc,btc:1784924100000,1784924100000,1784925000000,2026-07-24T20:15:00Z,UP,YES,,64182.23,official-venue-resolution,f,f,f,f,f
doge,doge:1784924100000,1784924100000,1784925000000,2026-07-24T20:15:00Z,DOWN,NO,,0.0692412,official-venue-resolution,f,f,f,f,f
eth,eth:1784924100000,1784924100000,1784925000000,2026-07-24T20:15:00Z,DOWN,YES,,1862.16,official-venue-resolution,t,t,f,f,f
hype,hype:1784924100000,1784924100000,1784925000000,2026-07-24T20:15:00Z,UP,YES,,58.2122,official-venue-resolution,f,f,f,f,f
sol,sol:1784924100000,1784924100000,1784925000000,2026-07-24T20:15:00Z,DOWN,NO,,73.861,official-venue-resolution,f,f,f,f,f
xrp,xrp:1784924100000,1784924100000,1784925000000,2026-07-24T20:15:00Z,UP,YES,,1.0906,official-venue-resolution,f,f,f,f,f
bnb,bnb:1784925000000,1784925000000,1784925900000,2026-07-24T20:30:00Z,UP,NO,,564.76,official-venue-resolution,t,f,t,f,f
btc,btc:1784925000000,1784925000000,1784925900000,2026-07-24T20:30:00Z,DOWN,NO,,64122.69,official-venue-resolution,f,f,f,f,f
doge,doge:1784925000000,1784925000000,1784925900000,2026-07-24T20:30:00Z,UP,YES,,0.0692469,official-venue-resolution,f,f,f,f,f
eth,eth:1784925000000,1784925000000,1784925900000,2026-07-24T20:30:00Z,DOWN,NO,,1860.28,official-venue-resolution,f,f,f,f,f
hype,hype:1784925000000,1784925000000,1784925900000,2026-07-24T20:30:00Z,DOWN,NO,,58.111,official-venue-resolution,f,f,f,f,f
sol,sol:1784925000000,1784925000000,1784925900000,2026-07-24T20:30:00Z,DOWN,NO,,73.756,official-venue-resolution,f,f,f,f,f
xrp,xrp:1784925000000,1784925000000,1784925900000,2026-07-24T20:30:00Z,DOWN,NO,,1.0898,official-venue-resolution,f,f,f,f,f
bnb,bnb:1784925900000,1784925900000,1784926800000,2026-07-24T20:45:00Z,DOWN,NO,,564.54,official-venue-resolution,f,f,f,f,f
btc,btc:1784925900000,1784925900000,1784926800000,2026-07-24T20:45:00Z,DOWN,NO,,64106.33,official-venue-resolution,f,f,f,f,f
doge,doge:1784925900000,1784925900000,1784926800000,2026-07-24T20:45:00Z,DOWN,NO,,0.0691246,official-venue-resolution,f,f,f,f,f
eth,eth:1784925900000,1784925900000,1784926800000,2026-07-24T20:45:00Z,DOWN,NO,,1859.35,official-venue-resolution,f,f,f,f,f
hype,hype:1784925900000,1784925900000,1784926800000,2026-07-24T20:45:00Z,DOWN,NO,,58.0153,official-venue-resolution,f,f,f,f,f
sol,sol:1784925900000,1784925900000,1784926800000,2026-07-24T20:45:00Z,DOWN,NO,,73.7207,official-venue-resolution,f,f,f,f,f
xrp,xrp:1784925900000,1784925900000,1784926800000,2026-07-24T20:45:00Z,UP,YES,,1.09,official-venue-resolution,f,f,f,f,f
bnb,bnb:1784926800000,1784926800000,1784927700000,2026-07-24T21:00:00Z,DOWN,NO,,564.17,official-venue-resolution,f,f,f,f,f
btc,btc:1784926800000,1784926800000,1784927700000,2026-07-24T21:00:00Z,DOWN,NO,,64090.06,official-venue-resolution,f,f,f,f,f
doge,doge:1784926800000,1784926800000,1784927700000,2026-07-24T21:00:00Z,DOWN,NO,,0.0688854,official-venue-resolution,f,f,f,f,f
eth,eth:1784926800000,1784926800000,1784927700000,2026-07-24T21:00:00Z,DOWN,NO,,1858,official-venue-resolution,f,f,f,f,f
hype,hype:1784926800000,1784926800000,1784927700000,2026-07-24T21:00:00Z,DOWN,NO,,57.5622,official-venue-resolution,f,f,f,f,f
sol,sol:1784926800000,1784926800000,1784927700000,2026-07-24T21:00:00Z,DOWN,NO,,73.5233,official-venue-resolution,f,f,f,f,f
xrp,xrp:1784926800000,1784926800000,1784927700000,2026-07-24T21:00:00Z,DOWN,NO,,1.0885,official-venue-resolution,f,f,f,f,f
bnb,bnb:1784927700000,1784927700000,1784928600000,2026-07-24T21:15:00Z,UP,YES,,564.35,official-venue-resolution,f,f,f,f,f
btc,btc:1784927700000,1784927700000,1784928600000,2026-07-24T21:15:00Z,UP,YES,,64099.74,official-venue-resolution,f,f,f,f,f
doge,doge:1784927700000,1784927700000,1784928600000,2026-07-24T21:15:00Z,UP,YES,,0.0689737,official-venue-resolution,f,f,f,f,f
eth,eth:1784927700000,1784927700000,1784928600000,2026-07-24T21:15:00Z,UP,YES,,1858.35,official-venue-resolution,f,f,f,f,f
hype,hype:1784927700000,1784927700000,1784928600000,2026-07-24T21:15:00Z,UP,NO,,57.5225,official-venue-resolution,t,f,t,f,f
sol,sol:1784927700000,1784927700000,1784928600000,2026-07-24T21:15:00Z,UP,YES,,73.6397,official-venue-resolution,f,f,f,f,f
xrp,xrp:1784927700000,1784927700000,1784928600000,2026-07-24T21:15:00Z,UP,YES,,1.0896,official-venue-resolution,f,f,f,f,f
bnb,bnb:1784928600000,1784928600000,1784929500000,2026-07-24T21:30:00Z,DOWN,NO,,564.05,official-venue-resolution,f,f,f,f,f
btc,btc:1784928600000,1784928600000,1784929500000,2026-07-24T21:30:00Z,DOWN,YES,,64100.25,official-venue-resolution,t,t,f,f,f
doge,doge:1784928600000,1784928600000,1784929500000,2026-07-24T21:30:00Z,DOWN,YES,,0.068986,official-venue-resolution,t,t,f,f,f
eth,eth:1784928600000,1784928600000,1784929500000,2026-07-24T21:30:00Z,DOWN,NO,,1858.1,official-venue-resolution,f,f,f,f,f
hype,hype:1784928600000,1784928600000,1784929500000,2026-07-24T21:30:00Z,DOWN,NO,,57.067,official-venue-resolution,f,f,f,f,f
sol,sol:1784928600000,1784928600000,1784929500000,2026-07-24T21:30:00Z,UP,YES,,73.6912,official-venue-resolution,f,f,f,f,f
xrp,xrp:1784928600000,1784928600000,1784929500000,2026-07-24T21:30:00Z,DOWN,YES,,1.0899,official-venue-resolution,t,t,f,f,f
bnb,bnb:1784929500000,1784929500000,1784930400000,2026-07-24T21:45:00Z,DOWN,NO,,563.5,official-venue-resolution,f,f,f,f,f
btc,btc:1784929500000,1784929500000,1784930400000,2026-07-24T21:45:00Z,DOWN,NO,,64077.36,official-venue-resolution,f,f,f,f,f
doge,doge:1784929500000,1784929500000,1784930400000,2026-07-24T21:45:00Z,DOWN,NO,,0.0688317,official-venue-resolution,f,f,f,f,f
eth,eth:1784929500000,1784929500000,1784930400000,2026-07-24T21:45:00Z,DOWN,NO,,1855.89,official-venue-resolution,f,f,f,f,f
hype,hype:1784929500000,1784929500000,1784930400000,2026-07-24T21:45:00Z,DOWN,NO,,56.6806,official-venue-resolution,f,f,f,f,f
sol,sol:1784929500000,1784929500000,1784930400000,2026-07-24T21:45:00Z,DOWN,NO,,73.5897,official-venue-resolution,f,f,f,f,f
xrp,xrp:1784929500000,1784929500000,1784930400000,2026-07-24T21:45:00Z,DOWN,NO,,1.0877,official-venue-resolution,f,f,f,f,f
bnb,bnb:1784930400000,1784930400000,1784931300000,2026-07-24T22:00:00Z,UP,YES,,564.04,official-venue-resolution,f,f,f,f,f
btc,btc:1784930400000,1784930400000,1784931300000,2026-07-24T22:00:00Z,UP,YES,,64088,official-venue-resolution,f,f,f,f,f
doge,doge:1784930400000,1784930400000,1784931300000,2026-07-24T22:00:00Z,UP,YES,,0.0690643,official-venue-resolution,f,f,f,f,f
eth,eth:1784930400000,1784930400000,1784931300000,2026-07-24T22:00:00Z,UP,YES,,1857.57,official-venue-resolution,f,f,f,f,f
hype,hype:1784930400000,1784930400000,1784931300000,2026-07-24T22:00:00Z,UP,YES,,56.9808,official-venue-resolution,f,f,f,f,f
sol,sol:1784930400000,1784930400000,1784931300000,2026-07-24T22:00:00Z,UP,YES,,73.722,official-venue-resolution,f,f,f,f,f
xrp,xrp:1784930400000,1784930400000,1784931300000,2026-07-24T22:00:00Z,UP,YES,,1.0892,official-venue-resolution,f,f,f,f,f
bnb,bnb:1784931300000,1784931300000,1784932200000,2026-07-24T22:15:00Z,UP,YES,,564.4,official-venue-resolution,f,f,f,f,f
btc,btc:1784931300000,1784931300000,1784932200000,2026-07-24T22:15:00Z,UP,YES,,64107.84,official-venue-resolution,f,f,f,f,f
doge,doge:1784931300000,1784931300000,1784932200000,2026-07-24T22:15:00Z,UP,YES,,0.0691534,official-venue-resolution,f,f,f,f,f
eth,eth:1784931300000,1784931300000,1784932200000,2026-07-24T22:15:00Z,UP,YES,,1857.78,official-venue-resolution,f,f,f,f,f
hype,hype:1784931300000,1784931300000,1784932200000,2026-07-24T22:15:00Z,UP,YES,,57.123,official-venue-resolution,f,f,f,f,f
sol,sol:1784931300000,1784931300000,1784932200000,2026-07-24T22:15:00Z,UP,YES,,73.7957,official-venue-resolution,f,f,f,f,f
xrp,xrp:1784931300000,1784931300000,1784932200000,2026-07-24T22:15:00Z,UP,YES,,1.0904,official-venue-resolution,f,f,f,f,f
bnb,bnb:1784932200000,1784932200000,1784933100000,2026-07-24T22:30:00Z,UP,YES,,564.69,official-venue-resolution,f,f,f,f,f
btc,btc:1784932200000,1784932200000,1784933100000,2026-07-24T22:30:00Z,UP,YES,,64140.7,official-venue-resolution,f,f,f,f,f
doge,doge:1784932200000,1784932200000,1784933100000,2026-07-24T22:30:00Z,UP,YES,,0.0692593,official-venue-resolution,f,f,f,f,f
eth,eth:1784932200000,1784932200000,1784933100000,2026-07-24T22:30:00Z,UP,YES,,1859.75,official-venue-resolution,f,f,f,f,f
hype,hype:1784932200000,1784932200000,1784933100000,2026-07-24T22:30:00Z,UP,YES,,57.2588,official-venue-resolution,f,f,f,f,f
sol,sol:1784932200000,1784932200000,1784933100000,2026-07-24T22:30:00Z,UP,YES,,73.8973,official-venue-resolution,f,f,f,f,f
xrp,xrp:1784932200000,1784932200000,1784933100000,2026-07-24T22:30:00Z,UP,YES,,1.0917,official-venue-resolution,f,f,f,f,f
bnb,bnb:1784933100000,1784933100000,1784934000000,2026-07-24T22:45:00Z,DOWN,NO,,564.61,official-venue-resolution,f,f,f,f,f
btc,btc:1784933100000,1784933100000,1784934000000,2026-07-24T22:45:00Z,DOWN,NO,,64106.87,official-venue-resolution,f,f,f,f,f
doge,doge:1784933100000,1784933100000,1784934000000,2026-07-24T22:45:00Z,UP,YES,,0.0694022,official-venue-resolution,f,f,f,f,f
eth,eth:1784933100000,1784933100000,1784934000000,2026-07-24T22:45:00Z,DOWN,NO,,1858.31,official-venue-resolution,f,f,f,f,f
hype,hype:1784933100000,1784933100000,1784934000000,2026-07-24T22:45:00Z,DOWN,NO,,57.2045,official-venue-resolution,f,f,f,f,f
sol,sol:1784933100000,1784933100000,1784934000000,2026-07-24T22:45:00Z,DOWN,NO,,73.8785,official-venue-resolution,f,f,f,f,f
xrp,xrp:1784933100000,1784933100000,1784934000000,2026-07-24T22:45:00Z,DOWN,NO,,1.0913,official-venue-resolution,f,f,f,f,f
bnb,bnb:1784934000000,1784934000000,1784934900000,2026-07-24T23:00:00Z,UP,YES,,564.65,official-venue-resolution,f,f,f,f,f
btc,btc:1784934000000,1784934000000,1784934900000,2026-07-24T23:00:00Z,DOWN,NO,,64105.08,official-venue-resolution,f,f,f,f,f
doge,doge:1784934000000,1784934000000,1784934900000,2026-07-24T23:00:00Z,DOWN,NO,,0.0693446,official-venue-resolution,f,f,f,f,f
eth,eth:1784934000000,1784934000000,1784934900000,2026-07-24T23:00:00Z,UP,YES,,1858.67,official-venue-resolution,f,f,f,f,f
hype,hype:1784934000000,1784934000000,1784934900000,2026-07-24T23:00:00Z,UP,YES,,57.3694,official-venue-resolution,f,f,f,f,f
sol,sol:1784934000000,1784934000000,1784934900000,2026-07-24T23:00:00Z,DOWN,NO,,73.8602,official-venue-resolution,f,f,f,f,f
xrp,xrp:1784934000000,1784934000000,1784934900000,2026-07-24T23:00:00Z,DOWN,YES,,1.0913,official-venue-resolution,t,t,f,f,f
bnb,bnb:1784934900000,1784934900000,1784935800000,2026-07-24T23:15:00Z,UP,NO,,564.61,official-venue-resolution,t,f,t,f,f
btc,btc:1784934900000,1784934900000,1784935800000,2026-07-24T23:15:00Z,UP,YES,,64112.47,official-venue-resolution,f,f,f,f,f
doge,doge:1784934900000,1784934900000,1784935800000,2026-07-24T23:15:00Z,UP,YES,,0.0694572,official-venue-resolution,f,f,f,f,f
eth,eth:1784934900000,1784934900000,1784935800000,2026-07-24T23:15:00Z,UP,YES,,1859.54,official-venue-resolution,f,f,f,f,f
hype,hype:1784934900000,1784934900000,1784935800000,2026-07-24T23:15:00Z,UP,YES,,57.456,official-venue-resolution,f,f,f,f,f
sol,sol:1784934900000,1784934900000,1784935800000,2026-07-24T23:15:00Z,UP,NO,,73.831,official-venue-resolution,t,f,t,f,f
xrp,xrp:1784934900000,1784934900000,1784935800000,2026-07-24T23:15:00Z,DOWN,NO,,1.0905,official-venue-resolution,f,f,f,f,f
bnb,bnb:1784935800000,1784935800000,1784936700000,2026-07-24T23:30:00Z,DOWN,NO,,564.28,official-venue-resolution,f,f,f,f,f
btc,btc:1784935800000,1784935800000,1784936700000,2026-07-24T23:30:00Z,UP,YES,,64115.86,official-venue-resolution,f,f,f,f,f
doge,doge:1784935800000,1784935800000,1784936700000,2026-07-24T23:30:00Z,UP,YES,,0.0695169,official-venue-resolution,f,f,f,f,f
eth,eth:1784935800000,1784935800000,1784936700000,2026-07-24T23:30:00Z,UP,YES,,1859.85,official-venue-resolution,f,f,f,f,f
hype,hype:1784935800000,1784935800000,1784936700000,2026-07-24T23:30:00Z,UP,YES,,57.5432,official-venue-resolution,f,f,f,f,f
sol,sol:1784935800000,1784935800000,1784936700000,2026-07-24T23:30:00Z,UP,YES,,73.8932,official-venue-resolution,f,f,f,f,f
xrp,xrp:1784935800000,1784935800000,1784936700000,2026-07-24T23:30:00Z,DOWN,YES,,1.0913,official-venue-resolution,t,t,f,f,f
bnb,bnb:1784936700000,1784936700000,1784937600000,2026-07-24T23:45:00Z,UP,YES,,564.62,official-venue-resolution,f,f,f,f,f
btc,btc:1784936700000,1784936700000,1784937600000,2026-07-24T23:45:00Z,DOWN,NO,,64095.68,official-venue-resolution,f,f,f,f,f
doge,doge:1784936700000,1784936700000,1784937600000,2026-07-24T23:45:00Z,UP,NO,,0.0695028,official-venue-resolution,t,f,t,f,f
eth,eth:1784936700000,1784936700000,1784937600000,2026-07-24T23:45:00Z,UP,YES,,1860.41,official-venue-resolution,f,f,f,f,f
hype,hype:1784936700000,1784936700000,1784937600000,2026-07-24T23:45:00Z,DOWN,NO,,57.45,official-venue-resolution,f,f,f,f,f
sol,sol:1784936700000,1784936700000,1784937600000,2026-07-24T23:45:00Z,UP,YES,,73.9,official-venue-resolution,f,f,f,f,f
xrp,xrp:1784936700000,1784936700000,1784937600000,2026-07-24T23:45:00Z,UP,NO,,1.0911,official-venue-resolution,t,f,t,f,f
bnb,bnb:1784937600000,1784937600000,1784938500000,2026-07-25T00:00:00Z,DOWN,NO,,564.36,official-venue-resolution,f,f,f,f,f
btc,btc:1784937600000,1784937600000,1784938500000,2026-07-25T00:00:00Z,DOWN,NO,,64090.76,official-venue-resolution,f,f,f,f,f
doge,doge:1784937600000,1784937600000,1784938500000,2026-07-25T00:00:00Z,UP,YES,,0.0695709,official-venue-resolution,f,f,f,f,f
eth,eth:1784937600000,1784937600000,1784938500000,2026-07-25T00:00:00Z,UP,YES,,1861.32,official-venue-resolution,f,f,f,f,f
hype,hype:1784937600000,1784937600000,1784938500000,2026-07-25T00:00:00Z,UP,YES,,57.4737,official-venue-resolution,f,f,f,f,f
sol,sol:1784937600000,1784937600000,1784938500000,2026-07-25T00:00:00Z,UP,YES,,73.9455,official-venue-resolution,f,f,f,f,f
xrp,xrp:1784937600000,1784937600000,1784938500000,2026-07-25T00:00:00Z,UP,YES,,1.0915,official-venue-resolution,f,f,f,f,f
bnb,bnb:1784938500000,1784938500000,1784939400000,2026-07-25T00:15:00Z,UP,YES,,564.75,official-venue-resolution,f,f,f,f,f
btc,btc:1784938500000,1784938500000,1784939400000,2026-07-25T00:15:00Z,UP,YES,,64105.11,official-venue-resolution,f,f,f,f,f
doge,doge:1784938500000,1784938500000,1784939400000,2026-07-25T00:15:00Z,UP,YES,,0.0696035,official-venue-resolution,f,f,f,f,f
eth,eth:1784938500000,1784938500000,1784939400000,2026-07-25T00:15:00Z,UP,YES,,1862.38,official-venue-resolution,f,f,f,f,f
hype,hype:1784938500000,1784938500000,1784939400000,2026-07-25T00:15:00Z,DOWN,NO,,57.4572,official-venue-resolution,f,f,f,f,f
sol,sol:1784938500000,1784938500000,1784939400000,2026-07-25T00:15:00Z,UP,YES,,73.987,official-venue-resolution,f,f,f,f,f
xrp,xrp:1784938500000,1784938500000,1784939400000,2026-07-25T00:15:00Z,UP,YES,,1.0924,official-venue-resolution,f,f,f,f,f
bnb,bnb:1784939400000,1784939400000,1784940300000,2026-07-25T00:30:00Z,DOWN,NO,,564.63,official-venue-resolution,f,f,f,f,f
btc,btc:1784939400000,1784939400000,1784940300000,2026-07-25T00:30:00Z,DOWN,NO,,64051.54,official-venue-resolution,f,f,f,f,f
doge,doge:1784939400000,1784939400000,1784940300000,2026-07-25T00:30:00Z,DOWN,NO,,0.0694571,official-venue-resolution,f,f,f,f,f
eth,eth:1784939400000,1784939400000,1784940300000,2026-07-25T00:30:00Z,DOWN,NO,,1859.6,official-venue-resolution,f,f,f,f,f
hype,hype:1784939400000,1784939400000,1784940300000,2026-07-25T00:30:00Z,DOWN,NO,,57.3328,official-venue-resolution,f,f,f,f,f
sol,sol:1784939400000,1784939400000,1784940300000,2026-07-25T00:30:00Z,DOWN,YES,,73.9897,official-venue-resolution,t,t,f,f,f
xrp,xrp:1784939400000,1784939400000,1784940300000,2026-07-25T00:30:00Z,DOWN,NO,,1.0917,official-venue-resolution,f,f,f,f,f
bnb,bnb:1784940300000,1784940300000,1784941200000,2026-07-25T00:45:00Z,DOWN,YES,,564.75,official-venue-resolution,t,t,f,f,f
btc,btc:1784940300000,1784940300000,1784941200000,2026-07-25T00:45:00Z,DOWN,NO,,64008.72,official-venue-resolution,f,f,f,f,f
doge,doge:1784940300000,1784940300000,1784941200000,2026-07-25T00:45:00Z,UP,YES,,0.0695824,official-venue-resolution,f,f,f,f,f
eth,eth:1784940300000,1784940300000,1784941200000,2026-07-25T00:45:00Z,DOWN,NO,,1858.83,official-venue-resolution,f,f,f,f,f
hype,hype:1784940300000,1784940300000,1784941200000,2026-07-25T00:45:00Z,UP,YES,,57.3835,official-venue-resolution,f,f,f,f,f
sol,sol:1784940300000,1784940300000,1784941200000,2026-07-25T00:45:00Z,UP,YES,,74.063,official-venue-resolution,f,f,f,f,f
xrp,xrp:1784940300000,1784940300000,1784941200000,2026-07-25T00:45:00Z,UP,YES,,1.0928,official-venue-resolution,f,f,f,f,f
bnb,bnb:1784941200000,1784941200000,1784942100000,2026-07-25T01:00:00Z,DOWN,NO,,564.62,official-venue-resolution,f,f,f,f,f
btc,btc:1784941200000,1784941200000,1784942100000,2026-07-25T01:00:00Z,DOWN,NO,,63964.7,official-venue-resolution,f,f,f,f,f
doge,doge:1784941200000,1784941200000,1784942100000,2026-07-25T01:00:00Z,DOWN,NO,,0.0694903,official-venue-resolution,f,f,f,f,f
eth,eth:1784941200000,1784941200000,1784942100000,2026-07-25T01:00:00Z,DOWN,NO,,1857.85,official-venue-resolution,f,f,f,f,f
hype,hype:1784941200000,1784941200000,1784942100000,2026-07-25T01:00:00Z,UP,YES,,57.3881,official-venue-resolution,f,f,f,f,f
sol,sol:1784941200000,1784941200000,1784942100000,2026-07-25T01:00:00Z,DOWN,NO,,74.0295,official-venue-resolution,f,f,f,f,f
xrp,xrp:1784941200000,1784941200000,1784942100000,2026-07-25T01:00:00Z,DOWN,YES,,1.0928,official-venue-resolution,t,t,f,f,f
bnb,bnb:1784942100000,1784942100000,1784943000000,2026-07-25T01:15:00Z,DOWN,NO,,564.29,official-venue-resolution,f,f,f,f,f
btc,btc:1784942100000,1784942100000,1784943000000,2026-07-25T01:15:00Z,UP,YES,,64003.97,official-venue-resolution,f,f,f,f,f
doge,doge:1784942100000,1784942100000,1784943000000,2026-07-25T01:15:00Z,DOWN,NO,,0.0694473,official-venue-resolution,f,f,f,f,f
eth,eth:1784942100000,1784942100000,1784943000000,2026-07-25T01:15:00Z,UP,YES,,1858.74,official-venue-resolution,f,f,f,f,f
hype,hype:1784942100000,1784942100000,1784943000000,2026-07-25T01:15:00Z,DOWN,NO,,57.208,official-venue-resolution,f,f,f,f,f
sol,sol:1784942100000,1784942100000,1784943000000,2026-07-25T01:15:00Z,DOWN,NO,,74.0012,official-venue-resolution,f,f,f,f,f
xrp,xrp:1784942100000,1784942100000,1784943000000,2026-07-25T01:15:00Z,DOWN,NO,,1.0922,official-venue-resolution,f,f,f,f,f
bnb,bnb:1784943000000,1784943000000,1784943900000,2026-07-25T01:30:00Z,UP,YES,,564.86,official-venue-resolution,f,f,f,f,f
btc,btc:1784943000000,1784943000000,1784943900000,2026-07-25T01:30:00Z,UP,YES,,64060.64,official-venue-resolution,f,f,f,f,f
doge,doge:1784943000000,1784943000000,1784943900000,2026-07-25T01:30:00Z,UP,YES,,0.0695058,official-venue-resolution,f,f,f,f,f
eth,eth:1784943000000,1784943000000,1784943900000,2026-07-25T01:30:00Z,UP,YES,,1860.07,official-venue-resolution,f,f,f,f,f
hype,hype:1784943000000,1784943000000,1784943900000,2026-07-25T01:30:00Z,UP,YES,,57.5191,official-venue-resolution,f,f,f,f,f
sol,sol:1784943000000,1784943000000,1784943900000,2026-07-25T01:30:00Z,UP,YES,,74.0917,official-venue-resolution,f,f,f,f,f
xrp,xrp:1784943000000,1784943000000,1784943900000,2026-07-25T01:30:00Z,UP,YES,,1.0926,official-venue-resolution,f,f,f,f,f
bnb,bnb:1784943900000,1784943900000,1784944800000,2026-07-25T01:45:00Z,UP,NO,,564.77,official-venue-resolution,t,f,t,f,f
btc,btc:1784943900000,1784943900000,1784944800000,2026-07-25T01:45:00Z,DOWN,NO,,64009.13,official-venue-resolution,f,f,f,f,f
doge,doge:1784943900000,1784943900000,1784944800000,2026-07-25T01:45:00Z,DOWN,NO,,0.0694912,official-venue-resolution,f,f,f,f,f
eth,eth:1784943900000,1784943900000,1784944800000,2026-07-25T01:45:00Z,DOWN,NO,,1858.42,official-venue-resolution,f,f,f,f,f
hype,hype:1784943900000,1784943900000,1784944800000,2026-07-25T01:45:00Z,DOWN,NO,,57.4445,official-venue-resolution,f,f,f,f,f
sol,sol:1784943900000,1784943900000,1784944800000,2026-07-25T01:45:00Z,DOWN,NO,,74.0695,official-venue-resolution,f,f,f,f,f
xrp,xrp:1784943900000,1784943900000,1784944800000,2026-07-25T01:45:00Z,DOWN,NO,,1.092,official-venue-resolution,f,f,f,f,f
bnb,bnb:1784944800000,1784944800000,1784945700000,2026-07-25T02:00:00Z,DOWN,YES,,564.81,official-venue-resolution,t,t,f,f,f
btc,btc:1784944800000,1784944800000,1784945700000,2026-07-25T02:00:00Z,UP,YES,,64012.96,official-venue-resolution,f,f,f,f,f
doge,doge:1784944800000,1784944800000,1784945700000,2026-07-25T02:00:00Z,UP,YES,,0.0695595,official-venue-resolution,f,f,f,f,f
eth,eth:1784944800000,1784944800000,1784945700000,2026-07-25T02:00:00Z,UP,YES,,1858.71,official-venue-resolution,f,f,f,f,f
hype,hype:1784944800000,1784944800000,1784945700000,2026-07-25T02:00:00Z,DOWN,NO,,57.3355,official-venue-resolution,f,f,f,f,f
sol,sol:1784944800000,1784944800000,1784945700000,2026-07-25T02:00:00Z,DOWN,NO,,74.0658,official-venue-resolution,f,f,f,f,f
xrp,xrp:1784944800000,1784944800000,1784945700000,2026-07-25T02:00:00Z,DOWN,NO,,1.0917,official-venue-resolution,f,f,f,f,f
bnb,bnb:1784945700000,1784945700000,1784946600000,2026-07-25T02:15:00Z,UP,YES,,565.19,official-venue-resolution,f,f,f,f,f
btc,btc:1784945700000,1784945700000,1784946600000,2026-07-25T02:15:00Z,DOWN,NO,,63995.82,official-venue-resolution,f,f,f,f,f
doge,doge:1784945700000,1784945700000,1784946600000,2026-07-25T02:15:00Z,UP,YES,,0.069622,official-venue-resolution,f,f,f,f,f
eth,eth:1784945700000,1784945700000,1784946600000,2026-07-25T02:15:00Z,UP,YES,,1859.14,official-venue-resolution,f,f,f,f,f
hype,hype:1784945700000,1784945700000,1784946600000,2026-07-25T02:15:00Z,UP,YES,,57.4506,official-venue-resolution,f,f,f,f,f
sol,sol:1784945700000,1784945700000,1784946600000,2026-07-25T02:15:00Z,UP,YES,,74.115,official-venue-resolution,f,f,f,f,f
xrp,xrp:1784945700000,1784945700000,1784946600000,2026-07-25T02:15:00Z,UP,YES,,1.093,official-venue-resolution,f,f,f,f,f
bnb,bnb:1784946600000,1784946600000,1784947500000,2026-07-25T02:30:00Z,UP,YES,,565.68,official-venue-resolution,f,f,f,f,f
btc,btc:1784946600000,1784946600000,1784947500000,2026-07-25T02:30:00Z,DOWN,NO,,63993.35,official-venue-resolution,f,f,f,f,f
doge,doge:1784946600000,1784946600000,1784947500000,2026-07-25T02:30:00Z,DOWN,NO,,0.0695951,official-venue-resolution,f,f,f,f,f
eth,eth:1784946600000,1784946600000,1784947500000,2026-07-25T02:30:00Z,DOWN,YES,,1859.16,official-venue-resolution,t,t,f,f,f
hype,hype:1784946600000,1784946600000,1784947500000,2026-07-25T02:30:00Z,DOWN,NO,,57.4264,official-venue-resolution,f,f,f,f,f
sol,sol:1784946600000,1784946600000,1784947500000,2026-07-25T02:30:00Z,DOWN,NO,,74.1028,official-venue-resolution,f,f,f,f,f
xrp,xrp:1784946600000,1784946600000,1784947500000,2026-07-25T02:30:00Z,DOWN,NO,,1.0928,official-venue-resolution,f,f,f,f,f
bnb,bnb:1784947500000,1784947500000,1784948400000,2026-07-25T02:45:00Z,UP,YES,,565.73,official-venue-resolution,f,f,f,f,f
btc,btc:1784947500000,1784947500000,1784948400000,2026-07-25T02:45:00Z,DOWN,NO,,63968.14,official-venue-resolution,f,f,f,f,f
doge,doge:1784947500000,1784947500000,1784948400000,2026-07-25T02:45:00Z,UP,NO,,0.0695645,official-venue-resolution,t,f,t,f,f
eth,eth:1784947500000,1784947500000,1784948400000,2026-07-25T02:45:00Z,DOWN,NO,,1857.44,official-venue-resolution,f,f,f,f,f
hype,hype:1784947500000,1784947500000,1784948400000,2026-07-25T02:45:00Z,DOWN,NO,,57.2301,official-venue-resolution,f,f,f,f,f
sol,sol:1784947500000,1784947500000,1784948400000,2026-07-25T02:45:00Z,DOWN,NO,,74.0472,official-venue-resolution,f,f,f,f,f
xrp,xrp:1784947500000,1784947500000,1784948400000,2026-07-25T02:45:00Z,UP,NO,,1.0923,official-venue-resolution,t,f,t,f,f
bnb,bnb:1784948400000,1784948400000,1784949300000,2026-07-25T03:00:00Z,DOWN,NO,,565.56,official-venue-resolution,f,f,f,f,f
btc,btc:1784948400000,1784948400000,1784949300000,2026-07-25T03:00:00Z,DOWN,YES,,64010.31,official-venue-resolution,t,t,f,f,f
doge,doge:1784948400000,1784948400000,1784949300000,2026-07-25T03:00:00Z,DOWN,YES,,0.0696393,official-venue-resolution,t,t,f,f,f
eth,eth:1784948400000,1784948400000,1784949300000,2026-07-25T03:00:00Z,UP,YES,,1858.58,official-venue-resolution,f,f,f,f,f
hype,hype:1784948400000,1784948400000,1784949300000,2026-07-25T03:00:00Z,UP,YES,,57.4444,official-venue-resolution,f,f,f,f,f
sol,sol:1784948400000,1784948400000,1784949300000,2026-07-25T03:00:00Z,UP,YES,,74.1378,official-venue-resolution,f,f,f,f,f
xrp,xrp:1784948400000,1784948400000,1784949300000,2026-07-25T03:00:00Z,UP,YES,,1.0932,official-venue-resolution,f,f,f,f,f
bnb,bnb:1784949300000,1784949300000,1784950200000,2026-07-25T03:15:00Z,DOWN,NO,,565.09,official-venue-resolution,f,f,f,f,f
btc,btc:1784949300000,1784949300000,1784950200000,2026-07-25T03:15:00Z,UP,YES,,64018.68,official-venue-resolution,f,f,f,f,f
doge,doge:1784949300000,1784949300000,1784950200000,2026-07-25T03:15:00Z,UP,NO,,0.0696171,official-venue-resolution,t,f,t,f,f
eth,eth:1784949300000,1784949300000,1784950200000,2026-07-25T03:15:00Z,DOWN,NO,,1857.92,official-venue-resolution,f,f,f,f,f
hype,hype:1784949300000,1784949300000,1784950200000,2026-07-25T03:15:00Z,UP,YES,,57.4579,official-venue-resolution,f,f,f,f,f
sol,sol:1784949300000,1784949300000,1784950200000,2026-07-25T03:15:00Z,UP,YES,,74.1883,official-venue-resolution,f,f,f,f,f
xrp,xrp:1784949300000,1784949300000,1784950200000,2026-07-25T03:15:00Z,DOWN,NO,,1.0926,official-venue-resolution,f,f,f,f,f
bnb,bnb:1784950200000,1784950200000,1784951100000,2026-07-25T03:30:00Z,UP,YES,,565.36,official-venue-resolution,f,f,f,f,f
btc,btc:1784950200000,1784950200000,1784951100000,2026-07-25T03:30:00Z,UP,YES,,64031.46,official-venue-resolution,f,f,f,f,f
doge,doge:1784950200000,1784950200000,1784951100000,2026-07-25T03:30:00Z,UP,NO,,0.069607,official-venue-resolution,t,f,t,f,f
eth,eth:1784950200000,1784950200000,1784951100000,2026-07-25T03:30:00Z,UP,YES,,1857.97,official-venue-resolution,f,f,f,f,f
hype,hype:1784950200000,1784950200000,1784951100000,2026-07-25T03:30:00Z,DOWN,YES,,57.4585,official-venue-resolution,t,t,f,f,f
sol,sol:1784950200000,1784950200000,1784951100000,2026-07-25T03:30:00Z,DOWN,NO,,74.1457,official-venue-resolution,f,f,f,f,f
xrp,xrp:1784950200000,1784950200000,1784951100000,2026-07-25T03:30:00Z,UP,NO,,1.0922,official-venue-resolution,t,f,t,f,f
bnb,bnb:1784951100000,1784951100000,1784952000000,2026-07-25T03:45:00Z,DOWN,NO,,565.3,official-venue-resolution,f,f,f,f,f
btc,btc:1784951100000,1784951100000,1784952000000,2026-07-25T03:45:00Z,DOWN,NO,,64026.58,official-venue-resolution,f,f,f,f,f
doge,doge:1784951100000,1784951100000,1784952000000,2026-07-25T03:45:00Z,DOWN,YES,,0.0696099,official-venue-resolution,t,t,f,f,f
eth,eth:1784951100000,1784951100000,1784952000000,2026-07-25T03:45:00Z,DOWN,NO,,1857.5,official-venue-resolution,f,f,f,f,f
hype,hype:1784951100000,1784951100000,1784952000000,2026-07-25T03:45:00Z,DOWN,NO,,57.4377,official-venue-resolution,f,f,f,f,f
sol,sol:1784951100000,1784951100000,1784952000000,2026-07-25T03:45:00Z,DOWN,NO,,74.0845,official-venue-resolution,f,f,f,f,f
xrp,xrp:1784951100000,1784951100000,1784952000000,2026-07-25T03:45:00Z,DOWN,NO,,1.0912,official-venue-resolution,f,f,f,f,f
bnb,bnb:1784952000000,1784952000000,1784952900000,2026-07-25T04:00:00Z,DOWN,NO,,565.19,official-venue-resolution,f,f,f,f,f
btc,btc:1784952000000,1784952000000,1784952900000,2026-07-25T04:00:00Z,UP,YES,,64064.07,official-venue-resolution,f,f,f,f,f
doge,doge:1784952000000,1784952000000,1784952900000,2026-07-25T04:00:00Z,UP,YES,,0.0697107,official-venue-resolution,f,f,f,f,f
eth,eth:1784952000000,1784952000000,1784952900000,2026-07-25T04:00:00Z,UP,YES,,1859.27,official-venue-resolution,f,f,f,f,f
hype,hype:1784952000000,1784952000000,1784952900000,2026-07-25T04:00:00Z,DOWN,NO,,57.4235,official-venue-resolution,f,f,f,f,f
sol,sol:1784952000000,1784952000000,1784952900000,2026-07-25T04:00:00Z,UP,YES,,74.2242,official-venue-resolution,f,f,f,f,f
xrp,xrp:1784952000000,1784952000000,1784952900000,2026-07-25T04:00:00Z,UP,NO,,1.0911,official-venue-resolution,t,f,t,f,f
bnb,bnb:1784952900000,1784952900000,1784953800000,2026-07-25T04:15:00Z,DOWN,NO,,565.13,official-venue-resolution,f,f,f,f,f
btc,btc:1784952900000,1784952900000,1784953800000,2026-07-25T04:15:00Z,DOWN,NO,,64048.13,official-venue-resolution,f,f,f,f,f
doge,doge:1784952900000,1784952900000,1784953800000,2026-07-25T04:15:00Z,DOWN,NO,,0.0696364,official-venue-resolution,f,f,f,f,f
eth,eth:1784952900000,1784952900000,1784953800000,2026-07-25T04:15:00Z,DOWN,NO,,1858.48,official-venue-resolution,f,f,f,f,f
hype,hype:1784952900000,1784952900000,1784953800000,2026-07-25T04:15:00Z,DOWN,NO,,57.3713,official-venue-resolution,f,f,f,f,f
sol,sol:1784952900000,1784952900000,1784953800000,2026-07-25T04:15:00Z,UP,YES,,74.2302,official-venue-resolution,f,f,f,f,f
xrp,xrp:1784952900000,1784952900000,1784953800000,2026-07-25T04:15:00Z,UP,YES,,1.0917,official-venue-resolution,f,f,f,f,f
bnb,bnb:1784953800000,1784953800000,1784954700000,2026-07-25T04:30:00Z,UP,YES,,565.6,official-venue-resolution,f,f,f,f,f
btc,btc:1784953800000,1784953800000,1784954700000,2026-07-25T04:30:00Z,UP,YES,,64122.27,official-venue-resolution,f,f,f,f,f
doge,doge:1784953800000,1784953800000,1784954700000,2026-07-25T04:30:00Z,DOWN,NO,,0.0696207,official-venue-resolution,f,f,f,f,f
eth,eth:1784953800000,1784953800000,1784954700000,2026-07-25T04:30:00Z,UP,YES,,1860.15,official-venue-resolution,f,f,f,f,f
hype,hype:1784953800000,1784953800000,1784954700000,2026-07-25T04:30:00Z,UP,YES,,57.4377,official-venue-resolution,f,f,f,f,f
sol,sol:1784953800000,1784953800000,1784954700000,2026-07-25T04:30:00Z,DOWN,YES,,74.2603,official-venue-resolution,t,t,f,f,f
xrp,xrp:1784953800000,1784953800000,1784954700000,2026-07-25T04:30:00Z,UP,YES,,1.0931,official-venue-resolution,f,f,f,f,f
bnb,bnb:1784954700000,1784954700000,1784955600000,2026-07-25T04:45:00Z,DOWN,NO,,565.47,official-venue-resolution,f,f,f,f,f
btc,btc:1784954700000,1784954700000,1784955600000,2026-07-25T04:45:00Z,DOWN,NO,,64102.1,official-venue-resolution,f,f,f,f,f
doge,doge:1784954700000,1784954700000,1784955600000,2026-07-25T04:45:00Z,DOWN,NO,,0.0695585,official-venue-resolution,f,f,f,f,f
eth,eth:1784954700000,1784954700000,1784955600000,2026-07-25T04:45:00Z,DOWN,NO,,1859.66,official-venue-resolution,f,f,f,f,f
hype,hype:1784954700000,1784954700000,1784955600000,2026-07-25T04:45:00Z,UP,NO,,57.422,official-venue-resolution,t,f,t,f,f
sol,sol:1784954700000,1784954700000,1784955600000,2026-07-25T04:45:00Z,UP,NO,,74.2453,official-venue-resolution,t,f,t,f,f
xrp,xrp:1784954700000,1784954700000,1784955600000,2026-07-25T04:45:00Z,DOWN,NO,,1.0926,official-venue-resolution,f,f,f,f,f
bnb,bnb:1784955600000,1784955600000,1784956500000,2026-07-25T05:00:00Z,UP,YES,,565.58,official-venue-resolution,f,f,f,f,f
btc,btc:1784955600000,1784955600000,1784956500000,2026-07-25T05:00:00Z,DOWN,NO,,64093.6,official-venue-resolution,f,f,f,f,f
doge,doge:1784955600000,1784955600000,1784956500000,2026-07-25T05:00:00Z,DOWN,NO,,0.0694969,official-venue-resolution,f,f,f,f,f
eth,eth:1784955600000,1784955600000,1784956500000,2026-07-25T05:00:00Z,DOWN,NO,,1859.27,official-venue-resolution,f,f,f,f,f
hype,hype:1784955600000,1784955600000,1784956500000,2026-07-25T05:00:00Z,DOWN,NO,,57.3516,official-venue-resolution,f,f,f,f,f
sol,sol:1784955600000,1784955600000,1784956500000,2026-07-25T05:00:00Z,DOWN,NO,,74.178,official-venue-resolution,f,f,f,f,f
xrp,xrp:1784955600000,1784955600000,1784956500000,2026-07-25T05:00:00Z,DOWN,NO,,1.092,official-venue-resolution,f,f,f,f,f
bnb,bnb:1784956500000,1784956500000,1784957400000,2026-07-25T05:15:00Z,DOWN,NO,,565.51,official-venue-resolution,f,f,f,f,f
btc,btc:1784956500000,1784956500000,1784957400000,2026-07-25T05:15:00Z,DOWN,NO,,64086.52,official-venue-resolution,f,f,f,f,f
doge,doge:1784956500000,1784956500000,1784957400000,2026-07-25T05:15:00Z,DOWN,NO,,0.0694758,official-venue-resolution,f,f,f,f,f
eth,eth:1784956500000,1784956500000,1784957400000,2026-07-25T05:15:00Z,UP,YES,,1859.28,official-venue-resolution,f,f,f,f,f
hype,hype:1784956500000,1784956500000,1784957400000,2026-07-25T05:15:00Z,UP,YES,,57.3874,official-venue-resolution,f,f,f,f,f
sol,sol:1784956500000,1784956500000,1784957400000,2026-07-25T05:15:00Z,DOWN,NO,,74.1408,official-venue-resolution,f,f,f,f,f
xrp,xrp:1784956500000,1784956500000,1784957400000,2026-07-25T05:15:00Z,UP,NO,,1.0915,official-venue-resolution,t,f,t,f,f
bnb,bnb:1784957400000,1784957400000,1784958300000,2026-07-25T05:30:00Z,DOWN,NO,,564.83,official-venue-resolution,f,f,f,f,f
btc,btc:1784957400000,1784957400000,1784958300000,2026-07-25T05:30:00Z,DOWN,NO,,63981.1,official-venue-resolution,f,f,f,f,f
doge,doge:1784957400000,1784957400000,1784958300000,2026-07-25T05:30:00Z,DOWN,NO,,0.0692862,official-venue-resolution,f,f,f,f,f
eth,eth:1784957400000,1784957400000,1784958300000,2026-07-25T05:30:00Z,DOWN,NO,,1856.76,official-venue-resolution,f,f,f,f,f
hype,hype:1784957400000,1784957400000,1784958300000,2026-07-25T05:30:00Z,DOWN,NO,,57.2773,official-venue-resolution,f,f,f,f,f
sol,sol:1784957400000,1784957400000,1784958300000,2026-07-25T05:30:00Z,DOWN,NO,,73.997,official-venue-resolution,f,f,f,f,f
xrp,xrp:1784957400000,1784957400000,1784958300000,2026-07-25T05:30:00Z,DOWN,NO,,1.0903,official-venue-resolution,f,f,f,f,f
bnb,bnb:1784958300000,1784958300000,1784959200000,2026-07-25T05:45:00Z,DOWN,YES,,564.85,official-venue-resolution,t,t,f,f,f
btc,btc:1784958300000,1784958300000,1784959200000,2026-07-25T05:45:00Z,DOWN,NO,,63961.97,official-venue-resolution,f,f,f,f,f
doge,doge:1784958300000,1784958300000,1784959200000,2026-07-25T05:45:00Z,UP,YES,,0.0693185,official-venue-resolution,f,f,f,f,f
eth,eth:1784958300000,1784958300000,1784959200000,2026-07-25T05:45:00Z,UP,YES,,1857.18,official-venue-resolution,f,f,f,f,f
hype,hype:1784958300000,1784958300000,1784959200000,2026-07-25T05:45:00Z,DOWN,NO,,57.2513,official-venue-resolution,f,f,f,f,f
sol,sol:1784958300000,1784958300000,1784959200000,2026-07-25T05:45:00Z,DOWN,NO,,73.9183,official-venue-resolution,f,f,f,f,f
xrp,xrp:1784958300000,1784958300000,1784959200000,2026-07-25T05:45:00Z,UP,YES,,1.0905,official-venue-resolution,f,f,f,f,f
bnb,bnb:1784959200000,1784959200000,1784960100000,2026-07-25T06:00:00Z,UP,NO,,564.79,official-venue-resolution,t,f,t,f,f
btc,btc:1784959200000,1784959200000,1784960100000,2026-07-25T06:00:00Z,UP,YES,,63992.48,official-venue-resolution,f,f,f,f,f
doge,doge:1784959200000,1784959200000,1784960100000,2026-07-25T06:00:00Z,UP,YES,,0.0693527,official-venue-resolution,f,f,f,f,f
eth,eth:1784959200000,1784959200000,1784960100000,2026-07-25T06:00:00Z,UP,YES,,1857.84,official-venue-resolution,f,f,f,f,f
hype,hype:1784959200000,1784959200000,1784960100000,2026-07-25T06:00:00Z,DOWN,NO,,57.1987,official-venue-resolution,f,f,f,f,f
sol,sol:1784959200000,1784959200000,1784960100000,2026-07-25T06:00:00Z,UP,YES,,73.9442,official-venue-resolution,f,f,f,f,f
xrp,xrp:1784959200000,1784959200000,1784960100000,2026-07-25T06:00:00Z,UP,YES,,1.0911,official-venue-resolution,f,f,f,f,f
bnb,bnb:1784960100000,1784960100000,1784961000000,2026-07-25T06:15:00Z,DOWN,NO,,564.32,official-venue-resolution,f,f,f,f,f
btc,btc:1784960100000,1784960100000,1784961000000,2026-07-25T06:15:00Z,DOWN,NO,,63950.82,official-venue-resolution,f,f,f,f,f
doge,doge:1784960100000,1784960100000,1784961000000,2026-07-25T06:15:00Z,DOWN,NO,,0.0692597,official-venue-resolution,f,f,f,f,f
eth,eth:1784960100000,1784960100000,1784961000000,2026-07-25T06:15:00Z,DOWN,NO,,1855.44,official-venue-resolution,f,f,f,f,f
hype,hype:1784960100000,1784960100000,1784961000000,2026-07-25T06:15:00Z,UP,YES,,57.2221,official-venue-resolution,f,f,f,f,f
sol,sol:1784960100000,1784960100000,1784961000000,2026-07-25T06:15:00Z,DOWN,NO,,73.8255,official-venue-resolution,f,f,f,f,f
xrp,xrp:1784960100000,1784960100000,1784961000000,2026-07-25T06:15:00Z,DOWN,NO,,1.089,official-venue-resolution,f,f,f,f,f
bnb,bnb:1784961000000,1784961000000,1784961900000,2026-07-25T06:30:00Z,DOWN,NO,,564.27,official-venue-resolution,f,f,f,f,f
btc,btc:1784961000000,1784961000000,1784961900000,2026-07-25T06:30:00Z,DOWN,NO,,63935.02,official-venue-resolution,f,f,f,f,f
doge,doge:1784961000000,1784961000000,1784961900000,2026-07-25T06:30:00Z,UP,NO,,0.0692587,official-venue-resolution,t,f,t,f,f
eth,eth:1784961000000,1784961000000,1784961900000,2026-07-25T06:30:00Z,DOWN,NO,,1854.23,official-venue-resolution,f,f,f,f,f
hype,hype:1784961000000,1784961000000,1784961900000,2026-07-25T06:30:00Z,DOWN,NO,,57.1347,official-venue-resolution,f,f,f,f,f
sol,sol:1784961000000,1784961000000,1784961900000,2026-07-25T06:30:00Z,UP,NO,,73.8165,official-venue-resolution,t,f,t,f,f
xrp,xrp:1784961000000,1784961000000,1784961900000,2026-07-25T06:30:00Z,DOWN,NO,,1.0872,official-venue-resolution,f,f,f,f,f
bnb,bnb:1784961900000,1784961900000,1784962800000,2026-07-25T06:45:00Z,UP,YES,,564.75,official-venue-resolution,f,f,f,f,f
btc,btc:1784961900000,1784961900000,1784962800000,2026-07-25T06:45:00Z,UP,YES,,63947.84,official-venue-resolution,f,f,f,f,f
doge,doge:1784961900000,1784961900000,1784962800000,2026-07-25T06:45:00Z,UP,YES,,0.0693573,official-venue-resolution,f,f,f,f,f
eth,eth:1784961900000,1784961900000,1784962800000,2026-07-25T06:45:00Z,UP,YES,,1856.83,official-venue-resolution,f,f,f,f,f
hype,hype:1784961900000,1784961900000,1784962800000,2026-07-25T06:45:00Z,UP,YES,,57.2693,official-venue-resolution,f,f,f,f,f
sol,sol:1784961900000,1784961900000,1784962800000,2026-07-25T06:45:00Z,UP,YES,,73.9633,official-venue-resolution,f,f,f,f,f
xrp,xrp:1784961900000,1784961900000,1784962800000,2026-07-25T06:45:00Z,UP,YES,,1.0885,official-venue-resolution,f,f,f,f,f
bnb,bnb:1784962800000,1784962800000,1784963700000,2026-07-25T07:00:00Z,DOWN,NO,,564.47,official-venue-resolution,f,f,f,f,f
btc,btc:1784962800000,1784962800000,1784963700000,2026-07-25T07:00:00Z,UP,YES,,63956.3,official-venue-resolution,f,f,f,f,f
doge,doge:1784962800000,1784962800000,1784963700000,2026-07-25T07:00:00Z,UP,YES,,0.0693715,official-venue-resolution,f,f,f,f,f
eth,eth:1784962800000,1784962800000,1784963700000,2026-07-25T07:00:00Z,DOWN,NO,,1856.38,official-venue-resolution,f,f,f,f,f
hype,hype:1784962800000,1784962800000,1784963700000,2026-07-25T07:00:00Z,DOWN,NO,,57.2252,official-venue-resolution,f,f,f,f,f
sol,sol:1784962800000,1784962800000,1784963700000,2026-07-25T07:00:00Z,DOWN,NO,,73.9053,official-venue-resolution,f,f,f,f,f
xrp,xrp:1784962800000,1784962800000,1784963700000,2026-07-25T07:00:00Z,DOWN,NO,,1.0878,official-venue-resolution,f,f,f,f,f
bnb,bnb:1784963700000,1784963700000,1784964600000,2026-07-25T07:15:00Z,DOWN,NO,,564.35,official-venue-resolution,f,f,f,f,f
btc,btc:1784963700000,1784963700000,1784964600000,2026-07-25T07:15:00Z,UP,YES,,63965.45,official-venue-resolution,f,f,f,f,f
doge,doge:1784963700000,1784963700000,1784964600000,2026-07-25T07:15:00Z,DOWN,NO,,0.06935,official-venue-resolution,f,f,f,f,f
eth,eth:1784963700000,1784963700000,1784964600000,2026-07-25T07:15:00Z,DOWN,YES,,1856.5,official-venue-resolution,t,t,f,f,f
hype,hype:1784963700000,1784963700000,1784964600000,2026-07-25T07:15:00Z,UP,YES,,57.2786,official-venue-resolution,f,f,f,f,f
sol,sol:1784963700000,1784963700000,1784964600000,2026-07-25T07:15:00Z,DOWN,NO,,73.8465,official-venue-resolution,f,f,f,f,f
xrp,xrp:1784963700000,1784963700000,1784964600000,2026-07-25T07:15:00Z,DOWN,NO,,1.0873,official-venue-resolution,f,f,f,f,f
bnb,bnb:1784964600000,1784964600000,1784965500000,2026-07-25T07:30:00Z,DOWN,NO,,563.94,official-venue-resolution,f,f,f,f,f
btc,btc:1784964600000,1784964600000,1784965500000,2026-07-25T07:30:00Z,UP,YES,,63966.33,official-venue-resolution,f,f,f,f,f
doge,doge:1784964600000,1784964600000,1784965500000,2026-07-25T07:30:00Z,DOWN,NO,,0.0692563,official-venue-resolution,f,f,f,f,f
eth,eth:1784964600000,1784964600000,1784965500000,2026-07-25T07:30:00Z,DOWN,NO,,1855.58,official-venue-resolution,f,f,f,f,f
hype,hype:1784964600000,1784964600000,1784965500000,2026-07-25T07:30:00Z,UP,YES,,57.2826,official-venue-resolution,f,f,f,f,f
sol,sol:1784964600000,1784964600000,1784965500000,2026-07-25T07:30:00Z,DOWN,NO,,73.8038,official-venue-resolution,f,f,f,f,f
xrp,xrp:1784964600000,1784964600000,1784965500000,2026-07-25T07:30:00Z,UP,NO,,1.0871,official-venue-resolution,t,f,t,f,f
bnb,bnb:1784965500000,1784965500000,1784966400000,2026-07-25T07:45:00Z,UP,YES,,564.45,official-venue-resolution,f,f,f,f,f
btc,btc:1784965500000,1784965500000,1784966400000,2026-07-25T07:45:00Z,DOWN,YES,,63967.02,official-venue-resolution,t,t,f,f,f
doge,doge:1784965500000,1784965500000,1784966400000,2026-07-25T07:45:00Z,UP,YES,,0.069315,official-venue-resolution,f,f,f,f,f
eth,eth:1784965500000,1784965500000,1784966400000,2026-07-25T07:45:00Z,DOWN,NO,,1855.14,official-venue-resolution,f,f,f,f,f
hype,hype:1784965500000,1784965500000,1784966400000,2026-07-25T07:45:00Z,DOWN,NO,,57.1544,official-venue-resolution,f,f,f,f,f
sol,sol:1784965500000,1784965500000,1784966400000,2026-07-25T07:45:00Z,DOWN,NO,,73.7565,official-venue-resolution,f,f,f,f,f
xrp,xrp:1784965500000,1784965500000,1784966400000,2026-07-25T07:45:00Z,DOWN,YES,,1.0875,official-venue-resolution,t,t,f,f,f
bnb,bnb:1784966400000,1784966400000,1784967300000,2026-07-25T08:00:00Z,UP,YES,,564.48,official-venue-resolution,f,f,f,f,f
btc,btc:1784966400000,1784966400000,1784967300000,2026-07-25T08:00:00Z,DOWN,NO,,63899.91,official-venue-resolution,f,f,f,f,f
doge,doge:1784966400000,1784966400000,1784967300000,2026-07-25T08:00:00Z,DOWN,NO,,0.0692275,official-venue-resolution,f,f,f,f,f
eth,eth:1784966400000,1784966400000,1784967300000,2026-07-25T08:00:00Z,DOWN,NO,,1852.79,official-venue-resolution,f,f,f,f,f
hype,hype:1784966400000,1784966400000,1784967300000,2026-07-25T08:00:00Z,DOWN,NO,,57.0939,official-venue-resolution,f,f,f,f,f
sol,sol:1784966400000,1784966400000,1784967300000,2026-07-25T08:00:00Z,DOWN,NO,,73.6815,official-venue-resolution,f,f,f,f,f
xrp,xrp:1784966400000,1784966400000,1784967300000,2026-07-25T08:00:00Z,DOWN,NO,,1.0863,official-venue-resolution,f,f,f,f,f
bnb,bnb:1784967300000,1784967300000,1784968200000,2026-07-25T08:15:00Z,UP,YES,,564.9,official-venue-resolution,f,f,f,f,f
btc,btc:1784967300000,1784967300000,1784968200000,2026-07-25T08:15:00Z,UP,YES,,63937.74,official-venue-resolution,f,f,f,f,f
doge,doge:1784967300000,1784967300000,1784968200000,2026-07-25T08:15:00Z,UP,YES,,0.0693387,official-venue-resolution,f,f,f,f,f
eth,eth:1784967300000,1784967300000,1784968200000,2026-07-25T08:15:00Z,UP,YES,,1854.2,official-venue-resolution,f,f,f,f,f
hype,hype:1784967300000,1784967300000,1784968200000,2026-07-25T08:15:00Z,UP,YES,,57.2545,official-venue-resolution,f,f,f,f,f
sol,sol:1784967300000,1784967300000,1784968200000,2026-07-25T08:15:00Z,UP,YES,,73.7815,official-venue-resolution,f,f,f,f,f
xrp,xrp:1784967300000,1784967300000,1784968200000,2026-07-25T08:15:00Z,UP,YES,,1.0874,official-venue-resolution,f,f,f,f,f
bnb,bnb:1784968200000,1784968200000,1784969100000,2026-07-25T08:30:00Z,UP,YES,,564.99,official-venue-resolution,f,f,f,f,f
btc,btc:1784968200000,1784968200000,1784969100000,2026-07-25T08:30:00Z,DOWN,NO,,63900.49,official-venue-resolution,f,f,f,f,f
doge,doge:1784968200000,1784968200000,1784969100000,2026-07-25T08:30:00Z,UP,YES,,0.0694002,official-venue-resolution,f,f,f,f,f
eth,eth:1784968200000,1784968200000,1784969100000,2026-07-25T08:30:00Z,DOWN,NO,,1853.53,official-venue-resolution,f,f,f,f,f
hype,hype:1784968200000,1784968200000,1784969100000,2026-07-25T08:30:00Z,DOWN,NO,,57.1388,official-venue-resolution,f,f,f,f,f
sol,sol:1784968200000,1784968200000,1784969100000,2026-07-25T08:30:00Z,DOWN,NO,,73.7478,official-venue-resolution,f,f,f,f,f
xrp,xrp:1784968200000,1784968200000,1784969100000,2026-07-25T08:30:00Z,UP,YES,,1.0874,official-venue-resolution,f,f,f,f,f
bnb,bnb:1784969100000,1784969100000,1784970000000,2026-07-25T08:45:00Z,DOWN,NO,,564.41,official-venue-resolution,f,f,f,f,f
btc,btc:1784969100000,1784969100000,1784970000000,2026-07-25T08:45:00Z,DOWN,NO,,63806.86,official-venue-resolution,f,f,f,f,f
doge,doge:1784969100000,1784969100000,1784970000000,2026-07-25T08:45:00Z,DOWN,NO,,0.0693266,official-venue-resolution,f,f,f,f,f
eth,eth:1784969100000,1784969100000,1784970000000,2026-07-25T08:45:00Z,DOWN,NO,,1851.81,official-venue-resolution,f,f,f,f,f
hype,hype:1784969100000,1784969100000,1784970000000,2026-07-25T08:45:00Z,DOWN,NO,,57.0699,official-venue-resolution,f,f,f,f,f
sol,sol:1784969100000,1784969100000,1784970000000,2026-07-25T08:45:00Z,DOWN,NO,,73.715,official-venue-resolution,f,f,f,f,f
xrp,xrp:1784969100000,1784969100000,1784970000000,2026-07-25T08:45:00Z,DOWN,NO,,1.0858,official-venue-resolution,f,f,f,f,f
bnb,bnb:1784970000000,1784970000000,1784970900000,2026-07-25T09:00:00Z,UP,YES,,564.64,official-venue-resolution,f,f,f,f,f
btc,btc:1784970000000,1784970000000,1784970900000,2026-07-25T09:00:00Z,DOWN,YES,,63811.83,official-venue-resolution,t,t,f,f,f
doge,doge:1784970000000,1784970000000,1784970900000,2026-07-25T09:00:00Z,UP,YES,,0.0694244,official-venue-resolution,f,f,f,f,f
eth,eth:1784970000000,1784970000000,1784970900000,2026-07-25T09:00:00Z,UP,YES,,1852.35,official-venue-resolution,f,f,f,f,f
hype,hype:1784970000000,1784970000000,1784970900000,2026-07-25T09:00:00Z,UP,YES,,57.2123,official-venue-resolution,f,f,f,f,f
sol,sol:1784970000000,1784970000000,1784970900000,2026-07-25T09:00:00Z,UP,YES,,73.8113,official-venue-resolution,f,f,f,f,f
xrp,xrp:1784970000000,1784970000000,1784970900000,2026-07-25T09:00:00Z,UP,YES,,1.0868,official-venue-resolution,f,f,f,f,f
bnb,bnb:1784970900000,1784970900000,1784971800000,2026-07-25T09:15:00Z,UP,YES,,565.58,official-venue-resolution,f,f,f,f,f
btc,btc:1784970900000,1784970900000,1784971800000,2026-07-25T09:15:00Z,UP,YES,,63880.81,official-venue-resolution,f,f,f,f,f
doge,doge:1784970900000,1784970900000,1784971800000,2026-07-25T09:15:00Z,UP,YES,,0.0695195,official-venue-resolution,f,f,f,f,f
eth,eth:1784970900000,1784970900000,1784971800000,2026-07-25T09:15:00Z,UP,YES,,1854.06,official-venue-resolution,f,f,f,f,f
hype,hype:1784970900000,1784970900000,1784971800000,2026-07-25T09:15:00Z,DOWN,NO,,57.2011,official-venue-resolution,f,f,f,f,f
sol,sol:1784970900000,1784970900000,1784971800000,2026-07-25T09:15:00Z,UP,YES,,73.9282,official-venue-resolution,f,f,f,f,f
xrp,xrp:1784970900000,1784970900000,1784971800000,2026-07-25T09:15:00Z,UP,YES,,1.0883,official-venue-resolution,f,f,f,f,f
bnb,bnb:1784971800000,1784971800000,1784972700000,2026-07-25T09:30:00Z,DOWN,NO,,565.08,official-venue-resolution,f,f,f,f,f
btc,btc:1784971800000,1784971800000,1784972700000,2026-07-25T09:30:00Z,UP,NO,,63880.05,official-venue-resolution,t,f,t,f,f
doge,doge:1784971800000,1784971800000,1784972700000,2026-07-25T09:30:00Z,DOWN,NO,,0.0694804,official-venue-resolution,f,f,f,f,f
eth,eth:1784971800000,1784971800000,1784972700000,2026-07-25T09:30:00Z,UP,YES,,1854.54,official-venue-resolution,f,f,f,f,f
hype,hype:1784971800000,1784971800000,1784972700000,2026-07-25T09:30:00Z,UP,YES,,57.2353,official-venue-resolution,f,f,f,f,f
sol,sol:1784971800000,1784971800000,1784972700000,2026-07-25T09:30:00Z,DOWN,NO,,73.9027,official-venue-resolution,f,f,f,f,f
xrp,xrp:1784971800000,1784971800000,1784972700000,2026-07-25T09:30:00Z,DOWN,NO,,1.0879,official-venue-resolution,f,f,f,f,f
bnb,bnb:1784972700000,1784972700000,1784973600000,2026-07-25T09:45:00Z,UP,YES,,565.16,official-venue-resolution,f,f,f,f,f
btc,btc:1784972700000,1784972700000,1784973600000,2026-07-25T09:45:00Z,UP,YES,,63934.74,official-venue-resolution,f,f,f,f,f
doge,doge:1784972700000,1784972700000,1784973600000,2026-07-25T09:45:00Z,DOWN,NO,,0.0694405,official-venue-resolution,f,f,f,f,f
eth,eth:1784972700000,1784972700000,1784973600000,2026-07-25T09:45:00Z,UP,YES,,1855.94,official-venue-resolution,f,f,f,f,f
hype,hype:1784972700000,1784972700000,1784973600000,2026-07-25T09:45:00Z,UP,YES,,57.7558,official-venue-resolution,f,f,f,f,f
sol,sol:1784972700000,1784972700000,1784973600000,2026-07-25T09:45:00Z,UP,YES,,73.9307,official-venue-resolution,f,f,f,f,f
xrp,xrp:1784972700000,1784972700000,1784973600000,2026-07-25T09:45:00Z,DOWN,NO,,1.0877,official-venue-resolution,f,f,f,f,f
bnb,bnb:1784973600000,1784973600000,1784974500000,2026-07-25T10:00:00Z,UP,YES,,565.56,official-venue-resolution,f,f,f,f,f
btc,btc:1784973600000,1784973600000,1784974500000,2026-07-25T10:00:00Z,UP,YES,,63976.95,official-venue-resolution,f,f,f,f,f
doge,doge:1784973600000,1784973600000,1784974500000,2026-07-25T10:00:00Z,UP,YES,,0.0694694,official-venue-resolution,f,f,f,f,f
eth,eth:1784973600000,1784973600000,1784974500000,2026-07-25T10:00:00Z,UP,YES,,1856.9,official-venue-resolution,f,f,f,f,f
hype,hype:1784973600000,1784973600000,1784974500000,2026-07-25T10:00:00Z,DOWN,NO,,57.6759,official-venue-resolution,f,f,f,f,f
sol,sol:1784973600000,1784973600000,1784974500000,2026-07-25T10:00:00Z,UP,YES,,73.9502,official-venue-resolution,f,f,f,f,f
xrp,xrp:1784973600000,1784973600000,1784974500000,2026-07-25T10:00:00Z,UP,YES,,1.0893,official-venue-resolution,f,f,f,f,f
bnb,bnb:1784974500000,1784974500000,1784975400000,2026-07-25T10:15:00Z,DOWN,NO,,565.45,official-venue-resolution,f,f,f,f,f
btc,btc:1784974500000,1784974500000,1784975400000,2026-07-25T10:15:00Z,DOWN,NO,,63968.34,official-venue-resolution,f,f,f,f,f
doge,doge:1784974500000,1784974500000,1784975400000,2026-07-25T10:15:00Z,DOWN,NO,,0.0694257,official-venue-resolution,f,f,f,f,f
eth,eth:1784974500000,1784974500000,1784975400000,2026-07-25T10:15:00Z,DOWN,NO,,1856.19,official-venue-resolution,f,f,f,f,f
hype,hype:1784974500000,1784974500000,1784975400000,2026-07-25T10:15:00Z,DOWN,NO,,57.5764,official-venue-resolution,f,f,f,f,f
sol,sol:1784974500000,1784974500000,1784975400000,2026-07-25T10:15:00Z,DOWN,NO,,73.8975,official-venue-resolution,f,f,f,f,f
xrp,xrp:1784974500000,1784974500000,1784975400000,2026-07-25T10:15:00Z,DOWN,NO,,1.089,official-venue-resolution,f,f,f,f,f
bnb,bnb:1784975400000,1784975400000,1784976300000,2026-07-25T10:30:00Z,DOWN,NO,,565.21,official-venue-resolution,f,f,f,f,f
btc,btc:1784975400000,1784975400000,1784976300000,2026-07-25T10:30:00Z,DOWN,NO,,63960.46,official-venue-resolution,f,f,f,f,f
doge,doge:1784975400000,1784975400000,1784976300000,2026-07-25T10:30:00Z,DOWN,YES,,0.0694328,official-venue-resolution,t,t,f,f,f
eth,eth:1784975400000,1784975400000,1784976300000,2026-07-25T10:30:00Z,DOWN,NO,,1855.44,official-venue-resolution,f,f,f,f,f
hype,hype:1784975400000,1784975400000,1784976300000,2026-07-25T10:30:00Z,DOWN,NO,,57.4878,official-venue-resolution,f,f,f,f,f
sol,sol:1784975400000,1784975400000,1784976300000,2026-07-25T10:30:00Z,DOWN,NO,,73.87,official-venue-resolution,f,f,f,f,f
xrp,xrp:1784975400000,1784975400000,1784976300000,2026-07-25T10:30:00Z,UP,YES,,1.0893,official-venue-resolution,f,f,f,f,f
bnb,bnb:1784976300000,1784976300000,1784977200000,2026-07-25T10:45:00Z,UP,YES,,565.35,official-venue-resolution,f,f,f,f,f
btc,btc:1784976300000,1784976300000,1784977200000,2026-07-25T10:45:00Z,UP,YES,,64002.37,official-venue-resolution,f,f,f,f,f
doge,doge:1784976300000,1784976300000,1784977200000,2026-07-25T10:45:00Z,UP,YES,,0.0694741,official-venue-resolution,f,f,f,f,f
eth,eth:1784976300000,1784976300000,1784977200000,2026-07-25T10:45:00Z,UP,YES,,1856.65,official-venue-resolution,f,f,f,f,f
hype,hype:1784976300000,1784976300000,1784977200000,2026-07-25T10:45:00Z,UP,YES,,57.5834,official-venue-resolution,f,f,f,f,f
sol,sol:1784976300000,1784976300000,1784977200000,2026-07-25T10:45:00Z,UP,YES,,73.9223,official-venue-resolution,f,f,f,f,f
xrp,xrp:1784976300000,1784976300000,1784977200000,2026-07-25T10:45:00Z,UP,YES,,1.0899,official-venue-resolution,f,f,f,f,f
bnb,bnb:1784977200000,1784977200000,1784978100000,2026-07-25T11:00:00Z,UP,YES,,565.39,official-venue-resolution,f,f,f,f,f
btc,btc:1784977200000,1784977200000,1784978100000,2026-07-25T11:00:00Z,UP,YES,,64008.33,official-venue-resolution,f,f,f,f,f
doge,doge:1784977200000,1784977200000,1784978100000,2026-07-25T11:00:00Z,UP,YES,,0.0694883,official-venue-resolution,f,f,f,f,f
eth,eth:1784977200000,1784977200000,1784978100000,2026-07-25T11:00:00Z,UP,YES,,1857.7,official-venue-resolution,f,f,f,f,f
hype,hype:1784977200000,1784977200000,1784978100000,2026-07-25T11:00:00Z,UP,YES,,57.6258,official-venue-resolution,f,f,f,f,f
sol,sol:1784977200000,1784977200000,1784978100000,2026-07-25T11:00:00Z,UP,YES,,73.9407,official-venue-resolution,f,f,f,f,f
xrp,xrp:1784977200000,1784977200000,1784978100000,2026-07-25T11:00:00Z,UP,YES,,1.0901,official-venue-resolution,f,f,f,f,f
bnb,bnb:1784978100000,1784978100000,1784979000000,2026-07-25T11:15:00Z,UP,YES,,565.51,official-venue-resolution,f,f,f,f,f
btc,btc:1784978100000,1784978100000,1784979000000,2026-07-25T11:15:00Z,UP,YES,,64012.82,official-venue-resolution,f,f,f,f,f
doge,doge:1784978100000,1784978100000,1784979000000,2026-07-25T11:15:00Z,DOWN,NO,,0.0693939,official-venue-resolution,f,f,f,f,f
eth,eth:1784978100000,1784978100000,1784979000000,2026-07-25T11:15:00Z,DOWN,NO,,1856.96,official-venue-resolution,f,f,f,f,f
hype,hype:1784978100000,1784978100000,1784979000000,2026-07-25T11:15:00Z,DOWN,NO,,57.5104,official-venue-resolution,f,f,f,f,f
sol,sol:1784978100000,1784978100000,1784979000000,2026-07-25T11:15:00Z,DOWN,NO,,73.8878,official-venue-resolution,f,f,f,f,f
xrp,xrp:1784978100000,1784978100000,1784979000000,2026-07-25T11:15:00Z,DOWN,NO,,1.0899,official-venue-resolution,f,f,f,f,f
bnb,bnb:1784979000000,1784979000000,1784979900000,2026-07-25T11:30:00Z,DOWN,NO,,565.49,official-venue-resolution,f,f,f,f,f
btc,btc:1784979000000,1784979000000,1784979900000,2026-07-25T11:30:00Z,DOWN,NO,,63997.51,official-venue-resolution,f,f,f,f,f
doge,doge:1784979000000,1784979000000,1784979900000,2026-07-25T11:30:00Z,DOWN,NO,,0.0693125,official-venue-resolution,f,f,f,f,f
eth,eth:1784979000000,1784979000000,1784979900000,2026-07-25T11:30:00Z,DOWN,NO,,1856.62,official-venue-resolution,f,f,f,f,f
hype,hype:1784979000000,1784979000000,1784979900000,2026-07-25T11:30:00Z,DOWN,NO,,57.4711,official-venue-resolution,f,f,f,f,f
sol,sol:1784979000000,1784979000000,1784979900000,2026-07-25T11:30:00Z,DOWN,NO,,73.85,official-venue-resolution,f,f,f,f,f
xrp,xrp:1784979000000,1784979000000,1784979900000,2026-07-25T11:30:00Z,DOWN,NO,,1.0888,official-venue-resolution,f,f,f,f,f
bnb,bnb:1784979900000,1784979900000,1784980800000,2026-07-25T11:45:00Z,UP,NO,,565.25,official-venue-resolution,t,f,t,f,f
btc,btc:1784979900000,1784979900000,1784980800000,2026-07-25T11:45:00Z,UP,YES,,64001.1,official-venue-resolution,f,f,f,f,f
doge,doge:1784979900000,1784979900000,1784980800000,2026-07-25T11:45:00Z,UP,YES,,0.0693563,official-venue-resolution,f,f,f,f,f
eth,eth:1784979900000,1784979900000,1784980800000,2026-07-25T11:45:00Z,DOWN,NO,,1856.17,official-venue-resolution,f,f,f,f,f
hype,hype:1784979900000,1784979900000,1784980800000,2026-07-25T11:45:00Z,UP,YES,,57.7082,official-venue-resolution,f,f,f,f,f
sol,sol:1784979900000,1784979900000,1784980800000,2026-07-25T11:45:00Z,UP,YES,,73.8533,official-venue-resolution,f,f,f,f,f
xrp,xrp:1784979900000,1784979900000,1784980800000,2026-07-25T11:45:00Z,UP,YES,,1.0889,official-venue-resolution,f,f,f,f,f
bnb,bnb:1784980800000,1784980800000,1784981700000,2026-07-25T12:00:00Z,DOWN,NO,,565.06,official-venue-resolution,f,f,f,f,f
btc,btc:1784980800000,1784980800000,1784981700000,2026-07-25T12:00:00Z,DOWN,NO,,63992.12,official-venue-resolution,f,f,f,f,f
doge,doge:1784980800000,1784980800000,1784981700000,2026-07-25T12:00:00Z,UP,YES,,0.069447,official-venue-resolution,f,f,f,f,f
eth,eth:1784980800000,1784980800000,1784981700000,2026-07-25T12:00:00Z,UP,NO,,1855.87,official-venue-resolution,t,f,t,f,f
hype,hype:1784980800000,1784980800000,1784981700000,2026-07-25T12:00:00Z,DOWN,NO,,57.4698,official-venue-resolution,f,f,f,f,f
sol,sol:1784980800000,1784980800000,1784981700000,2026-07-25T12:00:00Z,DOWN,NO,,73.84,official-venue-resolution,f,f,f,f,f
xrp,xrp:1784980800000,1784980800000,1784981700000,2026-07-25T12:00:00Z,DOWN,YES,,1.0889,official-venue-resolution,t,t,f,f,f
bnb,bnb:1784981700000,1784981700000,1784982600000,2026-07-25T12:15:00Z,UP,YES,,565.24,official-venue-resolution,f,f,f,f,f
btc,btc:1784981700000,1784981700000,1784982600000,2026-07-25T12:15:00Z,DOWN,NO,,63987.7,official-venue-resolution,f,f,f,f,f
doge,doge:1784981700000,1784981700000,1784982600000,2026-07-25T12:15:00Z,UP,YES,,0.0696124,official-venue-resolution,f,f,f,f,f
eth,eth:1784981700000,1784981700000,1784982600000,2026-07-25T12:15:00Z,DOWN,YES,,1856.39,official-venue-resolution,t,t,f,f,f
hype,hype:1784981700000,1784981700000,1784982600000,2026-07-25T12:15:00Z,UP,YES,,57.5078,official-venue-resolution,f,f,f,f,f
sol,sol:1784981700000,1784981700000,1784982600000,2026-07-25T12:15:00Z,UP,YES,,73.8815,official-venue-resolution,f,f,f,f,f
xrp,xrp:1784981700000,1784981700000,1784982600000,2026-07-25T12:15:00Z,UP,YES,,1.0897,official-venue-resolution,f,f,f,f,f
bnb,bnb:1784982600000,1784982600000,1784983500000,2026-07-25T12:30:00Z,UP,YES,,565.45,official-venue-resolution,f,f,f,f,f
btc,btc:1784982600000,1784982600000,1784983500000,2026-07-25T12:30:00Z,UP,YES,,64034.45,official-venue-resolution,f,f,f,f,f
doge,doge:1784982600000,1784982600000,1784983500000,2026-07-25T12:30:00Z,DOWN,NO,,0.0696032,official-venue-resolution,f,f,f,f,f
eth,eth:1784982600000,1784982600000,1784983500000,2026-07-25T12:30:00Z,UP,YES,,1856.56,official-venue-resolution,f,f,f,f,f
hype,hype:1784982600000,1784982600000,1784983500000,2026-07-25T12:30:00Z,DOWN,YES,,57.5092,official-venue-resolution,t,t,f,f,f
sol,sol:1784982600000,1784982600000,1784983500000,2026-07-25T12:30:00Z,UP,NO,,73.8765,official-venue-resolution,t,f,t,f,f
xrp,xrp:1784982600000,1784982600000,1784983500000,2026-07-25T12:30:00Z,DOWN,NO,,1.0895,official-venue-resolution,f,f,f,f,f
bnb,bnb:1784983500000,1784983500000,1784984400000,2026-07-25T12:45:00Z,UP,YES,,566.38,official-venue-resolution,f,f,f,f,f
btc,btc:1784983500000,1784983500000,1784984400000,2026-07-25T12:45:00Z,UP,YES,,64055.8,official-venue-resolution,f,f,f,f,f
doge,doge:1784983500000,1784983500000,1784984400000,2026-07-25T12:45:00Z,UP,YES,,0.0696708,official-venue-resolution,f,f,f,f,f
eth,eth:1784983500000,1784983500000,1784984400000,2026-07-25T12:45:00Z,UP,YES,,1858.16,official-venue-resolution,f,f,f,f,f
hype,hype:1784983500000,1784983500000,1784984400000,2026-07-25T12:45:00Z,UP,YES,,57.5615,official-venue-resolution,f,f,f,f,f
sol,sol:1784983500000,1784983500000,1784984400000,2026-07-25T12:45:00Z,UP,YES,,73.8945,official-venue-resolution,f,f,f,f,f
xrp,xrp:1784983500000,1784983500000,1784984400000,2026-07-25T12:45:00Z,UP,YES,,1.0901,official-venue-resolution,f,f,f,f,f
bnb,bnb:1784984400000,1784984400000,1784985300000,2026-07-25T13:00:00Z,UP,YES,,566.77,official-venue-resolution,f,f,f,f,f
btc,btc:1784984400000,1784984400000,1784985300000,2026-07-25T13:00:00Z,UP,YES,,64066.47,official-venue-resolution,f,f,f,f,f
doge,doge:1784984400000,1784984400000,1784985300000,2026-07-25T13:00:00Z,UP,YES,,0.0698201,official-venue-resolution,f,f,f,f,f
eth,eth:1784984400000,1784984400000,1784985300000,2026-07-25T13:00:00Z,UP,YES,,1861.23,official-venue-resolution,f,f,f,f,f
hype,hype:1784984400000,1784984400000,1784985300000,2026-07-25T13:00:00Z,DOWN,NO,,57.5514,official-venue-resolution,f,f,f,f,f
sol,sol:1784984400000,1784984400000,1784985300000,2026-07-25T13:00:00Z,DOWN,YES,,73.9,official-venue-resolution,t,t,f,f,f
xrp,xrp:1784984400000,1784984400000,1784985300000,2026-07-25T13:00:00Z,DOWN,YES,,1.0902,official-venue-resolution,t,t,f,f,f
bnb,bnb:1784985300000,1784985300000,1784986200000,2026-07-25T13:15:00Z,UP,YES,,566.95,official-venue-resolution,f,f,f,f,f
btc,btc:1784985300000,1784985300000,1784986200000,2026-07-25T13:15:00Z,UP,YES,,64069.44,official-venue-resolution,f,f,f,f,f
doge,doge:1784985300000,1784985300000,1784986200000,2026-07-25T13:15:00Z,DOWN,NO,,0.0698175,official-venue-resolution,f,f,f,f,f
eth,eth:1784985300000,1784985300000,1784986200000,2026-07-25T13:15:00Z,UP,YES,,1862.51,official-venue-resolution,f,f,f,f,f
hype,hype:1784985300000,1784985300000,1784986200000,2026-07-25T13:15:00Z,UP,YES,,57.6412,official-venue-resolution,f,f,f,f,f
sol,sol:1784985300000,1784985300000,1784986200000,2026-07-25T13:15:00Z,UP,YES,,73.93,official-venue-resolution,f,f,f,f,f
xrp,xrp:1784985300000,1784985300000,1784986200000,2026-07-25T13:15:00Z,UP,YES,,1.0907,official-venue-resolution,f,f,f,f,f
bnb,bnb:1784986200000,1784986200000,1784987100000,2026-07-25T13:30:00Z,UP,YES,,567.4,official-venue-resolution,f,f,f,f,f
btc,btc:1784986200000,1784986200000,1784987100000,2026-07-25T13:30:00Z,UP,YES,,64134.31,official-venue-resolution,f,f,f,f,f
doge,doge:1784986200000,1784986200000,1784987100000,2026-07-25T13:30:00Z,UP,YES,,0.0699993,official-venue-resolution,f,f,f,f,f
eth,eth:1784986200000,1784986200000,1784987100000,2026-07-25T13:30:00Z,UP,YES,,1866.21,official-venue-resolution,f,f,f,f,f
hype,hype:1784986200000,1784986200000,1784987100000,2026-07-25T13:30:00Z,UP,NO,,57.6318,official-venue-resolution,t,f,t,f,f
sol,sol:1784986200000,1784986200000,1784987100000,2026-07-25T13:30:00Z,UP,YES,,74.0492,official-venue-resolution,f,f,f,f,f
xrp,xrp:1784986200000,1784986200000,1784987100000,2026-07-25T13:30:00Z,UP,YES,,1.0916,official-venue-resolution,f,f,f,f,f
bnb,bnb:1784987100000,1784987100000,1784988000000,2026-07-25T13:45:00Z,UP,YES,,567.92,official-venue-resolution,f,f,f,f,f
btc,btc:1784987100000,1784987100000,1784988000000,2026-07-25T13:45:00Z,DOWN,NO,,64108.12,official-venue-resolution,f,f,f,f,f
doge,doge:1784987100000,1784987100000,1784988000000,2026-07-25T13:45:00Z,DOWN,NO,,0.0699012,official-venue-resolution,f,f,f,f,f
eth,eth:1784987100000,1784987100000,1784988000000,2026-07-25T13:45:00Z,DOWN,NO,,1865.39,official-venue-resolution,f,f,f,f,f
hype,hype:1784987100000,1784987100000,1784988000000,2026-07-25T13:45:00Z,DOWN,NO,,57.3552,official-venue-resolution,f,f,f,f,f
sol,sol:1784987100000,1784987100000,1784988000000,2026-07-25T13:45:00Z,DOWN,NO,,73.911,official-venue-resolution,f,f,f,f,f
xrp,xrp:1784987100000,1784987100000,1784988000000,2026-07-25T13:45:00Z,DOWN,NO,,1.0905,official-venue-resolution,f,f,f,f,f
bnb,bnb:1784988000000,1784988000000,1784988900000,2026-07-25T14:00:00Z,DOWN,NO,,566.98,official-venue-resolution,f,f,f,f,f
btc,btc:1784988000000,1784988000000,1784988900000,2026-07-25T14:00:00Z,UP,NO,,64105.53,official-venue-resolution,t,f,t,f,f
doge,doge:1784988000000,1784988000000,1784988900000,2026-07-25T14:00:00Z,UP,YES,,0.0699109,official-venue-resolution,f,f,f,f,f
eth,eth:1784988000000,1784988000000,1784988900000,2026-07-25T14:00:00Z,UP,NO,,1865.21,official-venue-resolution,t,f,t,f,f
hype,hype:1784988000000,1784988000000,1784988900000,2026-07-25T14:00:00Z,DOWN,NO,,57.2651,official-venue-resolution,f,f,f,f,f
sol,sol:1784988000000,1784988000000,1784988900000,2026-07-25T14:00:00Z,DOWN,NO,,73.802,official-venue-resolution,f,f,f,f,f
xrp,xrp:1784988000000,1784988000000,1784988900000,2026-07-25T14:00:00Z,DOWN,NO,,1.0904,official-venue-resolution,f,f,f,f,f
bnb,bnb:1784988900000,1784988900000,1784989800000,2026-07-25T14:15:00Z,DOWN,NO,,566.45,official-venue-resolution,f,f,f,f,f
btc,btc:1784988900000,1784988900000,1784989800000,2026-07-25T14:15:00Z,DOWN,NO,,64098.7,official-venue-resolution,f,f,f,f,f
doge,doge:1784988900000,1784988900000,1784989800000,2026-07-25T14:15:00Z,UP,YES,,0.0700243,official-venue-resolution,f,f,f,f,f
eth,eth:1784988900000,1784988900000,1784989800000,2026-07-25T14:15:00Z,DOWN,NO,,1864.68,official-venue-resolution,f,f,f,f,f
hype,hype:1784988900000,1784988900000,1784989800000,2026-07-25T14:15:00Z,UP,YES,,57.2731,official-venue-resolution,f,f,f,f,f
sol,sol:1784988900000,1784988900000,1784989800000,2026-07-25T14:15:00Z,DOWN,NO,,73.8,official-venue-resolution,f,f,f,f,f
xrp,xrp:1784988900000,1784988900000,1784989800000,2026-07-25T14:15:00Z,UP,YES,,1.0909,official-venue-resolution,f,f,f,f,f
bnb,bnb:1784989800000,1784989800000,1784990700000,2026-07-25T14:30:00Z,UP,YES,,566.49,official-venue-resolution,f,f,f,f,f
btc,btc:1784989800000,1784989800000,1784990700000,2026-07-25T14:30:00Z,UP,YES,,64120.74,official-venue-resolution,f,f,f,f,f
doge,doge:1784989800000,1784989800000,1784990700000,2026-07-25T14:30:00Z,UP,YES,,0.0701559,official-venue-resolution,f,f,f,f,f
eth,eth:1784989800000,1784989800000,1784990700000,2026-07-25T14:30:00Z,UP,YES,,1865.97,official-venue-resolution,f,f,f,f,f
hype,hype:1784989800000,1784989800000,1784990700000,2026-07-25T14:30:00Z,UP,YES,,57.3991,official-venue-resolution,f,f,f,f,f
sol,sol:1784989800000,1784989800000,1784990700000,2026-07-25T14:30:00Z,UP,YES,,73.8945,official-venue-resolution,f,f,f,f,f
xrp,xrp:1784989800000,1784989800000,1784990700000,2026-07-25T14:30:00Z,UP,YES,,1.0913,official-venue-resolution,f,f,f,f,f
bnb,bnb:1784990700000,1784990700000,1784991600000,2026-07-25T14:45:00Z,UP,YES,,566.87,official-venue-resolution,f,f,f,f,f
btc,btc:1784990700000,1784990700000,1784991600000,2026-07-25T14:45:00Z,UP,YES,,64148.34,official-venue-resolution,f,f,f,f,f
doge,doge:1784990700000,1784990700000,1784991600000,2026-07-25T14:45:00Z,UP,YES,,0.0703403,official-venue-resolution,f,f,f,f,f
eth,eth:1784990700000,1784990700000,1784991600000,2026-07-25T14:45:00Z,UP,YES,,1867.28,official-venue-resolution,f,f,f,f,f
hype,hype:1784990700000,1784990700000,1784991600000,2026-07-25T14:45:00Z,UP,YES,,57.4949,official-venue-resolution,f,f,f,f,f
sol,sol:1784990700000,1784990700000,1784991600000,2026-07-25T14:45:00Z,UP,YES,,73.9917,official-venue-resolution,f,f,f,f,f
xrp,xrp:1784990700000,1784990700000,1784991600000,2026-07-25T14:45:00Z,UP,YES,,1.0928,official-venue-resolution,f,f,f,f,f
bnb,bnb:1784991600000,1784991600000,1784992500000,2026-07-25T15:00:00Z,UP,YES,,567.11,official-venue-resolution,f,f,f,f,f
btc,btc:1784991600000,1784991600000,1784992500000,2026-07-25T15:00:00Z,UP,YES,,64185.17,official-venue-resolution,f,f,f,f,f
doge,doge:1784991600000,1784991600000,1784992500000,2026-07-25T15:00:00Z,UP,YES,,0.070736,official-venue-resolution,f,f,f,f,f
eth,eth:1784991600000,1784991600000,1784992500000,2026-07-25T15:00:00Z,UP,YES,,1867.74,official-venue-resolution,f,f,f,f,f
hype,hype:1784991600000,1784991600000,1784992500000,2026-07-25T15:00:00Z,UP,YES,,57.7882,official-venue-resolution,f,f,f,f,f
sol,sol:1784991600000,1784991600000,1784992500000,2026-07-25T15:00:00Z,UP,YES,,74.1402,official-venue-resolution,f,f,f,f,f
xrp,xrp:1784991600000,1784991600000,1784992500000,2026-07-25T15:00:00Z,UP,YES,,1.0949,official-venue-resolution,f,f,f,f,f
bnb,bnb:1784992500000,1784992500000,1784993400000,2026-07-25T15:15:00Z,DOWN,NO,,566.32,official-venue-resolution,f,f,f,f,f
btc,btc:1784992500000,1784992500000,1784993400000,2026-07-25T15:15:00Z,DOWN,NO,,64142.83,official-venue-resolution,f,f,f,f,f
doge,doge:1784992500000,1784992500000,1784993400000,2026-07-25T15:15:00Z,DOWN,NO,,0.070647,official-venue-resolution,f,f,f,f,f
eth,eth:1784992500000,1784992500000,1784993400000,2026-07-25T15:15:00Z,DOWN,NO,,1867.01,official-venue-resolution,f,f,f,f,f
hype,hype:1784992500000,1784992500000,1784993400000,2026-07-25T15:15:00Z,UP,YES,,57.8343,official-venue-resolution,f,f,f,f,f
sol,sol:1784992500000,1784992500000,1784993400000,2026-07-25T15:15:00Z,DOWN,NO,,74.1358,official-venue-resolution,f,f,f,f,f
xrp,xrp:1784992500000,1784992500000,1784993400000,2026-07-25T15:15:00Z,UP,YES,,1.0956,official-venue-resolution,f,f,f,f,f
bnb,bnb:1784993400000,1784993400000,1784994300000,2026-07-25T15:30:00Z,UP,YES,,566.62,official-venue-resolution,f,f,f,f,f
btc,btc:1784993400000,1784993400000,1784994300000,2026-07-25T15:30:00Z,UP,YES,,64153.32,official-venue-resolution,f,f,f,f,f
doge,doge:1784993400000,1784993400000,1784994300000,2026-07-25T15:30:00Z,UP,YES,,0.0712369,official-venue-resolution,f,f,f,f,f
eth,eth:1784993400000,1784993400000,1784994300000,2026-07-25T15:30:00Z,UP,YES,,1868.55,official-venue-resolution,f,f,f,f,f
hype,hype:1784993400000,1784993400000,1784994300000,2026-07-25T15:30:00Z,DOWN,NO,,57.7584,official-venue-resolution,f,f,f,f,f
sol,sol:1784993400000,1784993400000,1784994300000,2026-07-25T15:30:00Z,UP,YES,,74.1658,official-venue-resolution,f,f,f,f,f
xrp,xrp:1784993400000,1784993400000,1784994300000,2026-07-25T15:30:00Z,UP,YES,,1.0985,official-venue-resolution,f,f,f,f,f
bnb,bnb:1784994300000,1784994300000,1784995200000,2026-07-25T15:45:00Z,UP,NO,,566.5,official-venue-resolution,t,f,t,f,f
btc,btc:1784994300000,1784994300000,1784995200000,2026-07-25T15:45:00Z,DOWN,NO,,64120.37,official-venue-resolution,f,f,f,f,f
doge,doge:1784994300000,1784994300000,1784995200000,2026-07-25T15:45:00Z,DOWN,NO,,0.071122,official-venue-resolution,f,f,f,f,f
eth,eth:1784994300000,1784994300000,1784995200000,2026-07-25T15:45:00Z,DOWN,NO,,1866.48,official-venue-resolution,f,f,f,f,f
hype,hype:1784994300000,1784994300000,1784995200000,2026-07-25T15:45:00Z,DOWN,NO,,57.7452,official-venue-resolution,f,f,f,f,f
sol,sol:1784994300000,1784994300000,1784995200000,2026-07-25T15:45:00Z,DOWN,NO,,74.1222,official-venue-resolution,f,f,f,f,f
xrp,xrp:1784994300000,1784994300000,1784995200000,2026-07-25T15:45:00Z,DOWN,NO,,1.0977,official-venue-resolution,f,f,f,f,f
bnb,bnb:1784995200000,1784995200000,1784996100000,2026-07-25T16:00:00Z,UP,YES,,566.97,official-venue-resolution,f,f,f,f,f
btc,btc:1784995200000,1784995200000,1784996100000,2026-07-25T16:00:00Z,UP,YES,,64134.87,official-venue-resolution,f,f,f,f,f
doge,doge:1784995200000,1784995200000,1784996100000,2026-07-25T16:00:00Z,UP,YES,,0.0717233,official-venue-resolution,f,f,f,f,f
eth,eth:1784995200000,1784995200000,1784996100000,2026-07-25T16:00:00Z,UP,NO,,1866.47,official-venue-resolution,t,f,t,f,f
hype,hype:1784995200000,1784995200000,1784996100000,2026-07-25T16:00:00Z,UP,YES,,57.7564,official-venue-resolution,f,f,f,f,f
sol,sol:1784995200000,1784995200000,1784996100000,2026-07-25T16:00:00Z,UP,YES,,74.2065,official-venue-resolution,f,f,f,f,f
xrp,xrp:1784995200000,1784995200000,1784996100000,2026-07-25T16:00:00Z,UP,YES,,1.0983,official-venue-resolution,f,f,f,f,f
bnb,bnb:1784996100000,1784996100000,1784997000000,2026-07-25T16:15:00Z,DOWN,NO,,566.79,official-venue-resolution,f,f,f,f,f
btc,btc:1784996100000,1784996100000,1784997000000,2026-07-25T16:15:00Z,DOWN,NO,,64075.23,official-venue-resolution,f,f,f,f,f
doge,doge:1784996100000,1784996100000,1784997000000,2026-07-25T16:15:00Z,DOWN,NO,,0.0715328,official-venue-resolution,f,f,f,f,f
eth,eth:1784996100000,1784996100000,1784997000000,2026-07-25T16:15:00Z,DOWN,NO,,1864.42,official-venue-resolution,f,f,f,f,f
hype,hype:1784996100000,1784996100000,1784997000000,2026-07-25T16:15:00Z,DOWN,NO,,57.7039,official-venue-resolution,f,f,f,f,f
sol,sol:1784996100000,1784996100000,1784997000000,2026-07-25T16:15:00Z,DOWN,NO,,74.0883,official-venue-resolution,f,f,f,f,f
xrp,xrp:1784996100000,1784996100000,1784997000000,2026-07-25T16:15:00Z,DOWN,NO,,1.0976,official-venue-resolution,f,f,f,f,f
bnb,bnb:1784997000000,1784997000000,1784997900000,2026-07-25T16:30:00Z,UP,YES,,567.35,official-venue-resolution,f,f,f,f,f
btc,btc:1784997000000,1784997000000,1784997900000,2026-07-25T16:30:00Z,UP,YES,,64140.38,official-venue-resolution,f,f,f,f,f
doge,doge:1784997000000,1784997000000,1784997900000,2026-07-25T16:30:00Z,UP,YES,,0.0719828,official-venue-resolution,f,f,f,f,f
eth,eth:1784997000000,1784997000000,1784997900000,2026-07-25T16:30:00Z,UP,YES,,1867.28,official-venue-resolution,f,f,f,f,f
hype,hype:1784997000000,1784997000000,1784997900000,2026-07-25T16:30:00Z,UP,YES,,57.8495,official-venue-resolution,f,f,f,f,f
sol,sol:1784997000000,1784997000000,1784997900000,2026-07-25T16:30:00Z,UP,YES,,74.2592,official-venue-resolution,f,f,f,f,f
xrp,xrp:1784997000000,1784997000000,1784997900000,2026-07-25T16:30:00Z,UP,YES,,1.1008,official-venue-resolution,f,f,f,f,f
bnb,bnb:1784997900000,1784997900000,1784998800000,2026-07-25T16:45:00Z,DOWN,NO,,567.28,official-venue-resolution,f,f,f,f,f
btc,btc:1784997900000,1784997900000,1784998800000,2026-07-25T16:45:00Z,UP,YES,,64148.63,official-venue-resolution,f,f,f,f,f
doge,doge:1784997900000,1784997900000,1784998800000,2026-07-25T16:45:00Z,UP,YES,,0.0720772,official-venue-resolution,f,f,f,f,f
eth,eth:1784997900000,1784997900000,1784998800000,2026-07-25T16:45:00Z,DOWN,NO,,1866.47,official-venue-resolution,f,f,f,f,f
hype,hype:1784997900000,1784997900000,1784998800000,2026-07-25T16:45:00Z,UP,YES,,57.9002,official-venue-resolution,f,f,f,f,f
sol,sol:1784997900000,1784997900000,1784998800000,2026-07-25T16:45:00Z,DOWN,YES,,74.2682,official-venue-resolution,t,t,f,f,f
xrp,xrp:1784997900000,1784997900000,1784998800000,2026-07-25T16:45:00Z,UP,YES,,1.1018,official-venue-resolution,f,f,f,f,f
bnb,bnb:1784998800000,1784998800000,1784999700000,2026-07-25T17:00:00Z,DOWN,NO,,566.9,official-venue-resolution,f,f,f,f,f
btc,btc:1784998800000,1784998800000,1784999700000,2026-07-25T17:00:00Z,DOWN,NO,,64146.03,official-venue-resolution,f,f,f,f,f
doge,doge:1784998800000,1784998800000,1784999700000,2026-07-25T17:00:00Z,UP,YES,,0.0722296,official-venue-resolution,f,f,f,f,f
eth,eth:1784998800000,1784998800000,1784999700000,2026-07-25T17:00:00Z,UP,YES,,1867.34,official-venue-resolution,f,f,f,f,f
hype,hype:1784998800000,1784998800000,1784999700000,2026-07-25T17:00:00Z,DOWN,NO,,57.8373,official-venue-resolution,f,f,f,f,f
sol,sol:1784998800000,1784998800000,1784999700000,2026-07-25T17:00:00Z,UP,YES,,74.2778,official-venue-resolution,f,f,f,f,f
xrp,xrp:1784998800000,1784998800000,1784999700000,2026-07-25T17:00:00Z,DOWN,NO,,1.1009,official-venue-resolution,f,f,f,f,f
bnb,bnb:1784999700000,1784999700000,1785000600000,2026-07-25T17:15:00Z,UP,YES,,567.72,official-venue-resolution,f,f,f,f,f
btc,btc:1784999700000,1784999700000,1785000600000,2026-07-25T17:15:00Z,UP,YES,,64209.96,official-venue-resolution,f,f,f,f,f
doge,doge:1784999700000,1784999700000,1785000600000,2026-07-25T17:15:00Z,UP,YES,,0.0725916,official-venue-resolution,f,f,f,f,f
eth,eth:1784999700000,1784999700000,1785000600000,2026-07-25T17:15:00Z,UP,YES,,1869.87,official-venue-resolution,f,f,f,f,f
hype,hype:1784999700000,1784999700000,1785000600000,2026-07-25T17:15:00Z,UP,YES,,58.0459,official-venue-resolution,f,f,f,f,f
sol,sol:1784999700000,1784999700000,1785000600000,2026-07-25T17:15:00Z,UP,YES,,74.4183,official-venue-resolution,f,f,f,f,f
xrp,xrp:1784999700000,1784999700000,1785000600000,2026-07-25T17:15:00Z,UP,YES,,1.1026,official-venue-resolution,f,f,f,f,f
bnb,bnb:1785000600000,1785000600000,1785001500000,2026-07-25T17:30:00Z,UP,YES,,568.35,official-venue-resolution,f,f,f,f,f
btc,btc:1785000600000,1785000600000,1785001500000,2026-07-25T17:30:00Z,UP,YES,,64226.69,official-venue-resolution,f,f,f,f,f
doge,doge:1785000600000,1785000600000,1785001500000,2026-07-25T17:30:00Z,UP,YES,,0.0731582,official-venue-resolution,f,f,f,f,f
eth,eth:1785000600000,1785000600000,1785001500000,2026-07-25T17:30:00Z,UP,YES,,1872.05,official-venue-resolution,f,f,f,f,f
hype,hype:1785000600000,1785000600000,1785001500000,2026-07-25T17:30:00Z,UP,YES,,58.3697,official-venue-resolution,f,f,f,f,f
sol,sol:1785000600000,1785000600000,1785001500000,2026-07-25T17:30:00Z,UP,YES,,74.5412,official-venue-resolution,f,f,f,f,f
xrp,xrp:1785000600000,1785000600000,1785001500000,2026-07-25T17:30:00Z,UP,YES,,1.1069,official-venue-resolution,f,f,f,f,f
bnb,bnb:1785001500000,1785001500000,1785002400000,2026-07-25T17:45:00Z,DOWN,NO,,567.92,official-venue-resolution,f,f,f,f,f
btc,btc:1785001500000,1785001500000,1785002400000,2026-07-25T17:45:00Z,DOWN,NO,,64194.27,official-venue-resolution,f,f,f,f,f
doge,doge:1785001500000,1785001500000,1785002400000,2026-07-25T17:45:00Z,UP,YES,,0.0731923,official-venue-resolution,f,f,f,f,f
eth,eth:1785001500000,1785001500000,1785002400000,2026-07-25T17:45:00Z,DOWN,NO,,1871.01,official-venue-resolution,f,f,f,f,f
hype,hype:1785001500000,1785001500000,1785002400000,2026-07-25T17:45:00Z,DOWN,NO,,58.239,official-venue-resolution,f,f,f,f,f
sol,sol:1785001500000,1785001500000,1785002400000,2026-07-25T17:45:00Z,DOWN,NO,,74.4043,official-venue-resolution,f,f,f,f,f
xrp,xrp:1785001500000,1785001500000,1785002400000,2026-07-25T17:45:00Z,DOWN,NO,,1.1023,official-venue-resolution,f,f,f,f,f
bnb,bnb:1785002400000,1785002400000,1785003300000,2026-07-25T18:00:00Z,UP,YES,,568.3,official-venue-resolution,f,f,f,f,f
btc,btc:1785002400000,1785002400000,1785003300000,2026-07-25T18:00:00Z,UP,YES,,64299.6,official-venue-resolution,f,f,f,f,f
doge,doge:1785002400000,1785002400000,1785003300000,2026-07-25T18:00:00Z,DOWN,NO,,0.0731917,official-venue-resolution,f,f,f,f,f
eth,eth:1785002400000,1785002400000,1785003300000,2026-07-25T18:00:00Z,UP,YES,,1872.36,official-venue-resolution,f,f,f,f,f
hype,hype:1785002400000,1785002400000,1785003300000,2026-07-25T18:00:00Z,UP,YES,,58.3733,official-venue-resolution,f,f,f,f,f
sol,sol:1785002400000,1785002400000,1785003300000,2026-07-25T18:00:00Z,UP,YES,,74.49,official-venue-resolution,f,f,f,f,f
xrp,xrp:1785002400000,1785002400000,1785003300000,2026-07-25T18:00:00Z,DOWN,NO,,1.1021,official-venue-resolution,f,f,f,f,f
bnb,bnb:1785003300000,1785003300000,1785004200000,2026-07-25T18:15:00Z,UP,YES,,568.6,official-venue-resolution,f,f,f,f,f
btc,btc:1785003300000,1785003300000,1785004200000,2026-07-25T18:15:00Z,UP,YES,,64349.44,official-venue-resolution,f,f,f,f,f
doge,doge:1785003300000,1785003300000,1785004200000,2026-07-25T18:15:00Z,DOWN,NO,,0.0730804,official-venue-resolution,f,f,f,f,f
eth,eth:1785003300000,1785003300000,1785004200000,2026-07-25T18:15:00Z,UP,YES,,1873.51,official-venue-resolution,f,f,f,f,f
hype,hype:1785003300000,1785003300000,1785004200000,2026-07-25T18:15:00Z,UP,YES,,58.467,official-venue-resolution,f,f,f,f,f
sol,sol:1785003300000,1785003300000,1785004200000,2026-07-25T18:15:00Z,UP,YES,,74.5017,official-venue-resolution,f,f,f,f,f
xrp,xrp:1785003300000,1785003300000,1785004200000,2026-07-25T18:15:00Z,UP,YES,,1.1026,official-venue-resolution,f,f,f,f,f
bnb,bnb:1785004200000,1785004200000,1785005100000,2026-07-25T18:30:00Z,DOWN,NO,,568.42,official-venue-resolution,f,f,f,f,f
btc,btc:1785004200000,1785004200000,1785005100000,2026-07-25T18:30:00Z,DOWN,NO,,64342.53,official-venue-resolution,f,f,f,f,f
doge,doge:1785004200000,1785004200000,1785005100000,2026-07-25T18:30:00Z,DOWN,NO,,0.0730548,official-venue-resolution,f,f,f,f,f
eth,eth:1785004200000,1785004200000,1785005100000,2026-07-25T18:30:00Z,DOWN,NO,,1872.82,official-venue-resolution,f,f,f,f,f
hype,hype:1785004200000,1785004200000,1785005100000,2026-07-25T18:30:00Z,DOWN,NO,,58.4023,official-venue-resolution,f,f,f,f,f
sol,sol:1785004200000,1785004200000,1785005100000,2026-07-25T18:30:00Z,DOWN,YES,,74.5453,official-venue-resolution,t,t,f,f,f
xrp,xrp:1785004200000,1785004200000,1785005100000,2026-07-25T18:30:00Z,DOWN,NO,,1.1025,official-venue-resolution,f,f,f,f,f
bnb,bnb:1785005100000,1785005100000,1785006000000,2026-07-25T18:45:00Z,UP,YES,,568.73,official-venue-resolution,f,f,f,f,f
btc,btc:1785005100000,1785005100000,1785006000000,2026-07-25T18:45:00Z,UP,YES,,64365.87,official-venue-resolution,f,f,f,f,f
doge,doge:1785005100000,1785005100000,1785006000000,2026-07-25T18:45:00Z,DOWN,NO,,0.0728808,official-venue-resolution,f,f,f,f,f
eth,eth:1785005100000,1785005100000,1785006000000,2026-07-25T18:45:00Z,UP,YES,,1874.14,official-venue-resolution,f,f,f,f,f
hype,hype:1785005100000,1785005100000,1785006000000,2026-07-25T18:45:00Z,UP,NO,,58.3848,official-venue-resolution,t,f,t,f,f
sol,sol:1785005100000,1785005100000,1785006000000,2026-07-25T18:45:00Z,UP,YES,,74.6227,official-venue-resolution,f,f,f,f,f
xrp,xrp:1785005100000,1785005100000,1785006000000,2026-07-25T18:45:00Z,DOWN,NO,,1.1021,official-venue-resolution,f,f,f,f,f
bnb,bnb:1785006000000,1785006000000,1785006900000,2026-07-25T19:00:00Z,DOWN,NO,,568.51,official-venue-resolution,f,f,f,f,f
btc,btc:1785006000000,1785006000000,1785006900000,2026-07-25T19:00:00Z,UP,YES,,64377.81,official-venue-resolution,f,f,f,f,f
doge,doge:1785006000000,1785006000000,1785006900000,2026-07-25T19:00:00Z,DOWN,NO,,0.0728177,official-venue-resolution,f,f,f,f,f
eth,eth:1785006000000,1785006000000,1785006900000,2026-07-25T19:00:00Z,UP,YES,,1874.65,official-venue-resolution,f,f,f,f,f
hype,hype:1785006000000,1785006000000,1785006900000,2026-07-25T19:00:00Z,UP,YES,,58.3871,official-venue-resolution,f,f,f,f,f
sol,sol:1785006000000,1785006000000,1785006900000,2026-07-25T19:00:00Z,UP,YES,,74.64,official-venue-resolution,f,f,f,f,f
xrp,xrp:1785006000000,1785006000000,1785006900000,2026-07-25T19:00:00Z,DOWN,NO,,1.1015,official-venue-resolution,f,f,f,f,f
bnb,bnb:1785006900000,1785006900000,1785007800000,2026-07-25T19:15:00Z,DOWN,NO,,568.31,official-venue-resolution,f,f,f,f,f
btc,btc:1785006900000,1785006900000,1785007800000,2026-07-25T19:15:00Z,DOWN,NO,,64366.22,official-venue-resolution,f,f,f,f,f
doge,doge:1785006900000,1785006900000,1785007800000,2026-07-25T19:15:00Z,DOWN,NO,,0.0726918,official-venue-resolution,f,f,f,f,f
eth,eth:1785006900000,1785006900000,1785007800000,2026-07-25T19:15:00Z,DOWN,NO,,1873.79,official-venue-resolution,f,f,f,f,f
hype,hype:1785006900000,1785006900000,1785007800000,2026-07-25T19:15:00Z,DOWN,NO,,58.3468,official-venue-resolution,f,f,f,f,f
sol,sol:1785006900000,1785006900000,1785007800000,2026-07-25T19:15:00Z,DOWN,NO,,74.5762,official-venue-resolution,f,f,f,f,f
xrp,xrp:1785006900000,1785006900000,1785007800000,2026-07-25T19:15:00Z,DOWN,NO,,1.0995,official-venue-resolution,f,f,f,f,f
bnb,bnb:1785007800000,1785007800000,1785008700000,2026-07-25T19:30:00Z,UP,YES,,568.44,official-venue-resolution,f,f,f,f,f
btc,btc:1785007800000,1785007800000,1785008700000,2026-07-25T19:30:00Z,DOWN,NO,,64349.9,official-venue-resolution,f,f,f,f,f
doge,doge:1785007800000,1785007800000,1785008700000,2026-07-25T19:30:00Z,UP,YES,,0.0726964,official-venue-resolution,f,f,f,f,f
eth,eth:1785007800000,1785007800000,1785008700000,2026-07-25T19:30:00Z,UP,YES,,1874.28,official-venue-resolution,f,f,f,f,f
hype,hype:1785007800000,1785007800000,1785008700000,2026-07-25T19:30:00Z,DOWN,NO,,58.1594,official-venue-resolution,f,f,f,f,f
sol,sol:1785007800000,1785007800000,1785008700000,2026-07-25T19:30:00Z,DOWN,NO,,74.539,official-venue-resolution,f,f,f,f,f
xrp,xrp:1785007800000,1785007800000,1785008700000,2026-07-25T19:30:00Z,DOWN,NO,,1.0988,official-venue-resolution,f,f,f,f,f
bnb,bnb:1785008700000,1785008700000,1785009600000,2026-07-25T19:45:00Z,UP,NO,,568.43,official-venue-resolution,t,f,t,f,f
btc,btc:1785008700000,1785008700000,1785009600000,2026-07-25T19:45:00Z,DOWN,NO,,64335.34,official-venue-resolution,f,f,f,f,f
doge,doge:1785008700000,1785008700000,1785009600000,2026-07-25T19:45:00Z,UP,YES,,0.0727453,official-venue-resolution,f,f,f,f,f
eth,eth:1785008700000,1785008700000,1785009600000,2026-07-25T19:45:00Z,DOWN,NO,,1873.4,official-venue-resolution,f,f,f,f,f
hype,hype:1785008700000,1785008700000,1785009600000,2026-07-25T19:45:00Z,DOWN,NO,,58.076,official-venue-resolution,f,f,f,f,f
sol,sol:1785008700000,1785008700000,1785009600000,2026-07-25T19:45:00Z,DOWN,NO,,74.5193,official-venue-resolution,f,f,f,f,f
xrp,xrp:1785008700000,1785008700000,1785009600000,2026-07-25T19:45:00Z,UP,YES,,1.0995,official-venue-resolution,f,f,f,f,f
bnb,bnb:1785009600000,1785009600000,1785010500000,2026-07-25T20:00:00Z,UP,YES,,568.67,official-venue-resolution,f,f,f,f,f
btc,btc:1785009600000,1785009600000,1785010500000,2026-07-25T20:00:00Z,DOWN,NO,,64316.47,official-venue-resolution,f,f,f,f,f
doge,doge:1785009600000,1785009600000,1785010500000,2026-07-25T20:00:00Z,DOWN,NO,,0.0726221,official-venue-resolution,f,f,f,f,f
eth,eth:1785009600000,1785009600000,1785010500000,2026-07-25T20:00:00Z,DOWN,NO,,1872.71,official-venue-resolution,f,f,f,f,f
hype,hype:1785009600000,1785009600000,1785010500000,2026-07-25T20:00:00Z,DOWN,NO,,57.9973,official-venue-resolution,f,f,f,f,f
sol,sol:1785009600000,1785009600000,1785010500000,2026-07-25T20:00:00Z,DOWN,NO,,74.4608,official-venue-resolution,f,f,f,f,f
xrp,xrp:1785009600000,1785009600000,1785010500000,2026-07-25T20:00:00Z,UP,YES,,1.0999,official-venue-resolution,f,f,f,f,f
bnb,bnb:1785010500000,1785010500000,1785011400000,2026-07-25T20:15:00Z,DOWN,NO,,568.52,official-venue-resolution,f,f,f,f,f
btc,btc:1785010500000,1785010500000,1785011400000,2026-07-25T20:15:00Z,DOWN,NO,,64314.45,official-venue-resolution,f,f,f,f,f
doge,doge:1785010500000,1785010500000,1785011400000,2026-07-25T20:15:00Z,DOWN,NO,,0.0724634,official-venue-resolution,f,f,f,f,f
eth,eth:1785010500000,1785010500000,1785011400000,2026-07-25T20:15:00Z,DOWN,NO,,1870.81,official-venue-resolution,f,f,f,f,f
hype,hype:1785010500000,1785010500000,1785011400000,2026-07-25T20:15:00Z,UP,YES,,58.0783,official-venue-resolution,f,f,f,f,f
sol,sol:1785010500000,1785010500000,1785011400000,2026-07-25T20:15:00Z,DOWN,NO,,74.433,official-venue-resolution,f,f,f,f,f
xrp,xrp:1785010500000,1785010500000,1785011400000,2026-07-25T20:15:00Z,DOWN,NO,,1.0995,official-venue-resolution,f,f,f,f,f
bnb,bnb:1785011400000,1785011400000,1785012300000,2026-07-25T20:30:00Z,DOWN,NO,,568.21,official-venue-resolution,f,f,f,f,f
btc,btc:1785011400000,1785011400000,1785012300000,2026-07-25T20:30:00Z,DOWN,NO,,64265.08,official-venue-resolution,f,f,f,f,f
doge,doge:1785011400000,1785011400000,1785012300000,2026-07-25T20:30:00Z,DOWN,NO,,0.0724151,official-venue-resolution,f,f,f,f,f
eth,eth:1785011400000,1785011400000,1785012300000,2026-07-25T20:30:00Z,DOWN,NO,,1869.92,official-venue-resolution,f,f,f,f,f
hype,hype:1785011400000,1785011400000,1785012300000,2026-07-25T20:30:00Z,DOWN,NO,,58.0633,official-venue-resolution,f,f,f,f,f
sol,sol:1785011400000,1785011400000,1785012300000,2026-07-25T20:30:00Z,DOWN,NO,,74.41,official-venue-resolution,f,f,f,f,f
xrp,xrp:1785011400000,1785011400000,1785012300000,2026-07-25T20:30:00Z,DOWN,NO,,1.0988,official-venue-resolution,f,f,f,f,f
bnb,bnb:1785012300000,1785012300000,1785013200000,2026-07-25T20:45:00Z,UP,NO,,568.18,official-venue-resolution,t,f,t,f,f
btc,btc:1785012300000,1785012300000,1785013200000,2026-07-25T20:45:00Z,UP,YES,,64273.09,official-venue-resolution,f,f,f,f,f
doge,doge:1785012300000,1785012300000,1785013200000,2026-07-25T20:45:00Z,UP,YES,,0.0724734,official-venue-resolution,f,f,f,f,f
eth,eth:1785012300000,1785012300000,1785013200000,2026-07-25T20:45:00Z,UP,YES,,1870.5,official-venue-resolution,f,f,f,f,f
hype,hype:1785012300000,1785012300000,1785013200000,2026-07-25T20:45:00Z,UP,YES,,58.1264,official-venue-resolution,f,f,f,f,f
sol,sol:1785012300000,1785012300000,1785013200000,2026-07-25T20:45:00Z,DOWN,NO,,74.3552,official-venue-resolution,f,f,f,f,f
xrp,xrp:1785012300000,1785012300000,1785013200000,2026-07-25T20:45:00Z,DOWN,NO,,1.0975,official-venue-resolution,f,f,f,f,f
bnb,bnb:1785013200000,1785013200000,1785014100000,2026-07-25T21:00:00Z,UP,YES,,568.21,official-venue-resolution,f,f,f,f,f
btc,btc:1785013200000,1785013200000,1785014100000,2026-07-25T21:00:00Z,DOWN,NO,,64222.96,official-venue-resolution,f,f,f,f,f
doge,doge:1785013200000,1785013200000,1785014100000,2026-07-25T21:00:00Z,DOWN,NO,,0.0722817,official-venue-resolution,f,f,f,f,f
eth,eth:1785013200000,1785013200000,1785014100000,2026-07-25T21:00:00Z,DOWN,NO,,1868.62,official-venue-resolution,f,f,f,f,f
hype,hype:1785013200000,1785013200000,1785014100000,2026-07-25T21:00:00Z,DOWN,NO,,57.999,official-venue-resolution,f,f,f,f,f
sol,sol:1785013200000,1785013200000,1785014100000,2026-07-25T21:00:00Z,DOWN,NO,,74.295,official-venue-resolution,f,f,f,f,f
xrp,xrp:1785013200000,1785013200000,1785014100000,2026-07-25T21:00:00Z,UP,YES,,1.0976,official-venue-resolution,f,f,f,f,f
bnb,bnb:1785014100000,1785014100000,1785015000000,2026-07-25T21:15:00Z,UP,YES,,568.63,official-venue-resolution,f,f,f,f,f
btc,btc:1785014100000,1785014100000,1785015000000,2026-07-25T21:15:00Z,UP,YES,,64234.34,official-venue-resolution,f,f,f,f,f
doge,doge:1785014100000,1785014100000,1785015000000,2026-07-25T21:15:00Z,UP,YES,,0.0723336,official-venue-resolution,f,f,f,f,f
eth,eth:1785014100000,1785014100000,1785015000000,2026-07-25T21:15:00Z,UP,YES,,1869.09,official-venue-resolution,f,f,f,f,f
hype,hype:1785014100000,1785014100000,1785015000000,2026-07-25T21:15:00Z,UP,YES,,58.0328,official-venue-resolution,f,f,f,f,f
sol,sol:1785014100000,1785014100000,1785015000000,2026-07-25T21:15:00Z,UP,YES,,74.3645,official-venue-resolution,f,f,f,f,f
xrp,xrp:1785014100000,1785014100000,1785015000000,2026-07-25T21:15:00Z,UP,YES,,1.0979,official-venue-resolution,f,f,f,f,f
bnb,bnb:1785015000000,1785015000000,1785015900000,2026-07-25T21:30:00Z,UP,YES,,569.42,official-venue-resolution,f,f,f,f,f
btc,btc:1785015000000,1785015000000,1785015900000,2026-07-25T21:30:00Z,UP,YES,,64286.53,official-venue-resolution,f,f,f,f,f
doge,doge:1785015000000,1785015000000,1785015900000,2026-07-25T21:30:00Z,UP,YES,,0.0724612,official-venue-resolution,f,f,f,f,f
eth,eth:1785015000000,1785015000000,1785015900000,2026-07-25T21:30:00Z,UP,YES,,1870.63,official-venue-resolution,f,f,f,f,f
hype,hype:1785015000000,1785015000000,1785015900000,2026-07-25T21:30:00Z,DOWN,NO,,57.9642,official-venue-resolution,f,f,f,f,f
sol,sol:1785015000000,1785015000000,1785015900000,2026-07-25T21:30:00Z,UP,YES,,74.4695,official-venue-resolution,f,f,f,f,f
xrp,xrp:1785015000000,1785015000000,1785015900000,2026-07-25T21:30:00Z,UP,YES,,1.099,official-venue-resolution,f,f,f,f,f
bnb,bnb:1785015900000,1785015900000,1785016800000,2026-07-25T21:45:00Z,DOWN,NO,,568.69,official-venue-resolution,f,f,f,f,f
btc,btc:1785015900000,1785015900000,1785016800000,2026-07-25T21:45:00Z,UP,YES,,64287.52,official-venue-resolution,f,f,f,f,f
doge,doge:1785015900000,1785015900000,1785016800000,2026-07-25T21:45:00Z,DOWN,NO,,0.0722637,official-venue-resolution,f,f,f,f,f
eth,eth:1785015900000,1785015900000,1785016800000,2026-07-25T21:45:00Z,UP,YES,,1870.99,official-venue-resolution,f,f,f,f,f
hype,hype:1785015900000,1785015900000,1785016800000,2026-07-25T21:45:00Z,UP,YES,,58.0917,official-venue-resolution,f,f,f,f,f
sol,sol:1785015900000,1785015900000,1785016800000,2026-07-25T21:45:00Z,DOWN,NO,,74.4057,official-venue-resolution,f,f,f,f,f
xrp,xrp:1785015900000,1785015900000,1785016800000,2026-07-25T21:45:00Z,DOWN,NO,,1.0987,official-venue-resolution,f,f,f,f,f
bnb,bnb:1785016800000,1785016800000,1785017700000,2026-07-25T22:00:00Z,UP,YES,,568.89,official-venue-resolution,f,f,f,f,f
btc,btc:1785016800000,1785016800000,1785017700000,2026-07-25T22:00:00Z,UP,YES,,64316.51,official-venue-resolution,f,f,f,f,f
doge,doge:1785016800000,1785016800000,1785017700000,2026-07-25T22:00:00Z,DOWN,NO,,0.0721954,official-venue-resolution,f,f,f,f,f
eth,eth:1785016800000,1785016800000,1785017700000,2026-07-25T22:00:00Z,UP,YES,,1872.32,official-venue-resolution,f,f,f,f,f
hype,hype:1785016800000,1785016800000,1785017700000,2026-07-25T22:00:00Z,DOWN,NO,,58.0816,official-venue-resolution,f,f,f,f,f
sol,sol:1785016800000,1785016800000,1785017700000,2026-07-25T22:00:00Z,DOWN,NO,,74.3925,official-venue-resolution,f,f,f,f,f
xrp,xrp:1785016800000,1785016800000,1785017700000,2026-07-25T22:00:00Z,UP,NO,,1.0983,official-venue-resolution,t,f,t,f,f
bnb,bnb:1785017700000,1785017700000,1785018600000,2026-07-25T22:15:00Z,UP,YES,,569.26,official-venue-resolution,f,f,f,f,f
btc,btc:1785017700000,1785017700000,1785018600000,2026-07-25T22:15:00Z,DOWN,YES,,64326.24,official-venue-resolution,t,t,f,f,f
doge,doge:1785017700000,1785017700000,1785018600000,2026-07-25T22:15:00Z,DOWN,YES,,0.0721966,official-venue-resolution,t,t,f,f,f
eth,eth:1785017700000,1785017700000,1785018600000,2026-07-25T22:15:00Z,UP,YES,,1873.46,official-venue-resolution,f,f,f,f,f
hype,hype:1785017700000,1785017700000,1785018600000,2026-07-25T22:15:00Z,UP,YES,,58.1168,official-venue-resolution,f,f,f,f,f
sol,sol:1785017700000,1785017700000,1785018600000,2026-07-25T22:15:00Z,DOWN,NO,,74.3328,official-venue-resolution,f,f,f,f,f
xrp,xrp:1785017700000,1785017700000,1785018600000,2026-07-25T22:15:00Z,UP,YES,,1.0995,official-venue-resolution,f,f,f,f,f
bnb,bnb:1785018600000,1785018600000,1785019500000,2026-07-25T22:30:00Z,DOWN,NO,,569.17,official-venue-resolution,f,f,f,f,f
btc,btc:1785018600000,1785018600000,1785019500000,2026-07-25T22:30:00Z,UP,YES,,64332.07,official-venue-resolution,f,f,f,f,f
doge,doge:1785018600000,1785018600000,1785019500000,2026-07-25T22:30:00Z,DOWN,NO,,0.072036,official-venue-resolution,f,f,f,f,f
eth,eth:1785018600000,1785018600000,1785019500000,2026-07-25T22:30:00Z,UP,YES,,1874.02,official-venue-resolution,f,f,f,f,f
hype,hype:1785018600000,1785018600000,1785019500000,2026-07-25T22:30:00Z,DOWN,YES,,58.129,official-venue-resolution,t,t,f,f,f
sol,sol:1785018600000,1785018600000,1785019500000,2026-07-25T22:30:00Z,UP,YES,,74.3642,official-venue-resolution,f,f,f,f,f
xrp,xrp:1785018600000,1785018600000,1785019500000,2026-07-25T22:30:00Z,UP,YES,,1.0997,official-venue-resolution,f,f,f,f,f
bnb,bnb:1785019500000,1785019500000,1785020400000,2026-07-25T22:45:00Z,UP,YES,,569.35,official-venue-resolution,f,f,f,f,f
btc,btc:1785019500000,1785019500000,1785020400000,2026-07-25T22:45:00Z,UP,YES,,64352.77,official-venue-resolution,f,f,f,f,f
doge,doge:1785019500000,1785019500000,1785020400000,2026-07-25T22:45:00Z,DOWN,NO,,0.0719404,official-venue-resolution,f,f,f,f,f
eth,eth:1785019500000,1785019500000,1785020400000,2026-07-25T22:45:00Z,UP,YES,,1874.7,official-venue-resolution,f,f,f,f,f
hype,hype:1785019500000,1785019500000,1785020400000,2026-07-25T22:45:00Z,UP,YES,,58.1702,official-venue-resolution,f,f,f,f,f
sol,sol:1785019500000,1785019500000,1785020400000,2026-07-25T22:45:00Z,UP,YES,,74.4495,official-venue-resolution,f,f,f,f,f
xrp,xrp:1785019500000,1785019500000,1785020400000,2026-07-25T22:45:00Z,UP,YES,,1.0999,official-venue-resolution,f,f,f,f,f
bnb,bnb:1785020400000,1785020400000,1785021300000,2026-07-25T23:00:00Z,DOWN,NO,,569.13,official-venue-resolution,f,f,f,f,f
btc,btc:1785020400000,1785020400000,1785021300000,2026-07-25T23:00:00Z,DOWN,YES,,64359.54,official-venue-resolution,t,t,f,f,f
doge,doge:1785020400000,1785020400000,1785021300000,2026-07-25T23:00:00Z,DOWN,NO,,0.071835,official-venue-resolution,f,f,f,f,f
eth,eth:1785020400000,1785020400000,1785021300000,2026-07-25T23:00:00Z,DOWN,NO,,1873.8,official-venue-resolution,f,f,f,f,f
hype,hype:1785020400000,1785020400000,1785021300000,2026-07-25T23:00:00Z,UP,NO,,58.1674,official-venue-resolution,t,f,t,f,f
sol,sol:1785020400000,1785020400000,1785021300000,2026-07-25T23:00:00Z,DOWN,NO,,74.4287,official-venue-resolution,f,f,f,f,f
xrp,xrp:1785020400000,1785020400000,1785021300000,2026-07-25T23:00:00Z,DOWN,NO,,1.0996,official-venue-resolution,f,f,f,f,f
bnb,bnb:1785021300000,1785021300000,1785022200000,2026-07-25T23:15:00Z,DOWN,NO,,569.07,official-venue-resolution,f,f,f,f,f
btc,btc:1785021300000,1785021300000,1785022200000,2026-07-25T23:15:00Z,DOWN,NO,,64346.28,official-venue-resolution,f,f,f,f,f
doge,doge:1785021300000,1785021300000,1785022200000,2026-07-25T23:15:00Z,DOWN,NO,,0.0716906,official-venue-resolution,f,f,f,f,f
eth,eth:1785021300000,1785021300000,1785022200000,2026-07-25T23:15:00Z,DOWN,NO,,1873.33,official-venue-resolution,f,f,f,f,f
hype,hype:1785021300000,1785021300000,1785022200000,2026-07-25T23:15:00Z,UP,YES,,58.2353,official-venue-resolution,f,f,f,f,f
sol,sol:1785021300000,1785021300000,1785022200000,2026-07-25T23:15:00Z,DOWN,NO,,74.388,official-venue-resolution,f,f,f,f,f
xrp,xrp:1785021300000,1785021300000,1785022200000,2026-07-25T23:15:00Z,DOWN,NO,,1.0976,official-venue-resolution,f,f,f,f,f
bnb,bnb:1785022200000,1785022200000,1785023100000,2026-07-25T23:30:00Z,DOWN,NO,,568.8,official-venue-resolution,f,f,f,f,f
btc,btc:1785022200000,1785022200000,1785023100000,2026-07-25T23:30:00Z,DOWN,NO,,64333.74,official-venue-resolution,f,f,f,f,f
doge,doge:1785022200000,1785022200000,1785023100000,2026-07-25T23:30:00Z,UP,YES,,0.0717154,official-venue-resolution,f,f,f,f,f
eth,eth:1785022200000,1785022200000,1785023100000,2026-07-25T23:30:00Z,UP,YES,,1873.49,official-venue-resolution,f,f,f,f,f
hype,hype:1785022200000,1785022200000,1785023100000,2026-07-25T23:30:00Z,DOWN,NO,,58.1314,official-venue-resolution,f,f,f,f,f
sol,sol:1785022200000,1785022200000,1785023100000,2026-07-25T23:30:00Z,DOWN,YES,,74.4088,official-venue-resolution,t,t,f,f,f
xrp,xrp:1785022200000,1785022200000,1785023100000,2026-07-25T23:30:00Z,DOWN,YES,,1.0976,official-venue-resolution,t,t,f,f,f
bnb,bnb:1785023100000,1785023100000,1785024000000,2026-07-25T23:45:00Z,DOWN,NO,,568.73,official-venue-resolution,f,f,f,f,f
btc,btc:1785023100000,1785023100000,1785024000000,2026-07-25T23:45:00Z,DOWN,NO,,64320.53,official-venue-resolution,f,f,f,f,f
doge,doge:1785023100000,1785023100000,1785024000000,2026-07-25T23:45:00Z,DOWN,NO,,0.0716895,official-venue-resolution,f,f,f,f,f
eth,eth:1785023100000,1785023100000,1785024000000,2026-07-25T23:45:00Z,UP,YES,,1873.71,official-venue-resolution,f,f,f,f,f
hype,hype:1785023100000,1785023100000,1785024000000,2026-07-25T23:45:00Z,UP,YES,,58.1743,official-venue-resolution,f,f,f,f,f
sol,sol:1785023100000,1785023100000,1785024000000,2026-07-25T23:45:00Z,UP,YES,,74.4693,official-venue-resolution,f,f,f,f,f
xrp,xrp:1785023100000,1785023100000,1785024000000,2026-07-25T23:45:00Z,DOWN,NO,,1.0971,official-venue-resolution,f,f,f,f,f
bnb,bnb:1785024000000,1785024000000,1785024900000,2026-07-26T00:00:00Z,UP,YES,,569.62,official-venue-resolution,f,f,f,f,f
btc,btc:1785024000000,1785024000000,1785024900000,2026-07-26T00:00:00Z,UP,YES,,64371.4,official-venue-resolution,f,f,f,f,f
doge,doge:1785024000000,1785024000000,1785024900000,2026-07-26T00:00:00Z,UP,YES,,0.0717439,official-venue-resolution,f,f,f,f,f
eth,eth:1785024000000,1785024000000,1785024900000,2026-07-26T00:00:00Z,UP,YES,,1876.22,official-venue-resolution,f,f,f,f,f
hype,hype:1785024000000,1785024000000,1785024900000,2026-07-26T00:00:00Z,UP,YES,,58.3775,official-venue-resolution,f,f,f,f,f
sol,sol:1785024000000,1785024000000,1785024900000,2026-07-26T00:00:00Z,UP,YES,,74.5907,official-venue-resolution,f,f,f,f,f
xrp,xrp:1785024000000,1785024000000,1785024900000,2026-07-26T00:00:00Z,UP,YES,,1.0983,official-venue-resolution,f,f,f,f,f
bnb,bnb:1785024900000,1785024900000,1785025800000,2026-07-26T00:15:00Z,UP,YES,,569.97,official-venue-resolution,f,f,f,f,f
btc,btc:1785024900000,1785024900000,1785025800000,2026-07-26T00:15:00Z,UP,YES,,64413.75,official-venue-resolution,f,f,f,f,f
doge,doge:1785024900000,1785024900000,1785025800000,2026-07-26T00:15:00Z,UP,YES,,0.071761,official-venue-resolution,f,f,f,f,f
eth,eth:1785024900000,1785024900000,1785025800000,2026-07-26T00:15:00Z,UP,YES,,1878.04,official-venue-resolution,f,f,f,f,f
hype,hype:1785024900000,1785024900000,1785025800000,2026-07-26T00:15:00Z,UP,YES,,58.3878,official-venue-resolution,f,f,f,f,f
sol,sol:1785024900000,1785024900000,1785025800000,2026-07-26T00:15:00Z,UP,YES,,74.8398,official-venue-resolution,f,f,f,f,f
xrp,xrp:1785024900000,1785024900000,1785025800000,2026-07-26T00:15:00Z,UP,YES,,1.0989,official-venue-resolution,f,f,f,f,f
bnb,bnb:1785025800000,1785025800000,1785026700000,2026-07-26T00:30:00Z,DOWN,NO,,569.65,official-venue-resolution,f,f,f,f,f
btc,btc:1785025800000,1785025800000,1785026700000,2026-07-26T00:30:00Z,DOWN,NO,,64365.6,official-venue-resolution,f,f,f,f,f
doge,doge:1785025800000,1785025800000,1785026700000,2026-07-26T00:30:00Z,DOWN,NO,,0.0716879,official-venue-resolution,f,f,f,f,f
eth,eth:1785025800000,1785025800000,1785026700000,2026-07-26T00:30:00Z,DOWN,NO,,1875.85,official-venue-resolution,f,f,f,f,f
hype,hype:1785025800000,1785025800000,1785026700000,2026-07-26T00:30:00Z,DOWN,NO,,58.2534,official-venue-resolution,f,f,f,f,f
sol,sol:1785025800000,1785025800000,1785026700000,2026-07-26T00:30:00Z,DOWN,NO,,74.6378,official-venue-resolution,f,f,f,f,f
xrp,xrp:1785025800000,1785025800000,1785026700000,2026-07-26T00:30:00Z,DOWN,NO,,1.0978,official-venue-resolution,f,f,f,f,f
bnb,bnb:1785026700000,1785026700000,1785027600000,2026-07-26T00:45:00Z,UP,YES,,569.86,official-venue-resolution,f,f,f,f,f
btc,btc:1785026700000,1785026700000,1785027600000,2026-07-26T00:45:00Z,UP,YES,,64442.72,official-venue-resolution,f,f,f,f,f
doge,doge:1785026700000,1785026700000,1785027600000,2026-07-26T00:45:00Z,UP,YES,,0.071772,official-venue-resolution,f,f,f,f,f
eth,eth:1785026700000,1785026700000,1785027600000,2026-07-26T00:45:00Z,UP,YES,,1879.36,official-venue-resolution,f,f,f,f,f
hype,hype:1785026700000,1785026700000,1785027600000,2026-07-26T00:45:00Z,UP,YES,,58.2876,official-venue-resolution,f,f,f,f,f
sol,sol:1785026700000,1785026700000,1785027600000,2026-07-26T00:45:00Z,UP,YES,,74.7132,official-venue-resolution,f,f,f,f,f
xrp,xrp:1785026700000,1785026700000,1785027600000,2026-07-26T00:45:00Z,UP,YES,,1.0988,official-venue-resolution,f,f,f,f,f
bnb,bnb:1785027600000,1785027600000,1785028500000,2026-07-26T01:00:00Z,DOWN,YES,,569.89,official-venue-resolution,t,t,f,f,f
btc,btc:1785027600000,1785027600000,1785028500000,2026-07-26T01:00:00Z,DOWN,NO,,64440.88,official-venue-resolution,f,f,f,f,f
doge,doge:1785027600000,1785027600000,1785028500000,2026-07-26T01:00:00Z,DOWN,NO,,0.0716952,official-venue-resolution,f,f,f,f,f
eth,eth:1785027600000,1785027600000,1785028500000,2026-07-26T01:00:00Z,DOWN,NO,,1879.03,official-venue-resolution,f,f,f,f,f
hype,hype:1785027600000,1785027600000,1785028500000,2026-07-26T01:00:00Z,DOWN,NO,,58.2766,official-venue-resolution,f,f,f,f,f
sol,sol:1785027600000,1785027600000,1785028500000,2026-07-26T01:00:00Z,DOWN,NO,,74.6963,official-venue-resolution,f,f,f,f,f
xrp,xrp:1785027600000,1785027600000,1785028500000,2026-07-26T01:00:00Z,DOWN,YES,,1.0988,official-venue-resolution,t,t,f,f,f
bnb,bnb:1785028500000,1785028500000,1785029400000,2026-07-26T01:15:00Z,DOWN,NO,,569.65,official-venue-resolution,f,f,f,f,f
btc,btc:1785028500000,1785028500000,1785029400000,2026-07-26T01:15:00Z,DOWN,NO,,64424.38,official-venue-resolution,f,f,f,f,f
doge,doge:1785028500000,1785028500000,1785029400000,2026-07-26T01:15:00Z,DOWN,NO,,0.0716578,official-venue-resolution,f,f,f,f,f
eth,eth:1785028500000,1785028500000,1785029400000,2026-07-26T01:15:00Z,DOWN,NO,,1878.15,official-venue-resolution,f,f,f,f,f
hype,hype:1785028500000,1785028500000,1785029400000,2026-07-26T01:15:00Z,UP,YES,,58.3676,official-venue-resolution,f,f,f,f,f
sol,sol:1785028500000,1785028500000,1785029400000,2026-07-26T01:15:00Z,DOWN,NO,,74.64,official-venue-resolution,f,f,f,f,f
xrp,xrp:1785028500000,1785028500000,1785029400000,2026-07-26T01:15:00Z,DOWN,YES,,1.0989,official-venue-resolution,t,t,f,f,f
bnb,bnb:1785029400000,1785029400000,1785030300000,2026-07-26T01:30:00Z,UP,NO,,569.63,official-venue-resolution,t,f,t,f,f
btc,btc:1785029400000,1785029400000,1785030300000,2026-07-26T01:30:00Z,DOWN,NO,,64414.25,official-venue-resolution,f,f,f,f,f
doge,doge:1785029400000,1785029400000,1785030300000,2026-07-26T01:30:00Z,UP,NO,,0.0716345,official-venue-resolution,t,f,t,f,f
eth,eth:1785029400000,1785029400000,1785030300000,2026-07-26T01:30:00Z,DOWN,NO,,1877.81,official-venue-resolution,f,f,f,f,f
hype,hype:1785029400000,1785029400000,1785030300000,2026-07-26T01:30:00Z,UP,NO,,58.3547,official-venue-resolution,t,f,t,f,f
sol,sol:1785029400000,1785029400000,1785030300000,2026-07-26T01:30:00Z,UP,YES,,74.6893,official-venue-resolution,f,f,f,f,f
xrp,xrp:1785029400000,1785029400000,1785030300000,2026-07-26T01:30:00Z,UP,NO,,1.0987,official-venue-resolution,t,f,t,f,f
bnb,bnb:1785030300000,1785030300000,1785031200000,2026-07-26T01:45:00Z,UP,YES,,569.82,official-venue-resolution,f,f,f,f,f
btc,btc:1785030300000,1785030300000,1785031200000,2026-07-26T01:45:00Z,DOWN,NO,,64401.79,official-venue-resolution,f,f,f,f,f
doge,doge:1785030300000,1785030300000,1785031200000,2026-07-26T01:45:00Z,UP,YES,,0.071993,official-venue-resolution,f,f,f,f,f
eth,eth:1785030300000,1785030300000,1785031200000,2026-07-26T01:45:00Z,DOWN,NO,,1876.98,official-venue-resolution,f,f,f,f,f
hype,hype:1785030300000,1785030300000,1785031200000,2026-07-26T01:45:00Z,UP,YES,,58.4024,official-venue-resolution,f,f,f,f,f
sol,sol:1785030300000,1785030300000,1785031200000,2026-07-26T01:45:00Z,UP,YES,,74.756,official-venue-resolution,f,f,f,f,f
xrp,xrp:1785030300000,1785030300000,1785031200000,2026-07-26T01:45:00Z,UP,YES,,1.0987,official-venue-resolution,f,f,f,f,f
bnb,bnb:1785031200000,1785031200000,1785032100000,2026-07-26T02:00:00Z,DOWN,NO,,569.75,official-venue-resolution,f,f,f,f,f
btc,btc:1785031200000,1785031200000,1785032100000,2026-07-26T02:00:00Z,UP,YES,,64418.95,official-venue-resolution,f,f,f,f,f
doge,doge:1785031200000,1785031200000,1785032100000,2026-07-26T02:00:00Z,UP,YES,,0.0723928,official-venue-resolution,f,f,f,f,f
eth,eth:1785031200000,1785031200000,1785032100000,2026-07-26T02:00:00Z,UP,YES,,1877.95,official-venue-resolution,f,f,f,f,f
hype,hype:1785031200000,1785031200000,1785032100000,2026-07-26T02:00:00Z,UP,YES,,58.4513,official-venue-resolution,f,f,f,f,f
sol,sol:1785031200000,1785031200000,1785032100000,2026-07-26T02:00:00Z,DOWN,NO,,74.732,official-venue-resolution,f,f,f,f,f
xrp,xrp:1785031200000,1785031200000,1785032100000,2026-07-26T02:00:00Z,UP,YES,,1.0989,official-venue-resolution,f,f,f,f,f
bnb,bnb:1785032100000,1785032100000,1785033000000,2026-07-26T02:15:00Z,DOWN,NO,,569.54,official-venue-resolution,f,f,f,f,f
btc,btc:1785032100000,1785032100000,1785033000000,2026-07-26T02:15:00Z,UP,YES,,64421.21,official-venue-resolution,f,f,f,f,f
doge,doge:1785032100000,1785032100000,1785033000000,2026-07-26T02:15:00Z,UP,YES,,0.0726926,official-venue-resolution,f,f,f,f,f
eth,eth:1785032100000,1785032100000,1785033000000,2026-07-26T02:15:00Z,DOWN,NO,,1877.91,official-venue-resolution,f,f,f,f,f
hype,hype:1785032100000,1785032100000,1785033000000,2026-07-26T02:15:00Z,DOWN,YES,,58.4746,official-venue-resolution,t,t,f,f,f
sol,sol:1785032100000,1785032100000,1785033000000,2026-07-26T02:15:00Z,UP,YES,,74.7513,official-venue-resolution,f,f,f,f,f
xrp,xrp:1785032100000,1785032100000,1785033000000,2026-07-26T02:15:00Z,DOWN,NO,,1.0988,official-venue-resolution,f,f,f,f,f
bnb,bnb:1785033000000,1785033000000,1785033900000,2026-07-26T02:30:00Z,DOWN,YES,,569.54,official-venue-resolution,t,t,f,f,f
btc,btc:1785033000000,1785033000000,1785033900000,2026-07-26T02:30:00Z,DOWN,NO,,64383.46,official-venue-resolution,f,f,f,f,f
doge,doge:1785033000000,1785033000000,1785033900000,2026-07-26T02:30:00Z,DOWN,NO,,0.0724574,official-venue-resolution,f,f,f,f,f
eth,eth:1785033000000,1785033000000,1785033900000,2026-07-26T02:30:00Z,DOWN,NO,,1876.87,official-venue-resolution,f,f,f,f,f
hype,hype:1785033000000,1785033000000,1785033900000,2026-07-26T02:30:00Z,DOWN,NO,,58.3448,official-venue-resolution,f,f,f,f,f
sol,sol:1785033000000,1785033000000,1785033900000,2026-07-26T02:30:00Z,DOWN,NO,,74.7467,official-venue-resolution,f,f,f,f,f
xrp,xrp:1785033000000,1785033000000,1785033900000,2026-07-26T02:30:00Z,DOWN,NO,,1.0983,official-venue-resolution,f,f,f,f,f
bnb,bnb:1785033900000,1785033900000,1785034800000,2026-07-26T02:45:00Z,UP,YES,,569.86,official-venue-resolution,f,f,f,f,f
btc,btc:1785033900000,1785033900000,1785034800000,2026-07-26T02:45:00Z,UP,YES,,64462.8,official-venue-resolution,f,f,f,f,f
doge,doge:1785033900000,1785033900000,1785034800000,2026-07-26T02:45:00Z,DOWN,NO,,0.0724018,official-venue-resolution,f,f,f,f,f
eth,eth:1785033900000,1785033900000,1785034800000,2026-07-26T02:45:00Z,UP,YES,,1879.55,official-venue-resolution,f,f,f,f,f
hype,hype:1785033900000,1785033900000,1785034800000,2026-07-26T02:45:00Z,UP,YES,,58.5556,official-venue-resolution,f,f,f,f,f
sol,sol:1785033900000,1785033900000,1785034800000,2026-07-26T02:45:00Z,UP,YES,,74.853,official-venue-resolution,f,f,f,f,f
xrp,xrp:1785033900000,1785033900000,1785034800000,2026-07-26T02:45:00Z,UP,YES,,1.0997,official-venue-resolution,f,f,f,f,f
bnb,bnb:1785034800000,1785034800000,1785035700000,2026-07-26T03:00:00Z,UP,YES,,570.14,official-venue-resolution,f,f,f,f,f
btc,btc:1785034800000,1785034800000,1785035700000,2026-07-26T03:00:00Z,UP,YES,,64514.32,official-venue-resolution,f,f,f,f,f
doge,doge:1785034800000,1785034800000,1785035700000,2026-07-26T03:00:00Z,DOWN,NO,,0.0723664,official-venue-resolution,f,f,f,f,f
eth,eth:1785034800000,1785034800000,1785035700000,2026-07-26T03:00:00Z,UP,YES,,1881.64,official-venue-resolution,f,f,f,f,f
hype,hype:1785034800000,1785034800000,1785035700000,2026-07-26T03:00:00Z,UP,YES,,58.6152,official-venue-resolution,f,f,f,f,f
sol,sol:1785034800000,1785034800000,1785035700000,2026-07-26T03:00:00Z,UP,YES,,74.9248,official-venue-resolution,f,f,f,f,f
xrp,xrp:1785034800000,1785034800000,1785035700000,2026-07-26T03:00:00Z,UP,YES,,1.1001,official-venue-resolution,f,f,f,f,f
bnb,bnb:1785035700000,1785035700000,1785036600000,2026-07-26T03:15:00Z,DOWN,NO,,569.95,official-venue-resolution,f,f,f,f,f
btc,btc:1785035700000,1785035700000,1785036600000,2026-07-26T03:15:00Z,DOWN,NO,,64491.56,official-venue-resolution,f,f,f,f,f
doge,doge:1785035700000,1785035700000,1785036600000,2026-07-26T03:15:00Z,DOWN,NO,,0.0723585,official-venue-resolution,f,f,f,f,f
eth,eth:1785035700000,1785035700000,1785036600000,2026-07-26T03:15:00Z,DOWN,NO,,1880.16,official-venue-resolution,f,f,f,f,f
hype,hype:1785035700000,1785035700000,1785036600000,2026-07-26T03:15:00Z,DOWN,NO,,58.4706,official-venue-resolution,f,f,f,f,f
sol,sol:1785035700000,1785035700000,1785036600000,2026-07-26T03:15:00Z,DOWN,NO,,74.8667,official-venue-resolution,f,f,f,f,f
xrp,xrp:1785035700000,1785035700000,1785036600000,2026-07-26T03:15:00Z,DOWN,NO,,1.0998,official-venue-resolution,f,f,f,f,f
bnb,bnb:1785036600000,1785036600000,1785037500000,2026-07-26T03:30:00Z,DOWN,YES,,569.95,official-venue-resolution,t,t,f,f,f
btc,btc:1785036600000,1785036600000,1785037500000,2026-07-26T03:30:00Z,DOWN,YES,,64494.17,official-venue-resolution,t,t,f,f,f
doge,doge:1785036600000,1785036600000,1785037500000,2026-07-26T03:30:00Z,UP,YES,,0.0724765,official-venue-resolution,f,f,f,f,f
eth,eth:1785036600000,1785036600000,1785037500000,2026-07-26T03:30:00Z,UP,YES,,1881.41,official-venue-resolution,f,f,f,f,f
hype,hype:1785036600000,1785036600000,1785037500000,2026-07-26T03:30:00Z,UP,YES,,58.521,official-venue-resolution,f,f,f,f,f
sol,sol:1785036600000,1785036600000,1785037500000,2026-07-26T03:30:00Z,UP,YES,,74.9022,official-venue-resolution,f,f,f,f,f
xrp,xrp:1785036600000,1785036600000,1785037500000,2026-07-26T03:30:00Z,UP,YES,,1.1003,official-venue-resolution,f,f,f,f,f
bnb,bnb:1785037500000,1785037500000,1785038400000,2026-07-26T03:45:00Z,UP,YES,,569.96,official-venue-resolution,f,f,f,f,f
btc,btc:1785037500000,1785037500000,1785038400000,2026-07-26T03:45:00Z,UP,NO,,64478.24,official-venue-resolution,t,f,t,f,f
doge,doge:1785037500000,1785037500000,1785038400000,2026-07-26T03:45:00Z,UP,YES,,0.0726513,official-venue-resolution,f,f,f,f,f
eth,eth:1785037500000,1785037500000,1785038400000,2026-07-26T03:45:00Z,DOWN,NO,,1880.69,official-venue-resolution,f,f,f,f,f
hype,hype:1785037500000,1785037500000,1785038400000,2026-07-26T03:45:00Z,UP,YES,,58.5842,official-venue-resolution,f,f,f,f,f
sol,sol:1785037500000,1785037500000,1785038400000,2026-07-26T03:45:00Z,UP,YES,,74.9472,official-venue-resolution,f,f,f,f,f
xrp,xrp:1785037500000,1785037500000,1785038400000,2026-07-26T03:45:00Z,UP,NO,,1.1002,official-venue-resolution,t,f,t,f,f
bnb,bnb:1785038400000,1785038400000,1785039300000,2026-07-26T04:00:00Z,DOWN,NO,,569.67,official-venue-resolution,f,f,f,f,f
btc,btc:1785038400000,1785038400000,1785039300000,2026-07-26T04:00:00Z,DOWN,NO,,64450.49,official-venue-resolution,f,f,f,f,f
doge,doge:1785038400000,1785038400000,1785039300000,2026-07-26T04:00:00Z,DOWN,NO,,0.0725347,official-venue-resolution,f,f,f,f,f
eth,eth:1785038400000,1785038400000,1785039300000,2026-07-26T04:00:00Z,DOWN,NO,,1879.84,official-venue-resolution,f,f,f,f,f
hype,hype:1785038400000,1785038400000,1785039300000,2026-07-26T04:00:00Z,DOWN,NO,,58.5113,official-venue-resolution,f,f,f,f,f
sol,sol:1785038400000,1785038400000,1785039300000,2026-07-26T04:00:00Z,DOWN,NO,,74.9118,official-venue-resolution,f,f,f,f,f
xrp,xrp:1785038400000,1785038400000,1785039300000,2026-07-26T04:00:00Z,DOWN,NO,,1.0993,official-venue-resolution,f,f,f,f,f
bnb,bnb:1785039300000,1785039300000,1785040200000,2026-07-26T04:15:00Z,UP,YES,,570.14,official-venue-resolution,f,f,f,f,f
btc,btc:1785039300000,1785039300000,1785040200000,2026-07-26T04:15:00Z,UP,YES,,64490.58,official-venue-resolution,f,f,f,f,f
doge,doge:1785039300000,1785039300000,1785040200000,2026-07-26T04:15:00Z,UP,YES,,0.0732688,official-venue-resolution,f,f,f,f,f
eth,eth:1785039300000,1785039300000,1785040200000,2026-07-26T04:15:00Z,UP,YES,,1882.79,official-venue-resolution,f,f,f,f,f
hype,hype:1785039300000,1785039300000,1785040200000,2026-07-26T04:15:00Z,UP,YES,,58.5939,official-venue-resolution,f,f,f,f,f
sol,sol:1785039300000,1785039300000,1785040200000,2026-07-26T04:15:00Z,UP,YES,,75.0708,official-venue-resolution,f,f,f,f,f
xrp,xrp:1785039300000,1785039300000,1785040200000,2026-07-26T04:15:00Z,UP,YES,,1.1022,official-venue-resolution,f,f,f,f,f
bnb,bnb:1785040200000,1785040200000,1785041100000,2026-07-26T04:30:00Z,UP,YES,,570.37,official-venue-resolution,f,f,f,f,f
btc,btc:1785040200000,1785040200000,1785041100000,2026-07-26T04:30:00Z,UP,YES,,64503.73,official-venue-resolution,f,f,f,f,f
doge,doge:1785040200000,1785040200000,1785041100000,2026-07-26T04:30:00Z,DOWN,NO,,0.0729941,official-venue-resolution,f,f,f,f,f
eth,eth:1785040200000,1785040200000,1785041100000,2026-07-26T04:30:00Z,UP,YES,,1884.6,official-venue-resolution,f,f,f,f,f
hype,hype:1785040200000,1785040200000,1785041100000,2026-07-26T04:30:00Z,UP,NO,,58.5889,official-venue-resolution,t,f,t,f,f
sol,sol:1785040200000,1785040200000,1785041100000,2026-07-26T04:30:00Z,UP,YES,,75.0862,official-venue-resolution,f,f,f,f,f
xrp,xrp:1785040200000,1785040200000,1785041100000,2026-07-26T04:30:00Z,UP,NO,,1.1021,official-venue-resolution,t,f,t,f,f
bnb,bnb:1785041100000,1785041100000,1785042000000,2026-07-26T04:45:00Z,DOWN,YES,,570.42,official-venue-resolution,t,t,f,f,f
btc,btc:1785041100000,1785041100000,1785042000000,2026-07-26T04:45:00Z,DOWN,NO,,64467.51,official-venue-resolution,f,f,f,f,f
doge,doge:1785041100000,1785041100000,1785042000000,2026-07-26T04:45:00Z,UP,YES,,0.0731235,official-venue-resolution,f,f,f,f,f
eth,eth:1785041100000,1785041100000,1785042000000,2026-07-26T04:45:00Z,DOWN,NO,,1884.47,official-venue-resolution,f,f,f,f,f
hype,hype:1785041100000,1785041100000,1785042000000,2026-07-26T04:45:00Z,DOWN,NO,,58.5577,official-venue-resolution,f,f,f,f,f
sol,sol:1785041100000,1785041100000,1785042000000,2026-07-26T04:45:00Z,DOWN,NO,,74.9932,official-venue-resolution,f,f,f,f,f
xrp,xrp:1785041100000,1785041100000,1785042000000,2026-07-26T04:45:00Z,DOWN,NO,,1.1008,official-venue-resolution,f,f,f,f,f
bnb,bnb:1785042000000,1785042000000,1785042900000,2026-07-26T05:00:00Z,UP,YES,,571.05,official-venue-resolution,f,f,f,f,f
btc,btc:1785042000000,1785042000000,1785042900000,2026-07-26T05:00:00Z,DOWN,NO,,64460.25,official-venue-resolution,f,f,f,f,f
doge,doge:1785042000000,1785042000000,1785042900000,2026-07-26T05:00:00Z,UP,YES,,0.0734277,official-venue-resolution,f,f,f,f,f
eth,eth:1785042000000,1785042000000,1785042900000,2026-07-26T05:00:00Z,UP,YES,,1885.92,official-venue-resolution,f,f,f,f,f
hype,hype:1785042000000,1785042000000,1785042900000,2026-07-26T05:00:00Z,UP,YES,,58.679,official-venue-resolution,f,f,f,f,f
sol,sol:1785042000000,1785042000000,1785042900000,2026-07-26T05:00:00Z,UP,YES,,75.0955,official-venue-resolution,f,f,f,f,f
xrp,xrp:1785042000000,1785042000000,1785042900000,2026-07-26T05:00:00Z,DOWN,NO,,1.1006,official-venue-resolution,f,f,f,f,f
bnb,bnb:1785042900000,1785042900000,1785043800000,2026-07-26T05:15:00Z,UP,YES,,571.34,official-venue-resolution,f,f,f,f,f
btc,btc:1785042900000,1785042900000,1785043800000,2026-07-26T05:15:00Z,DOWN,NO,,64434.35,official-venue-resolution,f,f,f,f,f
doge,doge:1785042900000,1785042900000,1785043800000,2026-07-26T05:15:00Z,DOWN,NO,,0.0732631,official-venue-resolution,f,f,f,f,f
eth,eth:1785042900000,1785042900000,1785043800000,2026-07-26T05:15:00Z,DOWN,NO,,1883.71,official-venue-resolution,f,f,f,f,f
hype,hype:1785042900000,1785042900000,1785043800000,2026-07-26T05:15:00Z,DOWN,NO,,58.6585,official-venue-resolution,f,f,f,f,f
sol,sol:1785042900000,1785042900000,1785043800000,2026-07-26T05:15:00Z,DOWN,NO,,74.9918,official-venue-resolution,f,f,f,f,f
xrp,xrp:1785042900000,1785042900000,1785043800000,2026-07-26T05:15:00Z,DOWN,NO,,1.0993,official-venue-resolution,f,f,f,f,f
bnb,bnb:1785043800000,1785043800000,1785044700000,2026-07-26T05:30:00Z,DOWN,NO,,571.14,official-venue-resolution,f,f,f,f,f
btc,btc:1785043800000,1785043800000,1785044700000,2026-07-26T05:30:00Z,DOWN,NO,,64416.31,official-venue-resolution,f,f,f,f,f
doge,doge:1785043800000,1785043800000,1785044700000,2026-07-26T05:30:00Z,UP,YES,,0.0735827,official-venue-resolution,f,f,f,f,f
eth,eth:1785043800000,1785043800000,1785044700000,2026-07-26T05:30:00Z,UP,YES,,1884.71,official-venue-resolution,f,f,f,f,f
hype,hype:1785043800000,1785043800000,1785044700000,2026-07-26T05:30:00Z,UP,NO,,58.6374,official-venue-resolution,t,f,t,f,f
sol,sol:1785043800000,1785043800000,1785044700000,2026-07-26T05:30:00Z,UP,YES,,75.0567,official-venue-resolution,f,f,f,f,f
xrp,xrp:1785043800000,1785043800000,1785044700000,2026-07-26T05:30:00Z,UP,YES,,1.0998,official-venue-resolution,f,f,f,f,f
bnb,bnb:1785044700000,1785044700000,1785045600000,2026-07-26T05:45:00Z,DOWN,NO,,570.93,official-venue-resolution,f,f,f,f,f
btc,btc:1785044700000,1785044700000,1785045600000,2026-07-26T05:45:00Z,DOWN,NO,,64364.31,official-venue-resolution,f,f,f,f,f
doge,doge:1785044700000,1785044700000,1785045600000,2026-07-26T05:45:00Z,DOWN,NO,,0.0733391,official-venue-resolution,f,f,f,f,f
eth,eth:1785044700000,1785044700000,1785045600000,2026-07-26T05:45:00Z,DOWN,NO,,1882.56,official-venue-resolution,f,f,f,f,f
hype,hype:1785044700000,1785044700000,1785045600000,2026-07-26T05:45:00Z,UP,YES,,58.6771,official-venue-resolution,f,f,f,f,f
sol,sol:1785044700000,1785044700000,1785045600000,2026-07-26T05:45:00Z,DOWN,NO,,74.9693,official-venue-resolution,f,f,f,f,f
xrp,xrp:1785044700000,1785044700000,1785045600000,2026-07-26T05:45:00Z,DOWN,NO,,1.0988,official-venue-resolution,f,f,f,f,f
bnb,bnb:1785045600000,1785045600000,1785046500000,2026-07-26T06:00:00Z,DOWN,NO,,570.59,official-venue-resolution,f,f,f,f,f
btc,btc:1785045600000,1785045600000,1785046500000,2026-07-26T06:00:00Z,DOWN,NO,,64295.33,official-venue-resolution,f,f,f,f,f
doge,doge:1785045600000,1785045600000,1785046500000,2026-07-26T06:00:00Z,DOWN,NO,,0.0730639,official-venue-resolution,f,f,f,f,f
eth,eth:1785045600000,1785045600000,1785046500000,2026-07-26T06:00:00Z,DOWN,NO,,1880.01,official-venue-resolution,f,f,f,f,f
hype,hype:1785045600000,1785045600000,1785046500000,2026-07-26T06:00:00Z,DOWN,NO,,58.5831,official-venue-resolution,f,f,f,f,f
sol,sol:1785045600000,1785045600000,1785046500000,2026-07-26T06:00:00Z,DOWN,NO,,74.8207,official-venue-resolution,f,f,f,f,f
xrp,xrp:1785045600000,1785045600000,1785046500000,2026-07-26T06:00:00Z,DOWN,NO,,1.0967,official-venue-resolution,f,f,f,f,f
bnb,bnb:1785046500000,1785046500000,1785047400000,2026-07-26T06:15:00Z,DOWN,NO,,570.17,official-venue-resolution,f,f,f,f,f
btc,btc:1785046500000,1785046500000,1785047400000,2026-07-26T06:15:00Z,DOWN,NO,,64245.14,official-venue-resolution,f,f,f,f,f
doge,doge:1785046500000,1785046500000,1785047400000,2026-07-26T06:15:00Z,DOWN,NO,,0.0727308,official-venue-resolution,f,f,f,f,f
eth,eth:1785046500000,1785046500000,1785047400000,2026-07-26T06:15:00Z,DOWN,NO,,1877.31,official-venue-resolution,f,f,f,f,f
hype,hype:1785046500000,1785046500000,1785047400000,2026-07-26T06:15:00Z,DOWN,NO,,58.4356,official-venue-resolution,f,f,f,f,f
sol,sol:1785046500000,1785046500000,1785047400000,2026-07-26T06:15:00Z,DOWN,NO,,74.711,official-venue-resolution,f,f,f,f,f
xrp,xrp:1785046500000,1785046500000,1785047400000,2026-07-26T06:15:00Z,DOWN,NO,,1.0953,official-venue-resolution,f,f,f,f,f
bnb,bnb:1785047400000,1785047400000,1785048300000,2026-07-26T06:30:00Z,UP,YES,,570.86,official-venue-resolution,f,f,f,f,f
btc,btc:1785047400000,1785047400000,1785048300000,2026-07-26T06:30:00Z,UP,YES,,64316.26,official-venue-resolution,f,f,f,f,f
doge,doge:1785047400000,1785047400000,1785048300000,2026-07-26T06:30:00Z,UP,YES,,0.0728997,official-venue-resolution,f,f,f,f,f
eth,eth:1785047400000,1785047400000,1785048300000,2026-07-26T06:30:00Z,UP,YES,,1880.8,official-venue-resolution,f,f,f,f,f
hype,hype:1785047400000,1785047400000,1785048300000,2026-07-26T06:30:00Z,UP,YES,,58.6928,official-venue-resolution,f,f,f,f,f
sol,sol:1785047400000,1785047400000,1785048300000,2026-07-26T06:30:00Z,UP,YES,,74.8637,official-venue-resolution,f,f,f,f,f
xrp,xrp:1785047400000,1785047400000,1785048300000,2026-07-26T06:30:00Z,UP,YES,,1.0978,official-venue-resolution,f,f,f,f,f
bnb,bnb:1785048300000,1785048300000,1785049200000,2026-07-26T06:45:00Z,UP,YES,,571.97,official-venue-resolution,f,f,f,f,f
btc,btc:1785048300000,1785048300000,1785049200000,2026-07-26T06:45:00Z,UP,YES,,64379.33,official-venue-resolution,f,f,f,f,f
doge,doge:1785048300000,1785048300000,1785049200000,2026-07-26T06:45:00Z,UP,YES,,0.0734549,official-venue-resolution,f,f,f,f,f
eth,eth:1785048300000,1785048300000,1785049200000,2026-07-26T06:45:00Z,UP,YES,,1883.81,official-venue-resolution,f,f,f,f,f
hype,hype:1785048300000,1785048300000,1785049200000,2026-07-26T06:45:00Z,DOWN,NO,,58.6299,official-venue-resolution,f,f,f,f,f
sol,sol:1785048300000,1785048300000,1785049200000,2026-07-26T06:45:00Z,UP,YES,,75.0685,official-venue-resolution,f,f,f,f,f
xrp,xrp:1785048300000,1785048300000,1785049200000,2026-07-26T06:45:00Z,UP,YES,,1.0994,official-venue-resolution,f,f,f,f,f
bnb,bnb:1785049200000,1785049200000,1785050100000,2026-07-26T07:00:00Z,DOWN,NO,,571.84,official-venue-resolution,f,f,f,f,f
btc,btc:1785049200000,1785049200000,1785050100000,2026-07-26T07:00:00Z,DOWN,NO,,64358.34,official-venue-resolution,f,f,f,f,f
doge,doge:1785049200000,1785049200000,1785050100000,2026-07-26T07:00:00Z,UP,YES,,0.0737483,official-venue-resolution,f,f,f,f,f
eth,eth:1785049200000,1785049200000,1785050100000,2026-07-26T07:00:00Z,DOWN,NO,,1883.26,official-venue-resolution,f,f,f,f,f
hype,hype:1785049200000,1785049200000,1785050100000,2026-07-26T07:00:00Z,UP,YES,,58.6814,official-venue-resolution,f,f,f,f,f
sol,sol:1785049200000,1785049200000,1785050100000,2026-07-26T07:00:00Z,DOWN,NO,,74.9633,official-venue-resolution,f,f,f,f,f
xrp,xrp:1785049200000,1785049200000,1785050100000,2026-07-26T07:00:00Z,UP,YES,,1.0998,official-venue-resolution,f,f,f,f,f
bnb,bnb:1785050100000,1785050100000,1785051000000,2026-07-26T07:15:00Z,DOWN,NO,,571.13,official-venue-resolution,f,f,f,f,f
btc,btc:1785050100000,1785050100000,1785051000000,2026-07-26T07:15:00Z,DOWN,NO,,64315.22,official-venue-resolution,f,f,f,f,f
doge,doge:1785050100000,1785050100000,1785051000000,2026-07-26T07:15:00Z,DOWN,NO,,0.0734219,official-venue-resolution,f,f,f,f,f
eth,eth:1785050100000,1785050100000,1785051000000,2026-07-26T07:15:00Z,DOWN,NO,,1882.16,official-venue-resolution,f,f,f,f,f
hype,hype:1785050100000,1785050100000,1785051000000,2026-07-26T07:15:00Z,UP,YES,,58.7594,official-venue-resolution,f,f,f,f,f
sol,sol:1785050100000,1785050100000,1785051000000,2026-07-26T07:15:00Z,DOWN,NO,,74.8997,official-venue-resolution,f,f,f,f,f
xrp,xrp:1785050100000,1785050100000,1785051000000,2026-07-26T07:15:00Z,DOWN,NO,,1.0983,official-venue-resolution,f,f,f,f,f
bnb,bnb:1785051000000,1785051000000,1785051900000,2026-07-26T07:30:00Z,UP,YES,,571.39,official-venue-resolution,f,f,f,f,f
btc,btc:1785051000000,1785051000000,1785051900000,2026-07-26T07:30:00Z,DOWN,NO,,64306.98,official-venue-resolution,f,f,f,f,f
doge,doge:1785051000000,1785051000000,1785051900000,2026-07-26T07:30:00Z,DOWN,NO,,0.0732292,official-venue-resolution,f,f,f,f,f
eth,eth:1785051000000,1785051000000,1785051900000,2026-07-26T07:30:00Z,DOWN,NO,,1879.78,official-venue-resolution,f,f,f,f,f
hype,hype:1785051000000,1785051000000,1785051900000,2026-07-26T07:30:00Z,DOWN,NO,,58.6834,official-venue-resolution,f,f,f,f,f
sol,sol:1785051000000,1785051000000,1785051900000,2026-07-26T07:30:00Z,DOWN,NO,,74.8688,official-venue-resolution,f,f,f,f,f
xrp,xrp:1785051000000,1785051000000,1785051900000,2026-07-26T07:30:00Z,DOWN,NO,,1.0976,official-venue-resolution,f,f,f,f,f
bnb,bnb:1785051900000,1785051900000,1785052800000,2026-07-26T07:45:00Z,DOWN,NO,,571.25,official-venue-resolution,f,f,f,f,f
btc,btc:1785051900000,1785051900000,1785052800000,2026-07-26T07:45:00Z,UP,YES,,64312.98,official-venue-resolution,f,f,f,f,f
doge,doge:1785051900000,1785051900000,1785052800000,2026-07-26T07:45:00Z,UP,NO,,0.073192,official-venue-resolution,t,f,t,f,f
eth,eth:1785051900000,1785051900000,1785052800000,2026-07-26T07:45:00Z,UP,YES,,1879.97,official-venue-resolution,f,f,f,f,f
hype,hype:1785051900000,1785051900000,1785052800000,2026-07-26T07:45:00Z,DOWN,NO,,58.6273,official-venue-resolution,f,f,f,f,f
sol,sol:1785051900000,1785051900000,1785052800000,2026-07-26T07:45:00Z,DOWN,NO,,74.8165,official-venue-resolution,f,f,f,f,f
xrp,xrp:1785051900000,1785051900000,1785052800000,2026-07-26T07:45:00Z,UP,YES,,1.0979,official-venue-resolution,f,f,f,f,f
bnb,bnb:1785052800000,1785052800000,1785053700000,2026-07-26T08:00:00Z,UP,YES,,571.28,official-venue-resolution,f,f,f,f,f
btc,btc:1785052800000,1785052800000,1785053700000,2026-07-26T08:00:00Z,UP,YES,,64330.65,official-venue-resolution,f,f,f,f,f
doge,doge:1785052800000,1785052800000,1785053700000,2026-07-26T08:00:00Z,UP,YES,,0.0732794,official-venue-resolution,f,f,f,f,f
eth,eth:1785052800000,1785052800000,1785053700000,2026-07-26T08:00:00Z,DOWN,NO,,1879.16,official-venue-resolution,f,f,f,f,f
hype,hype:1785052800000,1785052800000,1785053700000,2026-07-26T08:00:00Z,DOWN,NO,,58.5376,official-venue-resolution,f,f,f,f,f
sol,sol:1785052800000,1785052800000,1785053700000,2026-07-26T08:00:00Z,UP,YES,,74.8747,official-venue-resolution,f,f,f,f,f
xrp,xrp:1785052800000,1785052800000,1785053700000,2026-07-26T08:00:00Z,UP,YES,,1.0982,official-venue-resolution,f,f,f,f,f
bnb,bnb:1785053700000,1785053700000,1785054600000,2026-07-26T08:15:00Z,UP,NO,,571.16,official-venue-resolution,t,f,t,f,f
btc,btc:1785053700000,1785053700000,1785054600000,2026-07-26T08:15:00Z,UP,YES,,64339.36,official-venue-resolution,f,f,f,f,f
doge,doge:1785053700000,1785053700000,1785054600000,2026-07-26T08:15:00Z,UP,YES,,0.0735865,official-venue-resolution,f,f,f,f,f
eth,eth:1785053700000,1785053700000,1785054600000,2026-07-26T08:15:00Z,UP,NO,,1878.81,official-venue-resolution,t,f,t,f,f
hype,hype:1785053700000,1785053700000,1785054600000,2026-07-26T08:15:00Z,DOWN,NO,,58.4746,official-venue-resolution,f,f,f,f,f
sol,sol:1785053700000,1785053700000,1785054600000,2026-07-26T08:15:00Z,DOWN,NO,,74.8402,official-venue-resolution,f,f,f,f,f
xrp,xrp:1785053700000,1785053700000,1785054600000,2026-07-26T08:15:00Z,UP,YES,,1.0984,official-venue-resolution,f,f,f,f,f
bnb,bnb:1785054600000,1785054600000,1785055500000,2026-07-26T08:30:00Z,DOWN,NO,,571.08,official-venue-resolution,f,f,f,f,f
btc,btc:1785054600000,1785054600000,1785055500000,2026-07-26T08:30:00Z,UP,YES,,64382.47,official-venue-resolution,f,f,f,f,f
doge,doge:1785054600000,1785054600000,1785055500000,2026-07-26T08:30:00Z,DOWN,NO,,0.0734157,official-venue-resolution,f,f,f,f,f
eth,eth:1785054600000,1785054600000,1785055500000,2026-07-26T08:30:00Z,UP,YES,,1880.22,official-venue-resolution,f,f,f,f,f
hype,hype:1785054600000,1785054600000,1785055500000,2026-07-26T08:30:00Z,DOWN,NO,,58.4212,official-venue-resolution,f,f,f,f,f
sol,sol:1785054600000,1785054600000,1785055500000,2026-07-26T08:30:00Z,UP,YES,,74.8747,official-venue-resolution,f,f,f,f,f
xrp,xrp:1785054600000,1785054600000,1785055500000,2026-07-26T08:30:00Z,DOWN,YES,,1.0984,official-venue-resolution,t,t,f,f,f
bnb,bnb:1785055500000,1785055500000,1785056400000,2026-07-26T08:45:00Z,UP,YES,,571.34,official-venue-resolution,f,f,f,f,f
btc,btc:1785055500000,1785055500000,1785056400000,2026-07-26T08:45:00Z,UP,YES,,64423.2,official-venue-resolution,f,f,f,f,f
doge,doge:1785055500000,1785055500000,1785056400000,2026-07-26T08:45:00Z,DOWN,NO,,0.0733877,official-venue-resolution,f,f,f,f,f
eth,eth:1785055500000,1785055500000,1785056400000,2026-07-26T08:45:00Z,DOWN,YES,,1880.34,official-venue-resolution,t,t,f,f,f
hype,hype:1785055500000,1785055500000,1785056400000,2026-07-26T08:45:00Z,UP,YES,,58.5102,official-venue-resolution,f,f,f,f,f
sol,sol:1785055500000,1785055500000,1785056400000,2026-07-26T08:45:00Z,UP,YES,,74.955,official-venue-resolution,f,f,f,f,f
xrp,xrp:1785055500000,1785055500000,1785056400000,2026-07-26T08:45:00Z,UP,YES,,1.0988,official-venue-resolution,f,f,f,f,f
bnb,bnb:1785056400000,1785056400000,1785057300000,2026-07-26T09:00:00Z,DOWN,NO,,571.28,official-venue-resolution,f,f,f,f,f
btc,btc:1785056400000,1785056400000,1785057300000,2026-07-26T09:00:00Z,UP,YES,,64439.02,official-venue-resolution,f,f,f,f,f
doge,doge:1785056400000,1785056400000,1785057300000,2026-07-26T09:00:00Z,DOWN,NO,,0.0732979,official-venue-resolution,f,f,f,f,f
eth,eth:1785056400000,1785056400000,1785057300000,2026-07-26T09:00:00Z,UP,YES,,1880.93,official-venue-resolution,f,f,f,f,f
hype,hype:1785056400000,1785056400000,1785057300000,2026-07-26T09:00:00Z,UP,YES,,58.7042,official-venue-resolution,f,f,f,f,f
sol,sol:1785056400000,1785056400000,1785057300000,2026-07-26T09:00:00Z,UP,YES,,74.9815,official-venue-resolution,f,f,f,f,f
xrp,xrp:1785056400000,1785056400000,1785057300000,2026-07-26T09:00:00Z,UP,YES,,1.0994,official-venue-resolution,f,f,f,f,f
bnb,bnb:1785057300000,1785057300000,1785058200000,2026-07-26T09:15:00Z,DOWN,NO,,570.96,official-venue-resolution,f,f,f,f,f
btc,btc:1785057300000,1785057300000,1785058200000,2026-07-26T09:15:00Z,UP,YES,,64474.18,official-venue-resolution,f,f,f,f,f
doge,doge:1785057300000,1785057300000,1785058200000,2026-07-26T09:15:00Z,DOWN,NO,,0.0730896,official-venue-resolution,f,f,f,f,f
eth,eth:1785057300000,1785057300000,1785058200000,2026-07-26T09:15:00Z,UP,YES,,1882.77,official-venue-resolution,f,f,f,f,f
hype,hype:1785057300000,1785057300000,1785058200000,2026-07-26T09:15:00Z,UP,YES,,58.7462,official-venue-resolution,f,f,f,f,f
sol,sol:1785057300000,1785057300000,1785058200000,2026-07-26T09:15:00Z,UP,YES,,75.0198,official-venue-resolution,f,f,f,f,f
xrp,xrp:1785057300000,1785057300000,1785058200000,2026-07-26T09:15:00Z,DOWN,NO,,1.0993,official-venue-resolution,f,f,f,f,f
bnb,bnb:1785058200000,1785058200000,1785059100000,2026-07-26T09:30:00Z,UP,YES,,571.07,official-venue-resolution,f,f,f,f,f
btc,btc:1785058200000,1785058200000,1785059100000,2026-07-26T09:30:00Z,UP,YES,,64481.91,official-venue-resolution,f,f,f,f,f
doge,doge:1785058200000,1785058200000,1785059100000,2026-07-26T09:30:00Z,UP,YES,,0.0732469,official-venue-resolution,f,f,f,f,f
eth,eth:1785058200000,1785058200000,1785059100000,2026-07-26T09:30:00Z,UP,YES,,1883.47,official-venue-resolution,f,f,f,f,f
hype,hype:1785058200000,1785058200000,1785059100000,2026-07-26T09:30:00Z,DOWN,NO,,58.7394,official-venue-resolution,f,f,f,f,f
sol,sol:1785058200000,1785058200000,1785059100000,2026-07-26T09:30:00Z,UP,YES,,75.1167,official-venue-resolution,f,f,f,f,f
xrp,xrp:1785058200000,1785058200000,1785059100000,2026-07-26T09:30:00Z,DOWN,NO,,1.0991,official-venue-resolution,f,f,f,f,f
bnb,bnb:1785059100000,1785059100000,1785060000000,2026-07-26T09:45:00Z,UP,YES,,571.13,official-venue-resolution,f,f,f,f,f
btc,btc:1785059100000,1785059100000,1785060000000,2026-07-26T09:45:00Z,DOWN,NO,,64476.72,official-venue-resolution,f,f,f,f,f
doge,doge:1785059100000,1785059100000,1785060000000,2026-07-26T09:45:00Z,DOWN,NO,,0.0732198,official-venue-resolution,f,f,f,f,f
eth,eth:1785059100000,1785059100000,1785060000000,2026-07-26T09:45:00Z,DOWN,NO,,1882.57,official-venue-resolution,f,f,f,f,f
hype,hype:1785059100000,1785059100000,1785060000000,2026-07-26T09:45:00Z,DOWN,NO,,58.6842,official-venue-resolution,f,f,f,f,f
sol,sol:1785059100000,1785059100000,1785060000000,2026-07-26T09:45:00Z,DOWN,NO,,75.02,official-venue-resolution,f,f,f,f,f
xrp,xrp:1785059100000,1785059100000,1785060000000,2026-07-26T09:45:00Z,DOWN,YES,,1.0991,official-venue-resolution,t,t,f,f,f
bnb,bnb:1785060000000,1785060000000,1785060900000,2026-07-26T10:00:00Z,DOWN,NO,,570.92,official-venue-resolution,f,f,f,f,f
btc,btc:1785060000000,1785060000000,1785060900000,2026-07-26T10:00:00Z,DOWN,NO,,64453.23,official-venue-resolution,f,f,f,f,f
doge,doge:1785060000000,1785060000000,1785060900000,2026-07-26T10:00:00Z,UP,YES,,0.0733044,official-venue-resolution,f,f,f,f,f
eth,eth:1785060000000,1785060000000,1785060900000,2026-07-26T10:00:00Z,UP,YES,,1883.8,official-venue-resolution,f,f,f,f,f
hype,hype:1785060000000,1785060000000,1785060900000,2026-07-26T10:00:00Z,UP,YES,,58.8595,official-venue-resolution,f,f,f,f,f
sol,sol:1785060000000,1785060000000,1785060900000,2026-07-26T10:00:00Z,UP,YES,,75.0977,official-venue-resolution,f,f,f,f,f
xrp,xrp:1785060000000,1785060000000,1785060900000,2026-07-26T10:00:00Z,UP,YES,,1.0994,official-venue-resolution,f,f,f,f,f
bnb,bnb:1785060900000,1785060900000,1785061800000,2026-07-26T10:15:00Z,DOWN,NO,,570.6,official-venue-resolution,f,f,f,f,f
btc,btc:1785060900000,1785060900000,1785061800000,2026-07-26T10:15:00Z,UP,YES,,64462.24,official-venue-resolution,f,f,f,f,f
doge,doge:1785060900000,1785060900000,1785061800000,2026-07-26T10:15:00Z,DOWN,NO,,0.0732183,official-venue-resolution,f,f,f,f,f
eth,eth:1785060900000,1785060900000,1785061800000,2026-07-26T10:15:00Z,UP,YES,,1884.18,official-venue-resolution,f,f,f,f,f
hype,hype:1785060900000,1785060900000,1785061800000,2026-07-26T10:15:00Z,DOWN,NO,,58.8126,official-venue-resolution,f,f,f,f,f
sol,sol:1785060900000,1785060900000,1785061800000,2026-07-26T10:15:00Z,DOWN,NO,,75.08,official-venue-resolution,f,f,f,f,f
xrp,xrp:1785060900000,1785060900000,1785061800000,2026-07-26T10:15:00Z,UP,YES,,1.1,official-venue-resolution,f,f,f,f,f
bnb,bnb:1785061800000,1785061800000,1785062700000,2026-07-26T10:30:00Z,UP,YES,,570.98,official-venue-resolution,f,f,f,f,f
btc,btc:1785061800000,1785061800000,1785062700000,2026-07-26T10:30:00Z,UP,YES,,64492.5,official-venue-resolution,f,f,f,f,f
doge,doge:1785061800000,1785061800000,1785062700000,2026-07-26T10:30:00Z,UP,YES,,0.0733198,official-venue-resolution,f,f,f,f,f
eth,eth:1785061800000,1785061800000,1785062700000,2026-07-26T10:30:00Z,UP,YES,,1885.53,official-venue-resolution,f,f,f,f,f
hype,hype:1785061800000,1785061800000,1785062700000,2026-07-26T10:30:00Z,UP,YES,,58.8359,official-venue-resolution,f,f,f,f,f
sol,sol:1785061800000,1785061800000,1785062700000,2026-07-26T10:30:00Z,UP,YES,,75.1585,official-venue-resolution,f,f,f,f,f
xrp,xrp:1785061800000,1785061800000,1785062700000,2026-07-26T10:30:00Z,UP,YES,,1.1007,official-venue-resolution,f,f,f,f,f
bnb,bnb:1785062700000,1785062700000,1785063600000,2026-07-26T10:45:00Z,DOWN,NO,,570.64,official-venue-resolution,f,f,f,f,f
btc,btc:1785062700000,1785062700000,1785063600000,2026-07-26T10:45:00Z,DOWN,NO,,64462.07,official-venue-resolution,f,f,f,f,f
doge,doge:1785062700000,1785062700000,1785063600000,2026-07-26T10:45:00Z,DOWN,NO,,0.0732225,official-venue-resolution,f,f,f,f,f
eth,eth:1785062700000,1785062700000,1785063600000,2026-07-26T10:45:00Z,DOWN,NO,,1884.57,official-venue-resolution,f,f,f,f,f
hype,hype:1785062700000,1785062700000,1785063600000,2026-07-26T10:45:00Z,DOWN,NO,,58.7596,official-venue-resolution,f,f,f,f,f
sol,sol:1785062700000,1785062700000,1785063600000,2026-07-26T10:45:00Z,DOWN,NO,,75.07,official-venue-resolution,f,f,f,f,f
xrp,xrp:1785062700000,1785062700000,1785063600000,2026-07-26T10:45:00Z,DOWN,NO,,1.1,official-venue-resolution,f,f,f,f,f
bnb,bnb:1785063600000,1785063600000,1785064500000,2026-07-26T11:00:00Z,DOWN,YES,,570.65,official-venue-resolution,t,t,f,f,f
btc,btc:1785063600000,1785063600000,1785064500000,2026-07-26T11:00:00Z,DOWN,NO,,64453.24,official-venue-resolution,f,f,f,f,f
doge,doge:1785063600000,1785063600000,1785064500000,2026-07-26T11:00:00Z,DOWN,NO,,0.0731824,official-venue-resolution,f,f,f,f,f
eth,eth:1785063600000,1785063600000,1785064500000,2026-07-26T11:00:00Z,UP,YES,,1885.14,official-venue-resolution,f,f,f,f,f
hype,hype:1785063600000,1785063600000,1785064500000,2026-07-26T11:00:00Z,DOWN,NO,,58.7541,official-venue-resolution,f,f,f,f,f
sol,sol:1785063600000,1785063600000,1785064500000,2026-07-26T11:00:00Z,DOWN,NO,,75.053,official-venue-resolution,f,f,f,f,f
xrp,xrp:1785063600000,1785063600000,1785064500000,2026-07-26T11:00:00Z,DOWN,YES,,1.1001,official-venue-resolution,t,t,f,f,f
bnb,bnb:1785064500000,1785064500000,1785065400000,2026-07-26T11:15:00Z,UP,NO,,570.61,official-venue-resolution,t,f,t,f,f
btc,btc:1785064500000,1785064500000,1785065400000,2026-07-26T11:15:00Z,DOWN,NO,,64448.45,official-venue-resolution,f,f,f,f,f
doge,doge:1785064500000,1785064500000,1785065400000,2026-07-26T11:15:00Z,UP,YES,,0.0733692,official-venue-resolution,f,f,f,f,f
eth,eth:1785064500000,1785064500000,1785065400000,2026-07-26T11:15:00Z,UP,YES,,1885.71,official-venue-resolution,f,f,f,f,f
hype,hype:1785064500000,1785064500000,1785065400000,2026-07-26T11:15:00Z,UP,YES,,58.8204,official-venue-resolution,f,f,f,f,f
sol,sol:1785064500000,1785064500000,1785065400000,2026-07-26T11:15:00Z,DOWN,NO,,75.0192,official-venue-resolution,f,f,f,f,f
xrp,xrp:1785064500000,1785064500000,1785065400000,2026-07-26T11:15:00Z,UP,YES,,1.1001,official-venue-resolution,f,f,f,f,f
bnb,bnb:1785065400000,1785065400000,1785066300000,2026-07-26T11:30:00Z,DOWN,NO,,570.4,official-venue-resolution,f,f,f,f,f
btc,btc:1785065400000,1785065400000,1785066300000,2026-07-26T11:30:00Z,DOWN,NO,,64438.52,official-venue-resolution,f,f,f,f,f
doge,doge:1785065400000,1785065400000,1785066300000,2026-07-26T11:30:00Z,DOWN,NO,,0.0731695,official-venue-resolution,f,f,f,f,f
eth,eth:1785065400000,1785065400000,1785066300000,2026-07-26T11:30:00Z,DOWN,NO,,1885.23,official-venue-resolution,f,f,f,f,f
hype,hype:1785065400000,1785065400000,1785066300000,2026-07-26T11:30:00Z,DOWN,NO,,58.5893,official-venue-resolution,f,f,f,f,f
sol,sol:1785065400000,1785065400000,1785066300000,2026-07-26T11:30:00Z,DOWN,NO,,74.9152,official-venue-resolution,f,f,f,f,f
xrp,xrp:1785065400000,1785065400000,1785066300000,2026-07-26T11:30:00Z,DOWN,NO,,1.0996,official-venue-resolution,f,f,f,f,f
bnb,bnb:1785066300000,1785066300000,1785067200000,2026-07-26T11:45:00Z,UP,NO,,570.34,official-venue-resolution,t,f,t,f,f
btc,btc:1785066300000,1785066300000,1785067200000,2026-07-26T11:45:00Z,UP,YES,,64451.98,official-venue-resolution,f,f,f,f,f
doge,doge:1785066300000,1785066300000,1785067200000,2026-07-26T11:45:00Z,UP,NO,,0.0731561,official-venue-resolution,t,f,t,f,f
eth,eth:1785066300000,1785066300000,1785067200000,2026-07-26T11:45:00Z,DOWN,NO,,1884.52,official-venue-resolution,f,f,f,f,f
hype,hype:1785066300000,1785066300000,1785067200000,2026-07-26T11:45:00Z,UP,YES,,58.6068,official-venue-resolution,f,f,f,f,f
sol,sol:1785066300000,1785066300000,1785067200000,2026-07-26T11:45:00Z,UP,NO,,74.8853,official-venue-resolution,t,f,t,f,f
xrp,xrp:1785066300000,1785066300000,1785067200000,2026-07-26T11:45:00Z,UP,YES,,1.0997,official-venue-resolution,f,f,f,f,f
bnb,bnb:1785067200000,1785067200000,1785068100000,2026-07-26T12:00:00Z,UP,YES,,571.43,official-venue-resolution,f,f,f,f,f
btc,btc:1785067200000,1785067200000,1785068100000,2026-07-26T12:00:00Z,UP,YES,,64555.54,official-venue-resolution,f,f,f,f,f
doge,doge:1785067200000,1785067200000,1785068100000,2026-07-26T12:00:00Z,UP,YES,,0.07322,official-venue-resolution,f,f,f,f,f
eth,eth:1785067200000,1785067200000,1785068100000,2026-07-26T12:00:00Z,UP,YES,,1889.17,official-venue-resolution,f,f,f,f,f
hype,hype:1785067200000,1785067200000,1785068100000,2026-07-26T12:00:00Z,UP,YES,,58.7248,official-venue-resolution,f,f,f,f,f
sol,sol:1785067200000,1785067200000,1785068100000,2026-07-26T12:00:00Z,UP,YES,,74.9862,official-venue-resolution,f,f,f,f,f
xrp,xrp:1785067200000,1785067200000,1785068100000,2026-07-26T12:00:00Z,UP,YES,,1.1003,official-venue-resolution,f,f,f,f,f
bnb,bnb:1785068100000,1785068100000,1785069000000,2026-07-26T12:15:00Z,DOWN,NO,,571.22,official-venue-resolution,f,f,f,f,f
btc,btc:1785068100000,1785068100000,1785069000000,2026-07-26T12:15:00Z,DOWN,NO,,64521.84,official-venue-resolution,f,f,f,f,f
doge,doge:1785068100000,1785068100000,1785069000000,2026-07-26T12:15:00Z,UP,YES,,0.0732771,official-venue-resolution,f,f,f,f,f
eth,eth:1785068100000,1785068100000,1785069000000,2026-07-26T12:15:00Z,DOWN,NO,,1888.76,official-venue-resolution,f,f,f,f,f
hype,hype:1785068100000,1785068100000,1785069000000,2026-07-26T12:15:00Z,UP,YES,,58.7918,official-venue-resolution,f,f,f,f,f
sol,sol:1785068100000,1785068100000,1785069000000,2026-07-26T12:15:00Z,DOWN,NO,,74.94,official-venue-resolution,f,f,f,f,f
xrp,xrp:1785068100000,1785068100000,1785069000000,2026-07-26T12:15:00Z,DOWN,NO,,1.1002,official-venue-resolution,f,f,f,f,f
bnb,bnb:1785069000000,1785069000000,1785069900000,2026-07-26T12:30:00Z,DOWN,NO,,570.04,official-venue-resolution,f,f,f,f,f
btc,btc:1785069000000,1785069000000,1785069900000,2026-07-26T12:30:00Z,DOWN,NO,,64449.64,official-venue-resolution,f,f,f,f,f
doge,doge:1785069000000,1785069000000,1785069900000,2026-07-26T12:30:00Z,DOWN,NO,,0.0732187,official-venue-resolution,f,f,f,f,f
eth,eth:1785069000000,1785069000000,1785069900000,2026-07-26T12:30:00Z,DOWN,NO,,1886.67,official-venue-resolution,f,f,f,f,f
hype,hype:1785069000000,1785069000000,1785069900000,2026-07-26T12:30:00Z,DOWN,NO,,58.699,official-venue-resolution,f,f,f,f,f
sol,sol:1785069000000,1785069000000,1785069900000,2026-07-26T12:30:00Z,DOWN,NO,,74.803,official-venue-resolution,f,f,f,f,f
xrp,xrp:1785069000000,1785069000000,1785069900000,2026-07-26T12:30:00Z,DOWN,NO,,1.0987,official-venue-resolution,f,f,f,f,f
bnb,bnb:1785069900000,1785069900000,1785070800000,2026-07-26T12:45:00Z,UP,YES,,570.46,official-venue-resolution,f,f,f,f,f
btc,btc:1785069900000,1785069900000,1785070800000,2026-07-26T12:45:00Z,DOWN,NO,,64410.9,official-venue-resolution,f,f,f,f,f
doge,doge:1785069900000,1785069900000,1785070800000,2026-07-26T12:45:00Z,DOWN,YES,,0.0732241,official-venue-resolution,t,t,f,f,f
eth,eth:1785069900000,1785069900000,1785070800000,2026-07-26T12:45:00Z,DOWN,NO,,1885.5,official-venue-resolution,f,f,f,f,f
hype,hype:1785069900000,1785069900000,1785070800000,2026-07-26T12:45:00Z,DOWN,YES,,58.7121,official-venue-resolution,t,t,f,f,f
sol,sol:1785069900000,1785069900000,1785070800000,2026-07-26T12:45:00Z,UP,YES,,74.82,official-venue-resolution,f,f,f,f,f
xrp,xrp:1785069900000,1785069900000,1785070800000,2026-07-26T12:45:00Z,DOWN,NO,,1.0981,official-venue-resolution,f,f,f,f,f
bnb,bnb:1785070800000,1785070800000,1785071700000,2026-07-26T13:00:00Z,DOWN,NO,,570.04,official-venue-resolution,f,f,f,f,f
btc,btc:1785070800000,1785070800000,1785071700000,2026-07-26T13:00:00Z,DOWN,NO,,64367.42,official-venue-resolution,f,f,f,f,f
doge,doge:1785070800000,1785070800000,1785071700000,2026-07-26T13:00:00Z,DOWN,NO,,0.0730277,official-venue-resolution,f,f,f,f,f
eth,eth:1785070800000,1785070800000,1785071700000,2026-07-26T13:00:00Z,DOWN,NO,,1881.9,official-venue-resolution,f,f,f,f,f
hype,hype:1785070800000,1785070800000,1785071700000,2026-07-26T13:00:00Z,DOWN,NO,,58.5259,official-venue-resolution,f,f,f,f,f
sol,sol:1785070800000,1785070800000,1785071700000,2026-07-26T13:00:00Z,DOWN,NO,,74.7493,official-venue-resolution,f,f,f,f,f
xrp,xrp:1785070800000,1785070800000,1785071700000,2026-07-26T13:00:00Z,DOWN,NO,,1.0957,official-venue-resolution,f,f,f,f,f
bnb,bnb:1785071700000,1785071700000,1785072600000,2026-07-26T13:15:00Z,DOWN,NO,,569.98,official-venue-resolution,f,f,f,f,f
btc,btc:1785071700000,1785071700000,1785072600000,2026-07-26T13:15:00Z,UP,YES,,64412.86,official-venue-resolution,f,f,f,f,f
doge,doge:1785071700000,1785071700000,1785072600000,2026-07-26T13:15:00Z,DOWN,NO,,0.0728895,official-venue-resolution,f,f,f,f,f
eth,eth:1785071700000,1785071700000,1785072600000,2026-07-26T13:15:00Z,UP,YES,,1884.48,official-venue-resolution,f,f,f,f,f
hype,hype:1785071700000,1785071700000,1785072600000,2026-07-26T13:15:00Z,UP,YES,,58.6459,official-venue-resolution,f,f,f,f,f
sol,sol:1785071700000,1785071700000,1785072600000,2026-07-26T13:15:00Z,UP,YES,,74.8197,official-venue-resolution,f,f,f,f,f
xrp,xrp:1785071700000,1785071700000,1785072600000,2026-07-26T13:15:00Z,UP,YES,,1.0961,official-venue-resolution,f,f,f,f,f
bnb,bnb:1785072600000,1785072600000,1785073500000,2026-07-26T13:30:00Z,UP,YES,,570.5,official-venue-resolution,f,f,f,f,f
btc,btc:1785072600000,1785072600000,1785073500000,2026-07-26T13:30:00Z,UP,YES,,64488.23,official-venue-resolution,f,f,f,f,f
doge,doge:1785072600000,1785072600000,1785073500000,2026-07-26T13:30:00Z,UP,YES,,0.073013,official-venue-resolution,f,f,f,f,f
eth,eth:1785072600000,1785072600000,1785073500000,2026-07-26T13:30:00Z,UP,YES,,1886.74,official-venue-resolution,f,f,f,f,f
hype,hype:1785072600000,1785072600000,1785073500000,2026-07-26T13:30:00Z,UP,YES,,58.6655,official-venue-resolution,f,f,f,f,f
sol,sol:1785072600000,1785072600000,1785073500000,2026-07-26T13:30:00Z,UP,YES,,74.8872,official-venue-resolution,f,f,f,f,f
xrp,xrp:1785072600000,1785072600000,1785073500000,2026-07-26T13:30:00Z,UP,YES,,1.0974,official-venue-resolution,f,f,f,f,f
bnb,bnb:1785073500000,1785073500000,1785074400000,2026-07-26T13:45:00Z,UP,YES,,571.1,official-venue-resolution,f,f,f,f,f
btc,btc:1785073500000,1785073500000,1785074400000,2026-07-26T13:45:00Z,DOWN,NO,,64466.74,official-venue-resolution,f,f,f,f,f
doge,doge:1785073500000,1785073500000,1785074400000,2026-07-26T13:45:00Z,DOWN,NO,,0.0729898,official-venue-resolution,f,f,f,f,f
eth,eth:1785073500000,1785073500000,1785074400000,2026-07-26T13:45:00Z,DOWN,NO,,1885.47,official-venue-resolution,f,f,f,f,f
hype,hype:1785073500000,1785073500000,1785074400000,2026-07-26T13:45:00Z,DOWN,NO,,58.6111,official-venue-resolution,f,f,f,f,f
sol,sol:1785073500000,1785073500000,1785074400000,2026-07-26T13:45:00Z,DOWN,NO,,74.8775,official-venue-resolution,f,f,f,f,f
xrp,xrp:1785073500000,1785073500000,1785074400000,2026-07-26T13:45:00Z,DOWN,NO,,1.097,official-venue-resolution,f,f,f,f,f
bnb,bnb:1785074400000,1785074400000,1785075300000,2026-07-26T14:00:00Z,UP,YES,,571.63,official-venue-resolution,f,f,f,f,f
btc,btc:1785074400000,1785074400000,1785075300000,2026-07-26T14:00:00Z,UP,YES,,64640.94,official-venue-resolution,f,f,f,f,f
doge,doge:1785074400000,1785074400000,1785075300000,2026-07-26T14:00:00Z,UP,YES,,0.0731774,official-venue-resolution,f,f,f,f,f
eth,eth:1785074400000,1785074400000,1785075300000,2026-07-26T14:00:00Z,UP,YES,,1893.99,official-venue-resolution,f,f,f,f,f
hype,hype:1785074400000,1785074400000,1785075300000,2026-07-26T14:00:00Z,UP,YES,,58.9006,official-venue-resolution,f,f,f,f,f
sol,sol:1785074400000,1785074400000,1785075300000,2026-07-26T14:00:00Z,UP,YES,,75.0807,official-venue-resolution,f,f,f,f,f
xrp,xrp:1785074400000,1785074400000,1785075300000,2026-07-26T14:00:00Z,UP,YES,,1.0991,official-venue-resolution,f,f,f,f,f
bnb,bnb:1785075300000,1785075300000,1785076200000,2026-07-26T14:15:00Z,DOWN,NO,,571.57,official-venue-resolution,f,f,f,f,f
btc,btc:1785075300000,1785075300000,1785076200000,2026-07-26T14:15:00Z,DOWN,NO,,64584.42,official-venue-resolution,f,f,f,f,f
doge,doge:1785075300000,1785075300000,1785076200000,2026-07-26T14:15:00Z,DOWN,NO,,0.0728698,official-venue-resolution,f,f,f,f,f
eth,eth:1785075300000,1785075300000,1785076200000,2026-07-26T14:15:00Z,DOWN,NO,,1891.59,official-venue-resolution,f,f,f,f,f
hype,hype:1785075300000,1785075300000,1785076200000,2026-07-26T14:15:00Z,DOWN,NO,,58.7526,official-venue-resolution,f,f,f,f,f
sol,sol:1785075300000,1785075300000,1785076200000,2026-07-26T14:15:00Z,DOWN,NO,,74.8965,official-venue-resolution,f,f,f,f,f
xrp,xrp:1785075300000,1785075300000,1785076200000,2026-07-26T14:15:00Z,DOWN,NO,,1.0968,official-venue-resolution,f,f,f,f,f
bnb,bnb:1785076200000,1785076200000,1785077100000,2026-07-26T14:30:00Z,UP,YES,,571.79,official-venue-resolution,f,f,f,f,f
btc,btc:1785076200000,1785076200000,1785077100000,2026-07-26T14:30:00Z,UP,YES,,64635.89,official-venue-resolution,f,f,f,f,f
doge,doge:1785076200000,1785076200000,1785077100000,2026-07-26T14:30:00Z,UP,YES,,0.0728888,official-venue-resolution,f,f,f,f,f
eth,eth:1785076200000,1785076200000,1785077100000,2026-07-26T14:30:00Z,UP,YES,,1894.9,official-venue-resolution,f,f,f,f,f
hype,hype:1785076200000,1785076200000,1785077100000,2026-07-26T14:30:00Z,DOWN,NO,,58.6448,official-venue-resolution,f,f,f,f,f
sol,sol:1785076200000,1785076200000,1785077100000,2026-07-26T14:30:00Z,UP,YES,,74.9307,official-venue-resolution,f,f,f,f,f
xrp,xrp:1785076200000,1785076200000,1785077100000,2026-07-26T14:30:00Z,DOWN,NO,,1.0962,official-venue-resolution,f,f,f,f,f
bnb,bnb:1785077100000,1785077100000,1785078000000,2026-07-26T14:45:00Z,UP,YES,,572.36,official-venue-resolution,f,f,f,f,f
btc,btc:1785077100000,1785077100000,1785078000000,2026-07-26T14:45:00Z,UP,YES,,64660.26,official-venue-resolution,f,f,f,f,f
doge,doge:1785077100000,1785077100000,1785078000000,2026-07-26T14:45:00Z,UP,YES,,0.0729209,official-venue-resolution,f,f,f,f,f
eth,eth:1785077100000,1785077100000,1785078000000,2026-07-26T14:45:00Z,UP,YES,,1897.26,official-venue-resolution,f,f,f,f,f
hype,hype:1785077100000,1785077100000,1785078000000,2026-07-26T14:45:00Z,UP,YES,,58.7517,official-venue-resolution,f,f,f,f,f
sol,sol:1785077100000,1785077100000,1785078000000,2026-07-26T14:45:00Z,UP,YES,,75.008,official-venue-resolution,f,f,f,f,f
xrp,xrp:1785077100000,1785077100000,1785078000000,2026-07-26T14:45:00Z,UP,YES,,1.0991,official-venue-resolution,f,f,f,f,f
bnb,bnb:1785078000000,1785078000000,1785078900000,2026-07-26T15:00:00Z,UP,NO,,572.33,official-venue-resolution,t,f,t,f,f
btc,btc:1785078000000,1785078000000,1785078900000,2026-07-26T15:00:00Z,DOWN,NO,,64621.44,official-venue-resolution,f,f,f,f,f
doge,doge:1785078000000,1785078000000,1785078900000,2026-07-26T15:00:00Z,DOWN,NO,,0.072861,official-venue-resolution,f,f,f,f,f
eth,eth:1785078000000,1785078000000,1785078900000,2026-07-26T15:00:00Z,UP,YES,,1897.89,official-venue-resolution,f,f,f,f,f
hype,hype:1785078000000,1785078000000,1785078900000,2026-07-26T15:00:00Z,UP,YES,,59.0617,official-venue-resolution,f,f,f,f,f
sol,sol:1785078000000,1785078000000,1785078900000,2026-07-26T15:00:00Z,DOWN,NO,,74.9357,official-venue-resolution,f,f,f,f,f
xrp,xrp:1785078000000,1785078000000,1785078900000,2026-07-26T15:00:00Z,UP,YES,,1.0996,official-venue-resolution,f,f,f,f,f
bnb,bnb:1785078900000,1785078900000,1785079800000,2026-07-26T15:15:00Z,UP,YES,,572.68,official-venue-resolution,f,f,f,f,f
btc,btc:1785078900000,1785078900000,1785079800000,2026-07-26T15:15:00Z,UP,YES,,64702.75,official-venue-resolution,f,f,f,f,f
doge,doge:1785078900000,1785078900000,1785079800000,2026-07-26T15:15:00Z,UP,YES,,0.0730027,official-venue-resolution,f,f,f,f,f
eth,eth:1785078900000,1785078900000,1785079800000,2026-07-26T15:15:00Z,UP,YES,,1905.47,official-venue-resolution,f,f,f,f,f
hype,hype:1785078900000,1785078900000,1785079800000,2026-07-26T15:15:00Z,DOWN,NO,,59.0347,official-venue-resolution,f,f,f,f,f
sol,sol:1785078900000,1785078900000,1785079800000,2026-07-26T15:15:00Z,UP,YES,,75.1742,official-venue-resolution,f,f,f,f,f
xrp,xrp:1785078900000,1785078900000,1785079800000,2026-07-26T15:15:00Z,UP,YES,,1.1019,official-venue-resolution,f,f,f,f,f
bnb,bnb:1785079800000,1785079800000,1785080700000,2026-07-26T15:30:00Z,UP,YES,,573.03,official-venue-resolution,f,f,f,f,f
btc,btc:1785079800000,1785079800000,1785080700000,2026-07-26T15:30:00Z,UP,YES,,64745.96,official-venue-resolution,f,f,f,f,f
doge,doge:1785079800000,1785079800000,1785080700000,2026-07-26T15:30:00Z,UP,YES,,0.0730826,official-venue-resolution,f,f,f,f,f
eth,eth:1785079800000,1785079800000,1785080700000,2026-07-26T15:30:00Z,UP,YES,,1913.39,official-venue-resolution,f,f,f,f,f
hype,hype:1785079800000,1785079800000,1785080700000,2026-07-26T15:30:00Z,DOWN,NO,,58.9136,official-venue-resolution,f,f,f,f,f
sol,sol:1785079800000,1785079800000,1785080700000,2026-07-26T15:30:00Z,UP,YES,,75.3072,official-venue-resolution,f,f,f,f,f
xrp,xrp:1785079800000,1785079800000,1785080700000,2026-07-26T15:30:00Z,UP,YES,,1.103,official-venue-resolution,f,f,f,f,f
bnb,bnb:1785080700000,1785080700000,1785081600000,2026-07-26T15:45:00Z,UP,YES,,573.45,official-venue-resolution,f,f,f,f,f
btc,btc:1785080700000,1785080700000,1785081600000,2026-07-26T15:45:00Z,DOWN,NO,,64712.31,official-venue-resolution,f,f,f,f,f
doge,doge:1785080700000,1785080700000,1785081600000,2026-07-26T15:45:00Z,DOWN,NO,,0.0730366,official-venue-resolution,f,f,f,f,f
eth,eth:1785080700000,1785080700000,1785081600000,2026-07-26T15:45:00Z,DOWN,YES,,1913.84,official-venue-resolution,t,t,f,f,f
hype,hype:1785080700000,1785080700000,1785081600000,2026-07-26T15:45:00Z,UP,YES,,58.9945,official-venue-resolution,f,f,f,f,f
sol,sol:1785080700000,1785080700000,1785081600000,2026-07-26T15:45:00Z,UP,YES,,75.4307,official-venue-resolution,f,f,f,f,f
xrp,xrp:1785080700000,1785080700000,1785081600000,2026-07-26T15:45:00Z,UP,YES,,1.104,official-venue-resolution,f,f,f,f,f
bnb,bnb:1785081600000,1785081600000,1785082500000,2026-07-26T16:00:00Z,DOWN,NO,,572.78,official-venue-resolution,f,f,f,f,f
btc,btc:1785081600000,1785081600000,1785082500000,2026-07-26T16:00:00Z,DOWN,NO,,64663.1,official-venue-resolution,f,f,f,f,f
doge,doge:1785081600000,1785081600000,1785082500000,2026-07-26T16:00:00Z,DOWN,NO,,0.0729807,official-venue-resolution,f,f,f,f,f
eth,eth:1785081600000,1785081600000,1785082500000,2026-07-26T16:00:00Z,DOWN,NO,,1908.99,official-venue-resolution,f,f,f,f,f
hype,hype:1785081600000,1785081600000,1785082500000,2026-07-26T16:00:00Z,UP,YES,,59.075,official-venue-resolution,f,f,f,f,f
sol,sol:1785081600000,1785081600000,1785082500000,2026-07-26T16:00:00Z,DOWN,NO,,75.3787,official-venue-resolution,f,f,f,f,f
xrp,xrp:1785081600000,1785081600000,1785082500000,2026-07-26T16:00:00Z,DOWN,NO,,1.1018,official-venue-resolution,f,f,f,f,f
bnb,bnb:1785082500000,1785082500000,1785083400000,2026-07-26T16:15:00Z,UP,YES,,573.29,official-venue-resolution,f,f,f,f,f
btc,btc:1785082500000,1785082500000,1785083400000,2026-07-26T16:15:00Z,UP,YES,,64735.64,official-venue-resolution,f,f,f,f,f
doge,doge:1785082500000,1785082500000,1785083400000,2026-07-26T16:15:00Z,UP,YES,,0.0731951,official-venue-resolution,f,f,f,f,f
eth,eth:1785082500000,1785082500000,1785083400000,2026-07-26T16:15:00Z,UP,YES,,1918.01,official-venue-resolution,f,f,f,f,f
hype,hype:1785082500000,1785082500000,1785083400000,2026-07-26T16:15:00Z,UP,YES,,59.4498,official-venue-resolution,f,f,f,f,f
sol,sol:1785082500000,1785082500000,1785083400000,2026-07-26T16:15:00Z,UP,YES,,75.6138,official-venue-resolution,f,f,f,f,f
xrp,xrp:1785082500000,1785082500000,1785083400000,2026-07-26T16:15:00Z,UP,YES,,1.1041,official-venue-resolution,f,f,f,f,f
bnb,bnb:1785083400000,1785083400000,1785084300000,2026-07-26T16:30:00Z,DOWN,NO,,573.13,official-venue-resolution,f,f,f,f,f
btc,btc:1785083400000,1785083400000,1785084300000,2026-07-26T16:30:00Z,UP,YES,,64769.95,official-venue-resolution,f,f,f,f,f
doge,doge:1785083400000,1785083400000,1785084300000,2026-07-26T16:30:00Z,DOWN,NO,,0.0731146,official-venue-resolution,f,f,f,f,f
eth,eth:1785083400000,1785083400000,1785084300000,2026-07-26T16:30:00Z,DOWN,NO,,1917.68,official-venue-resolution,f,f,f,f,f
hype,hype:1785083400000,1785083400000,1785084300000,2026-07-26T16:30:00Z,DOWN,NO,,59.4196,official-venue-resolution,f,f,f,f,f
sol,sol:1785083400000,1785083400000,1785084300000,2026-07-26T16:30:00Z,DOWN,NO,,75.5917,official-venue-resolution,f,f,f,f,f
xrp,xrp:1785083400000,1785083400000,1785084300000,2026-07-26T16:30:00Z,DOWN,NO,,1.1032,official-venue-resolution,f,f,f,f,f
bnb,bnb:1785084300000,1785084300000,1785085200000,2026-07-26T16:45:00Z,UP,NO,,572.89,official-venue-resolution,t,f,t,f,f
btc,btc:1785084300000,1785084300000,1785085200000,2026-07-26T16:45:00Z,DOWN,NO,,64688.58,official-venue-resolution,f,f,f,f,f
doge,doge:1785084300000,1785084300000,1785085200000,2026-07-26T16:45:00Z,DOWN,NO,,0.0730526,official-venue-resolution,f,f,f,f,f
eth,eth:1785084300000,1785084300000,1785085200000,2026-07-26T16:45:00Z,DOWN,NO,,1915.16,official-venue-resolution,f,f,f,f,f
hype,hype:1785084300000,1785084300000,1785085200000,2026-07-26T16:45:00Z,UP,YES,,59.4357,official-venue-resolution,f,f,f,f,f
sol,sol:1785084300000,1785084300000,1785085200000,2026-07-26T16:45:00Z,DOWN,NO,,75.4887,official-venue-resolution,f,f,f,f,f
xrp,xrp:1785084300000,1785084300000,1785085200000,2026-07-26T16:45:00Z,DOWN,NO,,1.1026,official-venue-resolution,f,f,f,f,f
bnb,bnb:1785085200000,1785085200000,1785086100000,2026-07-26T17:00:00Z,UP,YES,,573.31,official-venue-resolution,f,f,f,f,f
btc,btc:1785085200000,1785085200000,1785086100000,2026-07-26T17:00:00Z,UP,YES,,64712.86,official-venue-resolution,f,f,f,f,f
doge,doge:1785085200000,1785085200000,1785086100000,2026-07-26T17:00:00Z,UP,YES,,0.0730606,official-venue-resolution,f,f,f,f,f
eth,eth:1785085200000,1785085200000,1785086100000,2026-07-26T17:00:00Z,UP,YES,,1915.96,official-venue-resolution,f,f,f,f,f
hype,hype:1785085200000,1785085200000,1785086100000,2026-07-26T17:00:00Z,DOWN,NO,,59.3942,official-venue-resolution,f,f,f,f,f
sol,sol:1785085200000,1785085200000,1785086100000,2026-07-26T17:00:00Z,UP,YES,,75.5032,official-venue-resolution,f,f,f,f,f
xrp,xrp:1785085200000,1785085200000,1785086100000,2026-07-26T17:00:00Z,DOWN,NO,,1.102,official-venue-resolution,f,f,f,f,f
bnb,bnb:1785086100000,1785086100000,1785087000000,2026-07-26T17:15:00Z,DOWN,NO,,572.79,official-venue-resolution,f,f,f,f,f
btc,btc:1785086100000,1785086100000,1785087000000,2026-07-26T17:15:00Z,DOWN,NO,,64664.3,official-venue-resolution,f,f,f,f,f
doge,doge:1785086100000,1785086100000,1785087000000,2026-07-26T17:15:00Z,UP,YES,,0.0730814,official-venue-resolution,f,f,f,f,f
eth,eth:1785086100000,1785086100000,1785087000000,2026-07-26T17:15:00Z,DOWN,NO,,1913.04,official-venue-resolution,f,f,f,f,f
hype,hype:1785086100000,1785086100000,1785087000000,2026-07-26T17:15:00Z,DOWN,NO,,59.1958,official-venue-resolution,f,f,f,f,f
sol,sol:1785086100000,1785086100000,1785087000000,2026-07-26T17:15:00Z,DOWN,NO,,75.2745,official-venue-resolution,f,f,f,f,f
xrp,xrp:1785086100000,1785086100000,1785087000000,2026-07-26T17:15:00Z,DOWN,NO,,1.1009,official-venue-resolution,f,f,f,f,f
bnb,bnb:1785087000000,1785087000000,1785087900000,2026-07-26T17:30:00Z,UP,NO,,572.58,official-venue-resolution,t,f,t,f,f
btc,btc:1785087000000,1785087000000,1785087900000,2026-07-26T17:30:00Z,DOWN,NO,,64631.51,official-venue-resolution,f,f,f,f,f
doge,doge:1785087000000,1785087000000,1785087900000,2026-07-26T17:30:00Z,UP,YES,,0.0731289,official-venue-resolution,f,f,f,f,f
eth,eth:1785087000000,1785087000000,1785087900000,2026-07-26T17:30:00Z,DOWN,NO,,1910.91,official-venue-resolution,f,f,f,f,f
hype,hype:1785087000000,1785087000000,1785087900000,2026-07-26T17:30:00Z,DOWN,NO,,59.1539,official-venue-resolution,f,f,f,f,f
sol,sol:1785087000000,1785087000000,1785087900000,2026-07-26T17:30:00Z,UP,YES,,75.3258,official-venue-resolution,f,f,f,f,f
xrp,xrp:1785087000000,1785087000000,1785087900000,2026-07-26T17:30:00Z,UP,YES,,1.1012,official-venue-resolution,f,f,f,f,f
bnb,bnb:1785087900000,1785087900000,1785088800000,2026-07-26T17:45:00Z,DOWN,NO,,572.39,official-venue-resolution,f,f,f,f,f
btc,btc:1785087900000,1785087900000,1785088800000,2026-07-26T17:45:00Z,UP,YES,,64633.15,official-venue-resolution,f,f,f,f,f
doge,doge:1785087900000,1785087900000,1785088800000,2026-07-26T17:45:00Z,DOWN,NO,,0.0730613,official-venue-resolution,f,f,f,f,f
eth,eth:1785087900000,1785087900000,1785088800000,2026-07-26T17:45:00Z,DOWN,NO,,1910.51,official-venue-resolution,f,f,f,f,f
hype,hype:1785087900000,1785087900000,1785088800000,2026-07-26T17:45:00Z,UP,YES,,59.1858,official-venue-resolution,f,f,f,f,f
sol,sol:1785087900000,1785087900000,1785088800000,2026-07-26T17:45:00Z,UP,NO,,75.3222,official-venue-resolution,t,f,t,f,f
xrp,xrp:1785087900000,1785087900000,1785088800000,2026-07-26T17:45:00Z,DOWN,YES,,1.1012,official-venue-resolution,t,t,f,f,f
bnb,bnb:1785088800000,1785088800000,1785089700000,2026-07-26T18:00:00Z,DOWN,NO,,572.25,official-venue-resolution,f,f,f,f,f
btc,btc:1785088800000,1785088800000,1785089700000,2026-07-26T18:00:00Z,DOWN,YES,,64643.77,official-venue-resolution,t,t,f,f,f
doge,doge:1785088800000,1785088800000,1785089700000,2026-07-26T18:00:00Z,DOWN,NO,,0.0727809,official-venue-resolution,f,f,f,f,f
eth,eth:1785088800000,1785088800000,1785089700000,2026-07-26T18:00:00Z,UP,YES,,1911.56,official-venue-resolution,f,f,f,f,f
hype,hype:1785088800000,1785088800000,1785089700000,2026-07-26T18:00:00Z,DOWN,NO,,59.12,official-venue-resolution,f,f,f,f,f
sol,sol:1785088800000,1785088800000,1785089700000,2026-07-26T18:00:00Z,DOWN,NO,,75.2813,official-venue-resolution,f,f,f,f,f
xrp,xrp:1785088800000,1785088800000,1785089700000,2026-07-26T18:00:00Z,DOWN,NO,,1.1005,official-venue-resolution,f,f,f,f,f
bnb,bnb:1785089700000,1785089700000,1785090600000,2026-07-26T18:15:00Z,DOWN,NO,,571.95,official-venue-resolution,f,f,f,f,f
btc,btc:1785089700000,1785089700000,1785090600000,2026-07-26T18:15:00Z,UP,NO,,64636.12,official-venue-resolution,t,f,t,f,f
doge,doge:1785089700000,1785089700000,1785090600000,2026-07-26T18:15:00Z,UP,NO,,0.0727728,official-venue-resolution,t,f,t,f,f
eth,eth:1785089700000,1785089700000,1785090600000,2026-07-26T18:15:00Z,UP,YES,,1911.82,official-venue-resolution,f,f,f,f,f
hype,hype:1785089700000,1785089700000,1785090600000,2026-07-26T18:15:00Z,DOWN,NO,,59.0848,official-venue-resolution,f,f,f,f,f
sol,sol:1785089700000,1785089700000,1785090600000,2026-07-26T18:15:00Z,UP,YES,,75.2947,official-venue-resolution,f,f,f,f,f
xrp,xrp:1785089700000,1785089700000,1785090600000,2026-07-26T18:15:00Z,UP,YES,,1.1005,official-venue-resolution,f,f,f,f,f
bnb,bnb:1785090600000,1785090600000,1785091500000,2026-07-26T18:30:00Z,UP,YES,,572.55,official-venue-resolution,f,f,f,f,f
btc,btc:1785090600000,1785090600000,1785091500000,2026-07-26T18:30:00Z,UP,YES,,64653.93,official-venue-resolution,f,f,f,f,f
doge,doge:1785090600000,1785090600000,1785091500000,2026-07-26T18:30:00Z,DOWN,NO,,0.0727102,official-venue-resolution,f,f,f,f,f
eth,eth:1785090600000,1785090600000,1785091500000,2026-07-26T18:30:00Z,UP,YES,,1912.32,official-venue-resolution,f,f,f,f,f
hype,hype:1785090600000,1785090600000,1785091500000,2026-07-26T18:30:00Z,DOWN,NO,,59.0465,official-venue-resolution,f,f,f,f,f
sol,sol:1785090600000,1785090600000,1785091500000,2026-07-26T18:30:00Z,UP,YES,,75.3203,official-venue-resolution,f,f,f,f,f
xrp,xrp:1785090600000,1785090600000,1785091500000,2026-07-26T18:30:00Z,UP,YES,,1.1009,official-venue-resolution,f,f,f,f,f
bnb,bnb:1785091500000,1785091500000,1785092400000,2026-07-26T18:45:00Z,DOWN,YES,,572.85,official-venue-resolution,t,t,f,f,f
btc,btc:1785091500000,1785091500000,1785092400000,2026-07-26T18:45:00Z,UP,YES,,64685.8,official-venue-resolution,f,f,f,f,f
doge,doge:1785091500000,1785091500000,1785092400000,2026-07-26T18:45:00Z,DOWN,NO,,0.0726659,official-venue-resolution,f,f,f,f,f
eth,eth:1785091500000,1785091500000,1785092400000,2026-07-26T18:45:00Z,UP,YES,,1913.3,official-venue-resolution,f,f,f,f,f
hype,hype:1785091500000,1785091500000,1785092400000,2026-07-26T18:45:00Z,DOWN,NO,,59.0191,official-venue-resolution,f,f,f,f,f
sol,sol:1785091500000,1785091500000,1785092400000,2026-07-26T18:45:00Z,UP,YES,,75.35,official-venue-resolution,f,f,f,f,f
xrp,xrp:1785091500000,1785091500000,1785092400000,2026-07-26T18:45:00Z,UP,YES,,1.1022,official-venue-resolution,f,f,f,f,f
bnb,bnb:1785092400000,1785092400000,1785093300000,2026-07-26T19:00:00Z,UP,NO,,572.63,official-venue-resolution,t,f,t,f,f
btc,btc:1785092400000,1785092400000,1785093300000,2026-07-26T19:00:00Z,DOWN,NO,,64626.7,official-venue-resolution,f,f,f,f,f
doge,doge:1785092400000,1785092400000,1785093300000,2026-07-26T19:00:00Z,DOWN,NO,,0.0725545,official-venue-resolution,f,f,f,f,f
eth,eth:1785092400000,1785092400000,1785093300000,2026-07-26T19:00:00Z,DOWN,NO,,1911.27,official-venue-resolution,f,f,f,f,f
hype,hype:1785092400000,1785092400000,1785093300000,2026-07-26T19:00:00Z,DOWN,NO,,58.9539,official-venue-resolution,f,f,f,f,f
sol,sol:1785092400000,1785092400000,1785093300000,2026-07-26T19:00:00Z,DOWN,NO,,75.2283,official-venue-resolution,f,f,f,f,f
xrp,xrp:1785092400000,1785092400000,1785093300000,2026-07-26T19:00:00Z,DOWN,NO,,1.1009,official-venue-resolution,f,f,f,f,f
bnb,bnb:1785093300000,1785093300000,1785094200000,2026-07-26T19:15:00Z,UP,YES,,572.95,official-venue-resolution,f,f,f,f,f
btc,btc:1785093300000,1785093300000,1785094200000,2026-07-26T19:15:00Z,UP,YES,,64664.65,official-venue-resolution,f,f,f,f,f
doge,doge:1785093300000,1785093300000,1785094200000,2026-07-26T19:15:00Z,UP,YES,,0.0725563,official-venue-resolution,f,f,f,f,f
eth,eth:1785093300000,1785093300000,1785094200000,2026-07-26T19:15:00Z,UP,YES,,1912.53,official-venue-resolution,f,f,f,f,f
hype,hype:1785093300000,1785093300000,1785094200000,2026-07-26T19:15:00Z,DOWN,NO,,58.8325,official-venue-resolution,f,f,f,f,f
sol,sol:1785093300000,1785093300000,1785094200000,2026-07-26T19:15:00Z,UP,YES,,75.245,official-venue-resolution,f,f,f,f,f
xrp,xrp:1785093300000,1785093300000,1785094200000,2026-07-26T19:15:00Z,UP,YES,,1.1018,official-venue-resolution,f,f,f,f,f
bnb,bnb:1785094200000,1785094200000,1785095100000,2026-07-26T19:30:00Z,UP,YES,,573.05,official-venue-resolution,f,f,f,f,f
btc,btc:1785094200000,1785094200000,1785095100000,2026-07-26T19:30:00Z,UP,YES,,64672.74,official-venue-resolution,f,f,f,f,f
doge,doge:1785094200000,1785094200000,1785095100000,2026-07-26T19:30:00Z,DOWN,NO,,0.0725515,official-venue-resolution,f,f,f,f,f
eth,eth:1785094200000,1785094200000,1785095100000,2026-07-26T19:30:00Z,UP,YES,,1913.79,official-venue-resolution,f,f,f,f,f
hype,hype:1785094200000,1785094200000,1785095100000,2026-07-26T19:30:00Z,UP,YES,,58.9744,official-venue-resolution,f,f,f,f,f
sol,sol:1785094200000,1785094200000,1785095100000,2026-07-26T19:30:00Z,DOWN,NO,,75.2382,official-venue-resolution,f,f,f,f,f
xrp,xrp:1785094200000,1785094200000,1785095100000,2026-07-26T19:30:00Z,DOWN,NO,,1.1017,official-venue-resolution,f,f,f,f,f
bnb,bnb:1785095100000,1785095100000,1785096000000,2026-07-26T19:45:00Z,UP,YES,,573.2,official-venue-resolution,f,f,f,f,f
btc,btc:1785095100000,1785095100000,1785096000000,2026-07-26T19:45:00Z,DOWN,NO,,64646.88,official-venue-resolution,f,f,f,f,f
doge,doge:1785095100000,1785095100000,1785096000000,2026-07-26T19:45:00Z,UP,YES,,0.0726042,official-venue-resolution,f,f,f,f,f
eth,eth:1785095100000,1785095100000,1785096000000,2026-07-26T19:45:00Z,DOWN,NO,,1912.92,official-venue-resolution,f,f,f,f,f
hype,hype:1785095100000,1785095100000,1785096000000,2026-07-26T19:45:00Z,UP,YES,,59.0124,official-venue-resolution,f,f,f,f,f
sol,sol:1785095100000,1785095100000,1785096000000,2026-07-26T19:45:00Z,UP,YES,,75.282,official-venue-resolution,f,f,f,f,f
xrp,xrp:1785095100000,1785095100000,1785096000000,2026-07-26T19:45:00Z,UP,NO,,1.1015,official-venue-resolution,t,f,t,f,f
bnb,bnb:1785096000000,1785096000000,1785096900000,2026-07-26T20:00:00Z,DOWN,NO,,573.02,official-venue-resolution,f,f,f,f,f
btc,btc:1785096000000,1785096000000,1785096900000,2026-07-26T20:00:00Z,UP,NO,,64644.8,official-venue-resolution,t,f,t,f,f
doge,doge:1785096000000,1785096000000,1785096900000,2026-07-26T20:00:00Z,UP,YES,,0.072644,official-venue-resolution,f,f,f,f,f
eth,eth:1785096000000,1785096000000,1785096900000,2026-07-26T20:00:00Z,DOWN,NO,,1911.9,official-venue-resolution,f,f,f,f,f
hype,hype:1785096000000,1785096000000,1785096900000,2026-07-26T20:00:00Z,DOWN,NO,,58.8809,official-venue-resolution,f,f,f,f,f
sol,sol:1785096000000,1785096000000,1785096900000,2026-07-26T20:00:00Z,UP,YES,,75.308,official-venue-resolution,f,f,f,f,f
xrp,xrp:1785096000000,1785096000000,1785096900000,2026-07-26T20:00:00Z,DOWN,NO,,1.1014,official-venue-resolution,f,f,f,f,f
bnb,bnb:1785096900000,1785096900000,1785097800000,2026-07-26T20:15:00Z,DOWN,NO,,572.86,official-venue-resolution,f,f,f,f,f
btc,btc:1785096900000,1785096900000,1785097800000,2026-07-26T20:15:00Z,DOWN,NO,,64597.53,official-venue-resolution,f,f,f,f,f
doge,doge:1785096900000,1785096900000,1785097800000,2026-07-26T20:15:00Z,UP,YES,,0.0727048,official-venue-resolution,f,f,f,f,f
eth,eth:1785096900000,1785096900000,1785097800000,2026-07-26T20:15:00Z,UP,YES,,1911.92,official-venue-resolution,f,f,f,f,f
hype,hype:1785096900000,1785096900000,1785097800000,2026-07-26T20:15:00Z,UP,YES,,58.9311,official-venue-resolution,f,f,f,f,f
sol,sol:1785096900000,1785096900000,1785097800000,2026-07-26T20:15:00Z,UP,YES,,75.3168,official-venue-resolution,f,f,f,f,f
xrp,xrp:1785096900000,1785096900000,1785097800000,2026-07-26T20:15:00Z,DOWN,NO,,1.1009,official-venue-resolution,f,f,f,f,f
bnb,bnb:1785097800000,1785097800000,1785098700000,2026-07-26T20:30:00Z,DOWN,YES,,572.86,official-venue-resolution,t,t,f,f,f
btc,btc:1785097800000,1785097800000,1785098700000,2026-07-26T20:30:00Z,UP,YES,,64612.9,official-venue-resolution,f,f,f,f,f
doge,doge:1785097800000,1785097800000,1785098700000,2026-07-26T20:30:00Z,DOWN,NO,,0.0726831,official-venue-resolution,f,f,f,f,f
eth,eth:1785097800000,1785097800000,1785098700000,2026-07-26T20:30:00Z,DOWN,NO,,1911.83,official-venue-resolution,f,f,f,f,f
hype,hype:1785097800000,1785097800000,1785098700000,2026-07-26T20:30:00Z,DOWN,NO,,58.8634,official-venue-resolution,f,f,f,f,f
sol,sol:1785097800000,1785097800000,1785098700000,2026-07-26T20:30:00Z,UP,NO,,75.31,official-venue-resolution,t,f,t,f,f
xrp,xrp:1785097800000,1785097800000,1785098700000,2026-07-26T20:30:00Z,DOWN,NO,,1.1005,official-venue-resolution,f,f,f,f,f
bnb,bnb:1785098700000,1785098700000,1785099600000,2026-07-26T20:45:00Z,DOWN,NO,,572.66,official-venue-resolution,f,f,f,f,f
btc,btc:1785098700000,1785098700000,1785099600000,2026-07-26T20:45:00Z,DOWN,NO,,64598.29,official-venue-resolution,f,f,f,f,f
doge,doge:1785098700000,1785098700000,1785099600000,2026-07-26T20:45:00Z,DOWN,NO,,0.0725397,official-venue-resolution,f,f,f,f,f
eth,eth:1785098700000,1785098700000,1785099600000,2026-07-26T20:45:00Z,UP,YES,,1912.16,official-venue-resolution,f,f,f,f,f
hype,hype:1785098700000,1785098700000,1785099600000,2026-07-26T20:45:00Z,UP,YES,,58.8808,official-venue-resolution,f,f,f,f,f
sol,sol:1785098700000,1785098700000,1785099600000,2026-07-26T20:45:00Z,DOWN,NO,,75.282,official-venue-resolution,f,f,f,f,f
xrp,xrp:1785098700000,1785098700000,1785099600000,2026-07-26T20:45:00Z,DOWN,NO,,1.1001,official-venue-resolution,f,f,f,f,f
bnb,bnb:1785099600000,1785099600000,1785100500000,2026-07-26T21:00:00Z,DOWN,NO,,572.62,official-venue-resolution,f,f,f,f,f
btc,btc:1785099600000,1785099600000,1785100500000,2026-07-26T21:00:00Z,UP,YES,,64640.12,official-venue-resolution,f,f,f,f,f
doge,doge:1785099600000,1785099600000,1785100500000,2026-07-26T21:00:00Z,DOWN,YES,,0.0725518,official-venue-resolution,t,t,f,f,f
eth,eth:1785099600000,1785099600000,1785100500000,2026-07-26T21:00:00Z,UP,YES,,1914.01,official-venue-resolution,f,f,f,f,f
hype,hype:1785099600000,1785099600000,1785100500000,2026-07-26T21:00:00Z,DOWN,YES,,58.8969,official-venue-resolution,t,t,f,f,f
sol,sol:1785099600000,1785099600000,1785100500000,2026-07-26T21:00:00Z,UP,YES,,75.3668,official-venue-resolution,f,f,f,f,f
xrp,xrp:1785099600000,1785099600000,1785100500000,2026-07-26T21:00:00Z,UP,YES,,1.1006,official-venue-resolution,f,f,f,f,f
bnb,bnb:1785100500000,1785100500000,1785101400000,2026-07-26T21:15:00Z,UP,YES,,573.23,official-venue-resolution,f,f,f,f,f
btc,btc:1785100500000,1785100500000,1785101400000,2026-07-26T21:15:00Z,UP,YES,,64760.67,official-venue-resolution,f,f,f,f,f
doge,doge:1785100500000,1785100500000,1785101400000,2026-07-26T21:15:00Z,UP,YES,,0.0727102,official-venue-resolution,f,f,f,f,f
eth,eth:1785100500000,1785100500000,1785101400000,2026-07-26T21:15:00Z,UP,YES,,1919.78,official-venue-resolution,f,f,f,f,f
hype,hype:1785100500000,1785100500000,1785101400000,2026-07-26T21:15:00Z,UP,YES,,59.0249,official-venue-resolution,f,f,f,f,f
sol,sol:1785100500000,1785100500000,1785101400000,2026-07-26T21:15:00Z,UP,YES,,75.5612,official-venue-resolution,f,f,f,f,f
xrp,xrp:1785100500000,1785100500000,1785101400000,2026-07-26T21:15:00Z,UP,YES,,1.1028,official-venue-resolution,f,f,f,f,f
bnb,bnb:1785101400000,1785101400000,1785102300000,2026-07-26T21:30:00Z,UP,YES,,573.3,official-venue-resolution,f,f,f,f,f
btc,btc:1785101400000,1785101400000,1785102300000,2026-07-26T21:30:00Z,DOWN,YES,,64763.41,official-venue-resolution,t,t,f,f,f
doge,doge:1785101400000,1785101400000,1785102300000,2026-07-26T21:30:00Z,DOWN,YES,,0.0727189,official-venue-resolution,t,t,f,f,f
eth,eth:1785101400000,1785101400000,1785102300000,2026-07-26T21:30:00Z,UP,YES,,1920.9,official-venue-resolution,f,f,f,f,f
hype,hype:1785101400000,1785101400000,1785102300000,2026-07-26T21:30:00Z,UP,YES,,59.0582,official-venue-resolution,f,f,f,f,f
sol,sol:1785101400000,1785101400000,1785102300000,2026-07-26T21:30:00Z,DOWN,NO,,75.5268,official-venue-resolution,f,f,f,f,f
xrp,xrp:1785101400000,1785101400000,1785102300000,2026-07-26T21:30:00Z,DOWN,NO,,1.1022,official-venue-resolution,f,f,f,f,f
bnb,bnb:1785102300000,1785102300000,1785103200000,2026-07-26T21:45:00Z,UP,YES,,573.4,official-venue-resolution,f,f,f,f,f
btc,btc:1785102300000,1785102300000,1785103200000,2026-07-26T21:45:00Z,UP,YES,,64797.72,official-venue-resolution,f,f,f,f,f
doge,doge:1785102300000,1785102300000,1785103200000,2026-07-26T21:45:00Z,UP,YES,,0.0727229,official-venue-resolution,f,f,f,f,f
eth,eth:1785102300000,1785102300000,1785103200000,2026-07-26T21:45:00Z,UP,YES,,1924.26,official-venue-resolution,f,f,f,f,f
hype,hype:1785102300000,1785102300000,1785103200000,2026-07-26T21:45:00Z,UP,YES,,59.1029,official-venue-resolution,f,f,f,f,f
sol,sol:1785102300000,1785102300000,1785103200000,2026-07-26T21:45:00Z,UP,YES,,75.5978,official-venue-resolution,f,f,f,f,f
xrp,xrp:1785102300000,1785102300000,1785103200000,2026-07-26T21:45:00Z,UP,YES,,1.1032,official-venue-resolution,f,f,f,f,f
bnb,bnb:1785103200000,1785103200000,1785104100000,2026-07-26T22:00:00Z,UP,YES,,575.14,official-venue-resolution,f,f,f,f,f
btc,btc:1785103200000,1785103200000,1785104100000,2026-07-26T22:00:00Z,UP,YES,,65151.65,official-venue-resolution,f,f,f,f,f
doge,doge:1785103200000,1785103200000,1785104100000,2026-07-26T22:00:00Z,UP,YES,,0.0730968,official-venue-resolution,f,f,f,f,f
eth,eth:1785103200000,1785103200000,1785104100000,2026-07-26T22:00:00Z,UP,YES,,1936.12,official-venue-resolution,f,f,f,f,f
hype,hype:1785103200000,1785103200000,1785104100000,2026-07-26T22:00:00Z,UP,YES,,59.3363,official-venue-resolution,f,f,f,f,f
sol,sol:1785103200000,1785103200000,1785104100000,2026-07-26T22:00:00Z,UP,YES,,76.044,official-venue-resolution,f,f,f,f,f
xrp,xrp:1785103200000,1785103200000,1785104100000,2026-07-26T22:00:00Z,UP,YES,,1.1081,official-venue-resolution,f,f,f,f,f
bnb,bnb:1785104100000,1785104100000,1785105000000,2026-07-26T22:15:00Z,DOWN,NO,,574.73,official-venue-resolution,f,f,f,f,f
btc,btc:1785104100000,1785104100000,1785105000000,2026-07-26T22:15:00Z,UP,YES,,65178.49,official-venue-resolution,f,f,f,f,f
doge,doge:1785104100000,1785104100000,1785105000000,2026-07-26T22:15:00Z,DOWN,NO,,0.0730526,official-venue-resolution,f,f,f,f,f
eth,eth:1785104100000,1785104100000,1785105000000,2026-07-26T22:15:00Z,UP,YES,,1936.64,official-venue-resolution,f,f,f,f,f
hype,hype:1785104100000,1785104100000,1785105000000,2026-07-26T22:15:00Z,UP,YES,,59.4904,official-venue-resolution,f,f,f,f,f
sol,sol:1785104100000,1785104100000,1785105000000,2026-07-26T22:15:00Z,UP,YES,,76.328,official-venue-resolution,f,f,f,f,f
xrp,xrp:1785104100000,1785104100000,1785105000000,2026-07-26T22:15:00Z,UP,YES,,1.1103,official-venue-resolution,f,f,f,f,f
bnb,bnb:1785105000000,1785105000000,1785105900000,2026-07-26T22:30:00Z,UP,YES,,575.84,official-venue-resolution,f,f,f,f,f
btc,btc:1785105000000,1785105000000,1785105900000,2026-07-26T22:30:00Z,UP,YES,,65413.03,official-venue-resolution,f,f,f,f,f
doge,doge:1785105000000,1785105000000,1785105900000,2026-07-26T22:30:00Z,UP,YES,,0.0732287,official-venue-resolution,f,f,f,f,f
eth,eth:1785105000000,1785105000000,1785105900000,2026-07-26T22:30:00Z,UP,YES,,1945.9,official-venue-resolution,f,f,f,f,f
hype,hype:1785105000000,1785105000000,1785105900000,2026-07-26T22:30:00Z,UP,YES,,59.6585,official-venue-resolution,f,f,f,f,f
sol,sol:1785105000000,1785105000000,1785105900000,2026-07-26T22:30:00Z,UP,YES,,76.6535,official-venue-resolution,f,f,f,f,f
xrp,xrp:1785105000000,1785105000000,1785105900000,2026-07-26T22:30:00Z,UP,YES,,1.1123,official-venue-resolution,f,f,f,f,f
bnb,bnb:1785105900000,1785105900000,1785106800000,2026-07-26T22:45:00Z,DOWN,NO,,575.35,official-venue-resolution,f,f,f,f,f
btc,btc:1785105900000,1785105900000,1785106800000,2026-07-26T22:45:00Z,DOWN,NO,,65351.73,official-venue-resolution,f,f,f,f,f
doge,doge:1785105900000,1785105900000,1785106800000,2026-07-26T22:45:00Z,UP,YES,,0.0732301,official-venue-resolution,f,f,f,f,f
eth,eth:1785105900000,1785105900000,1785106800000,2026-07-26T22:45:00Z,UP,YES,,1948.52,official-venue-resolution,f,f,f,f,f
hype,hype:1785105900000,1785105900000,1785106800000,2026-07-26T22:45:00Z,UP,YES,,59.7365,official-venue-resolution,f,f,f,f,f
sol,sol:1785105900000,1785105900000,1785106800000,2026-07-26T22:45:00Z,UP,YES,,76.6548,official-venue-resolution,f,f,f,f,f
xrp,xrp:1785105900000,1785105900000,1785106800000,2026-07-26T22:45:00Z,DOWN,NO,,1.1119,official-venue-resolution,f,f,f,f,f
bnb,bnb:1785106800000,1785106800000,1785107700000,2026-07-26T23:00:00Z,DOWN,NO,,574.8,official-venue-resolution,f,f,f,f,f
btc,btc:1785106800000,1785106800000,1785107700000,2026-07-26T23:00:00Z,UP,YES,,65367.21,official-venue-resolution,f,f,f,f,f
doge,doge:1785106800000,1785106800000,1785107700000,2026-07-26T23:00:00Z,UP,YES,,0.0732393,official-venue-resolution,f,f,f,f,f
eth,eth:1785106800000,1785106800000,1785107700000,2026-07-26T23:00:00Z,UP,YES,,1956.78,official-venue-resolution,f,f,f,f,f
hype,hype:1785106800000,1785106800000,1785107700000,2026-07-26T23:00:00Z,DOWN,NO,,59.6826,official-venue-resolution,f,f,f,f,f
sol,sol:1785106800000,1785106800000,1785107700000,2026-07-26T23:00:00Z,UP,YES,,76.773,official-venue-resolution,f,f,f,f,f
xrp,xrp:1785106800000,1785106800000,1785107700000,2026-07-26T23:00:00Z,UP,YES,,1.1121,official-venue-resolution,f,f,f,f,f
bnb,bnb:1785107700000,1785107700000,1785108600000,2026-07-26T23:15:00Z,DOWN,NO,,574.49,official-venue-resolution,f,f,f,f,f
btc,btc:1785107700000,1785107700000,1785108600000,2026-07-26T23:15:00Z,DOWN,NO,,65277.53,official-venue-resolution,f,f,f,f,f
doge,doge:1785107700000,1785107700000,1785108600000,2026-07-26T23:15:00Z,DOWN,NO,,0.0731565,official-venue-resolution,f,f,f,f,f
eth,eth:1785107700000,1785107700000,1785108600000,2026-07-26T23:15:00Z,DOWN,NO,,1951.95,official-venue-resolution,f,f,f,f,f
hype,hype:1785107700000,1785107700000,1785108600000,2026-07-26T23:15:00Z,DOWN,YES,,59.6832,official-venue-resolution,t,t,f,f,f
sol,sol:1785107700000,1785107700000,1785108600000,2026-07-26T23:15:00Z,DOWN,NO,,76.6273,official-venue-resolution,f,f,f,f,f
xrp,xrp:1785107700000,1785107700000,1785108600000,2026-07-26T23:15:00Z,DOWN,NO,,1.111,official-venue-resolution,f,f,f,f,f
bnb,bnb:1785108600000,1785108600000,1785109500000,2026-07-26T23:30:00Z,DOWN,NO,,574.38,official-venue-resolution,f,f,f,f,f
btc,btc:1785108600000,1785108600000,1785109500000,2026-07-26T23:30:00Z,UP,YES,,65345.17,official-venue-resolution,f,f,f,f,f
doge,doge:1785108600000,1785108600000,1785109500000,2026-07-26T23:30:00Z,UP,YES,,0.0732954,official-venue-resolution,f,f,f,f,f
eth,eth:1785108600000,1785108600000,1785109500000,2026-07-26T23:30:00Z,DOWN,YES,,1952.27,official-venue-resolution,t,t,f,f,f
hype,hype:1785108600000,1785108600000,1785109500000,2026-07-26T23:30:00Z,UP,YES,,59.8446,official-venue-resolution,f,f,f,f,f
sol,sol:1785108600000,1785108600000,1785109500000,2026-07-26T23:30:00Z,UP,YES,,76.6378,official-venue-resolution,f,f,f,f,f
xrp,xrp:1785108600000,1785108600000,1785109500000,2026-07-26T23:30:00Z,UP,YES,,1.1118,official-venue-resolution,f,f,f,f,f
bnb,bnb:1785109500000,1785109500000,1785110400000,2026-07-26T23:45:00Z,UP,YES,,574.9,official-venue-resolution,f,f,f,f,f
btc,btc:1785109500000,1785109500000,1785110400000,2026-07-26T23:45:00Z,DOWN,NO,,65338.7,official-venue-resolution,f,f,f,f,f
doge,doge:1785109500000,1785109500000,1785110400000,2026-07-26T23:45:00Z,UP,YES,,0.0733226,official-venue-resolution,f,f,f,f,f
eth,eth:1785109500000,1785109500000,1785110400000,2026-07-26T23:45:00Z,UP,YES,,1953.63,official-venue-resolution,f,f,f,f,f
hype,hype:1785109500000,1785109500000,1785110400000,2026-07-26T23:45:00Z,DOWN,NO,,59.6486,official-venue-resolution,f,f,f,f,f
sol,sol:1785109500000,1785109500000,1785110400000,2026-07-26T23:45:00Z,UP,YES,,76.688,official-venue-resolution,f,f,f,f,f
xrp,xrp:1785109500000,1785109500000,1785110400000,2026-07-26T23:45:00Z,UP,YES,,1.1122,official-venue-resolution,f,f,f,f,f
bnb,bnb:1785110400000,1785110400000,1785111300000,2026-07-27T00:00:00Z,DOWN,NO,,574.09,official-venue-resolution,f,f,f,f,f
btc,btc:1785110400000,1785110400000,1785111300000,2026-07-27T00:00:00Z,DOWN,NO,,65170.24,official-venue-resolution,f,f,f,f,f
doge,doge:1785110400000,1785110400000,1785111300000,2026-07-27T00:00:00Z,DOWN,NO,,0.0732546,official-venue-resolution,f,f,f,f,f
eth,eth:1785110400000,1785110400000,1785111300000,2026-07-27T00:00:00Z,DOWN,NO,,1947.8,official-venue-resolution,f,f,f,f,f
hype,hype:1785110400000,1785110400000,1785111300000,2026-07-27T00:00:00Z,DOWN,NO,,59.5783,official-venue-resolution,f,f,f,f,f
sol,sol:1785110400000,1785110400000,1785111300000,2026-07-27T00:00:00Z,DOWN,NO,,76.5538,official-venue-resolution,f,f,f,f,f
xrp,xrp:1785110400000,1785110400000,1785111300000,2026-07-27T00:00:00Z,DOWN,NO,,1.1107,official-venue-resolution,f,f,f,f,f
bnb,bnb:1785111300000,1785111300000,1785112200000,2026-07-27T00:15:00Z,DOWN,NO,,573.58,official-venue-resolution,f,f,f,f,f
btc,btc:1785111300000,1785111300000,1785112200000,2026-07-27T00:15:00Z,DOWN,NO,,65152.54,official-venue-resolution,f,f,f,f,f
doge,doge:1785111300000,1785111300000,1785112200000,2026-07-27T00:15:00Z,DOWN,NO,,0.0732003,official-venue-resolution,f,f,f,f,f
eth,eth:1785111300000,1785111300000,1785112200000,2026-07-27T00:15:00Z,DOWN,NO,,1943.99,official-venue-resolution,f,f,f,f,f
hype,hype:1785111300000,1785111300000,1785112200000,2026-07-27T00:15:00Z,DOWN,NO,,59.3924,official-venue-resolution,f,f,f,f,f
sol,sol:1785111300000,1785111300000,1785112200000,2026-07-27T00:15:00Z,DOWN,NO,,76.4495,official-venue-resolution,f,f,f,f,f
xrp,xrp:1785111300000,1785111300000,1785112200000,2026-07-27T00:15:00Z,DOWN,NO,,1.1091,official-venue-resolution,f,f,f,f,f
bnb,bnb:1785112200000,1785112200000,1785113100000,2026-07-27T00:30:00Z,DOWN,NO,,572.88,official-venue-resolution,f,f,f,f,f
btc,btc:1785112200000,1785112200000,1785113100000,2026-07-27T00:30:00Z,DOWN,NO,,65093.7,official-venue-resolution,f,f,f,f,f
doge,doge:1785112200000,1785112200000,1785113100000,2026-07-27T00:30:00Z,DOWN,NO,,0.0730018,official-venue-resolution,f,f,f,f,f
eth,eth:1785112200000,1785112200000,1785113100000,2026-07-27T00:30:00Z,DOWN,NO,,1940.7,official-venue-resolution,f,f,f,f,f
hype,hype:1785112200000,1785112200000,1785113100000,2026-07-27T00:30:00Z,UP,YES,,59.4363,official-venue-resolution,f,f,f,f,f
sol,sol:1785112200000,1785112200000,1785113100000,2026-07-27T00:30:00Z,DOWN,NO,,76.3692,official-venue-resolution,f,f,f,f,f
xrp,xrp:1785112200000,1785112200000,1785113100000,2026-07-27T00:30:00Z,DOWN,NO,,1.1082,official-venue-resolution,f,f,f,f,f
bnb,bnb:1785113100000,1785113100000,1785114000000,2026-07-27T00:45:00Z,DOWN,NO,,572.2,official-venue-resolution,f,f,f,f,f
btc,btc:1785113100000,1785113100000,1785114000000,2026-07-27T00:45:00Z,DOWN,NO,,65063.08,official-venue-resolution,f,f,f,f,f
doge,doge:1785113100000,1785113100000,1785114000000,2026-07-27T00:45:00Z,DOWN,NO,,0.0729561,official-venue-resolution,f,f,f,f,f
eth,eth:1785113100000,1785113100000,1785114000000,2026-07-27T00:45:00Z,UP,YES,,1940.78,official-venue-resolution,f,f,f,f,f
hype,hype:1785113100000,1785113100000,1785114000000,2026-07-27T00:45:00Z,DOWN,NO,,59.3123,official-venue-resolution,f,f,f,f,f
sol,sol:1785113100000,1785113100000,1785114000000,2026-07-27T00:45:00Z,DOWN,NO,,76.2672,official-venue-resolution,f,f,f,f,f
xrp,xrp:1785113100000,1785113100000,1785114000000,2026-07-27T00:45:00Z,DOWN,NO,,1.108,official-venue-resolution,f,f,f,f,f
bnb,bnb:1785114000000,1785114000000,1785114900000,2026-07-27T01:00:00Z,UP,YES,,572.39,official-venue-resolution,f,f,f,f,f
btc,btc:1785114000000,1785114000000,1785114900000,2026-07-27T01:00:00Z,DOWN,NO,,64996.16,official-venue-resolution,f,f,f,f,f
doge,doge:1785114000000,1785114000000,1785114900000,2026-07-27T01:00:00Z,DOWN,NO,,0.0728033,official-venue-resolution,f,f,f,f,f
eth,eth:1785114000000,1785114000000,1785114900000,2026-07-27T01:00:00Z,UP,YES,,1941.34,official-venue-resolution,f,f,f,f,f
hype,hype:1785114000000,1785114000000,1785114900000,2026-07-27T01:00:00Z,UP,YES,,59.445,official-venue-resolution,f,f,f,f,f
sol,sol:1785114000000,1785114000000,1785114900000,2026-07-27T01:00:00Z,DOWN,NO,,76.2098,official-venue-resolution,f,f,f,f,f
xrp,xrp:1785114000000,1785114000000,1785114900000,2026-07-27T01:00:00Z,DOWN,NO,,1.1073,official-venue-resolution,f,f,f,f,f
bnb,bnb:1785114900000,1785114900000,1785115800000,2026-07-27T01:15:00Z,UP,YES,,572.39,official-venue-resolution,f,f,f,f,f
btc,btc:1785114900000,1785114900000,1785115800000,2026-07-27T01:15:00Z,DOWN,NO,,64963.76,official-venue-resolution,f,f,f,f,f
doge,doge:1785114900000,1785114900000,1785115800000,2026-07-27T01:15:00Z,DOWN,NO,,0.0727415,official-venue-resolution,f,f,f,f,f
eth,eth:1785114900000,1785114900000,1785115800000,2026-07-27T01:15:00Z,DOWN,NO,,1940.06,official-venue-resolution,f,f,f,f,f
hype,hype:1785114900000,1785114900000,1785115800000,2026-07-27T01:15:00Z,DOWN,NO,,59.4369,official-venue-resolution,f,f,f,f,f
sol,sol:1785114900000,1785114900000,1785115800000,2026-07-27T01:15:00Z,DOWN,NO,,76.1673,official-venue-resolution,f,f,f,f,f
xrp,xrp:1785114900000,1785114900000,1785115800000,2026-07-27T01:15:00Z,DOWN,NO,,1.1046,official-venue-resolution,f,f,f,f,f
bnb,bnb:1785115800000,1785115800000,1785116700000,2026-07-27T01:30:00Z,DOWN,NO,,572.29,official-venue-resolution,f,f,f,f,f
btc,btc:1785115800000,1785115800000,1785116700000,2026-07-27T01:30:00Z,UP,YES,,65033.8,official-venue-resolution,f,f,f,f,f
doge,doge:1785115800000,1785115800000,1785116700000,2026-07-27T01:30:00Z,DOWN,NO,,0.0726631,official-venue-resolution,f,f,f,f,f
eth,eth:1785115800000,1785115800000,1785116700000,2026-07-27T01:30:00Z,UP,YES,,1940.56,official-venue-resolution,f,f,f,f,f
hype,hype:1785115800000,1785115800000,1785116700000,2026-07-27T01:30:00Z,DOWN,NO,,59.2804,official-venue-resolution,f,f,f,f,f
sol,sol:1785115800000,1785115800000,1785116700000,2026-07-27T01:30:00Z,UP,YES,,76.1982,official-venue-resolution,f,f,f,f,f
xrp,xrp:1785115800000,1785115800000,1785116700000,2026-07-27T01:30:00Z,DOWN,NO,,1.1042,official-venue-resolution,f,f,f,f,f
bnb,bnb:1785116700000,1785116700000,1785117600000,2026-07-27T01:45:00Z,UP,YES,,573.02,official-venue-resolution,f,f,f,f,f
btc,btc:1785116700000,1785116700000,1785117600000,2026-07-27T01:45:00Z,UP,YES,,65146.37,official-venue-resolution,f,f,f,f,f
doge,doge:1785116700000,1785116700000,1785117600000,2026-07-27T01:45:00Z,UP,YES,,0.0727737,official-venue-resolution,f,f,f,f,f
eth,eth:1785116700000,1785116700000,1785117600000,2026-07-27T01:45:00Z,UP,YES,,1946.17,official-venue-resolution,f,f,f,f,f
hype,hype:1785116700000,1785116700000,1785117600000,2026-07-27T01:45:00Z,UP,YES,,59.4983,official-venue-resolution,f,f,f,f,f
sol,sol:1785116700000,1785116700000,1785117600000,2026-07-27T01:45:00Z,UP,YES,,76.4557,official-venue-resolution,f,f,f,f,f
xrp,xrp:1785116700000,1785116700000,1785117600000,2026-07-27T01:45:00Z,UP,YES,,1.1069,official-venue-resolution,f,f,f,f,f
bnb,bnb:1785117600000,1785117600000,1785118500000,2026-07-27T02:00:00Z,DOWN,NO,,572.8,official-venue-resolution,f,f,f,f,f
btc,btc:1785117600000,1785117600000,1785118500000,2026-07-27T02:00:00Z,UP,YES,,65147.45,official-venue-resolution,f,f,f,f,f
doge,doge:1785117600000,1785117600000,1785118500000,2026-07-27T02:00:00Z,DOWN,NO,,0.0726833,official-venue-resolution,f,f,f,f,f
eth,eth:1785117600000,1785117600000,1785118500000,2026-07-27T02:00:00Z,DOWN,NO,,1945.05,official-venue-resolution,f,f,f,f,f
hype,hype:1785117600000,1785117600000,1785118500000,2026-07-27T02:00:00Z,DOWN,NO,,59.4698,official-venue-resolution,f,f,f,f,f
sol,sol:1785117600000,1785117600000,1785118500000,2026-07-27T02:00:00Z,DOWN,YES,,76.4578,official-venue-resolution,t,t,f,f,f
xrp,xrp:1785117600000,1785117600000,1785118500000,2026-07-27T02:00:00Z,DOWN,NO,,1.1066,official-venue-resolution,f,f,f,f,f
bnb,bnb:1785118500000,1785118500000,1785119400000,2026-07-27T02:15:00Z,UP,YES,,572.93,official-venue-resolution,f,f,f,f,f
btc,btc:1785118500000,1785118500000,1785119400000,2026-07-27T02:15:00Z,DOWN,NO,,65133.7,official-venue-resolution,f,f,f,f,f
doge,doge:1785118500000,1785118500000,1785119400000,2026-07-27T02:15:00Z,UP,YES,,0.072722,official-venue-resolution,f,f,f,f,f
eth,eth:1785118500000,1785118500000,1785119400000,2026-07-27T02:15:00Z,DOWN,NO,,1944.36,official-venue-resolution,f,f,f,f,f
hype,hype:1785118500000,1785118500000,1785119400000,2026-07-27T02:15:00Z,UP,YES,,59.5039,official-venue-resolution,f,f,f,f,f
sol,sol:1785118500000,1785118500000,1785119400000,2026-07-27T02:15:00Z,UP,YES,,76.5338,official-venue-resolution,f,f,f,f,f
xrp,xrp:1785118500000,1785118500000,1785119400000,2026-07-27T02:15:00Z,DOWN,NO,,1.1063,official-venue-resolution,f,f,f,f,f
bnb,bnb:1785119400000,1785119400000,1785120300000,2026-07-27T02:30:00Z,UP,YES,,573.58,official-venue-resolution,f,f,f,f,f
btc,btc:1785119400000,1785119400000,1785120300000,2026-07-27T02:30:00Z,UP,YES,,65195.91,official-venue-resolution,f,f,f,f,f
doge,doge:1785119400000,1785119400000,1785120300000,2026-07-27T02:30:00Z,DOWN,NO,,0.0727195,official-venue-resolution,f,f,f,f,f
eth,eth:1785119400000,1785119400000,1785120300000,2026-07-27T02:30:00Z,UP,YES,,1945.35,official-venue-resolution,f,f,f,f,f
hype,hype:1785119400000,1785119400000,1785120300000,2026-07-27T02:30:00Z,UP,YES,,59.6802,official-venue-resolution,f,f,f,f,f
sol,sol:1785119400000,1785119400000,1785120300000,2026-07-27T02:30:00Z,UP,YES,,76.5553,official-venue-resolution,f,f,f,f,f
xrp,xrp:1785119400000,1785119400000,1785120300000,2026-07-27T02:30:00Z,DOWN,NO,,1.106,official-venue-resolution,f,f,f,f,f
bnb,bnb:1785120300000,1785120300000,1785121200000,2026-07-27T02:45:00Z,DOWN,NO,,572.62,official-venue-resolution,f,f,f,f,f
btc,btc:1785120300000,1785120300000,1785121200000,2026-07-27T02:45:00Z,DOWN,NO,,65121.49,official-venue-resolution,f,f,f,f,f
doge,doge:1785120300000,1785120300000,1785121200000,2026-07-27T02:45:00Z,DOWN,NO,,0.0725524,official-venue-resolution,f,f,f,f,f
eth,eth:1785120300000,1785120300000,1785121200000,2026-07-27T02:45:00Z,DOWN,NO,,1941.88,official-venue-resolution,f,f,f,f,f
hype,hype:1785120300000,1785120300000,1785121200000,2026-07-27T02:45:00Z,DOWN,NO,,59.5775,official-venue-resolution,f,f,f,f,f
sol,sol:1785120300000,1785120300000,1785121200000,2026-07-27T02:45:00Z,DOWN,NO,,76.3943,official-venue-resolution,f,f,f,f,f
xrp,xrp:1785120300000,1785120300000,1785121200000,2026-07-27T02:45:00Z,DOWN,NO,,1.1048,official-venue-resolution,f,f,f,f,f
bnb,bnb:1785121200000,1785121200000,1785122100000,2026-07-27T03:00:00Z,UP,YES,,572.72,official-venue-resolution,f,f,f,f,f
btc,btc:1785121200000,1785121200000,1785122100000,2026-07-27T03:00:00Z,UP,YES,,65206.66,official-venue-resolution,f,f,f,f,f
doge,doge:1785121200000,1785121200000,1785122100000,2026-07-27T03:00:00Z,UP,NO,,0.0725508,official-venue-resolution,t,f,t,f,f
eth,eth:1785121200000,1785121200000,1785122100000,2026-07-27T03:00:00Z,UP,YES,,1943.53,official-venue-resolution,f,f,f,f,f
hype,hype:1785121200000,1785121200000,1785122100000,2026-07-27T03:00:00Z,UP,YES,,59.6416,official-venue-resolution,f,f,f,f,f
sol,sol:1785121200000,1785121200000,1785122100000,2026-07-27T03:00:00Z,DOWN,NO,,76.3612,official-venue-resolution,f,f,f,f,f
xrp,xrp:1785121200000,1785121200000,1785122100000,2026-07-27T03:00:00Z,DOWN,NO,,1.1046,official-venue-resolution,f,f,f,f,f
bnb,bnb:1785122100000,1785122100000,1785123000000,2026-07-27T03:15:00Z,DOWN,NO,,572.6,official-venue-resolution,f,f,f,f,f
btc,btc:1785122100000,1785122100000,1785123000000,2026-07-27T03:15:00Z,UP,YES,,65265.91,official-venue-resolution,f,f,f,f,f
doge,doge:1785122100000,1785122100000,1785123000000,2026-07-27T03:15:00Z,UP,YES,,0.072691,official-venue-resolution,f,f,f,f,f
eth,eth:1785122100000,1785122100000,1785123000000,2026-07-27T03:15:00Z,UP,YES,,1944.78,official-venue-resolution,f,f,f,f,f
hype,hype:1785122100000,1785122100000,1785123000000,2026-07-27T03:15:00Z,DOWN,NO,,59.5673,official-venue-resolution,f,f,f,f,f
sol,sol:1785122100000,1785122100000,1785123000000,2026-07-27T03:15:00Z,UP,YES,,76.4115,official-venue-resolution,f,f,f,f,f
xrp,xrp:1785122100000,1785122100000,1785123000000,2026-07-27T03:15:00Z,UP,YES,,1.105,official-venue-resolution,f,f,f,f,f
bnb,bnb:1785123000000,1785123000000,1785123900000,2026-07-27T03:30:00Z,UP,YES,,572.7,official-venue-resolution,f,f,f,f,f
btc,btc:1785123000000,1785123000000,1785123900000,2026-07-27T03:30:00Z,UP,YES,,65291.55,official-venue-resolution,f,f,f,f,f
doge,doge:1785123000000,1785123000000,1785123900000,2026-07-27T03:30:00Z,UP,YES,,0.0728367,official-venue-resolution,f,f,f,f,f
eth,eth:1785123000000,1785123000000,1785123900000,2026-07-27T03:30:00Z,UP,YES,,1945.54,official-venue-resolution,f,f,f,f,f
hype,hype:1785123000000,1785123000000,1785123900000,2026-07-27T03:30:00Z,UP,YES,,59.6542,official-venue-resolution,f,f,f,f,f
sol,sol:1785123000000,1785123000000,1785123900000,2026-07-27T03:30:00Z,UP,YES,,76.4398,official-venue-resolution,f,f,f,f,f
xrp,xrp:1785123000000,1785123000000,1785123900000,2026-07-27T03:30:00Z,UP,YES,,1.1061,official-venue-resolution,f,f,f,f,f
bnb,bnb:1785123900000,1785123900000,1785124800000,2026-07-27T03:45:00Z,UP,YES,,573.23,official-venue-resolution,f,f,f,f,f
btc,btc:1785123900000,1785123900000,1785124800000,2026-07-27T03:45:00Z,DOWN,NO,,65222.47,official-venue-resolution,f,f,f,f,f
doge,doge:1785123900000,1785123900000,1785124800000,2026-07-27T03:45:00Z,DOWN,NO,,0.072796,official-venue-resolution,f,f,f,f,f
eth,eth:1785123900000,1785123900000,1785124800000,2026-07-27T03:45:00Z,UP,YES,,1948.31,official-venue-resolution,f,f,f,f,f
hype,hype:1785123900000,1785123900000,1785124800000,2026-07-27T03:45:00Z,UP,YES,,59.9075,official-venue-resolution,f,f,f,f,f
sol,sol:1785123900000,1785123900000,1785124800000,2026-07-27T03:45:00Z,DOWN,NO,,76.3452,official-venue-resolution,f,f,f,f,f
xrp,xrp:1785123900000,1785123900000,1785124800000,2026-07-27T03:45:00Z,UP,YES,,1.1066,official-venue-resolution,f,f,f,f,f
bnb,bnb:1785124800000,1785124800000,1785125700000,2026-07-27T04:00:00Z,UP,YES,,573.27,official-venue-resolution,f,f,f,f,f
btc,btc:1785124800000,1785124800000,1785125700000,2026-07-27T04:00:00Z,UP,YES,,65248.52,official-venue-resolution,f,f,f,f,f
doge,doge:1785124800000,1785124800000,1785125700000,2026-07-27T04:00:00Z,DOWN,NO,,0.0727443,official-venue-resolution,f,f,f,f,f
eth,eth:1785124800000,1785124800000,1785125700000,2026-07-27T04:00:00Z,UP,YES,,1951.05,official-venue-resolution,f,f,f,f,f
hype,hype:1785124800000,1785124800000,1785125700000,2026-07-27T04:00:00Z,UP,YES,,59.9465,official-venue-resolution,f,f,f,f,f
sol,sol:1785124800000,1785124800000,1785125700000,2026-07-27T04:00:00Z,UP,NO,,76.338,official-venue-resolution,t,f,t,f,f
xrp,xrp:1785124800000,1785124800000,1785125700000,2026-07-27T04:00:00Z,DOWN,NO,,1.1057,official-venue-resolution,f,f,f,f,f
bnb,bnb:1785125700000,1785125700000,1785126600000,2026-07-27T04:15:00Z,DOWN,NO,,573.06,official-venue-resolution,f,f,f,f,f
btc,btc:1785125700000,1785125700000,1785126600000,2026-07-27T04:15:00Z,UP,YES,,65260.64,official-venue-resolution,f,f,f,f,f
doge,doge:1785125700000,1785125700000,1785126600000,2026-07-27T04:15:00Z,DOWN,YES,,0.0727633,official-venue-resolution,t,t,f,f,f
eth,eth:1785125700000,1785125700000,1785126600000,2026-07-27T04:15:00Z,UP,YES,,1952.4,official-venue-resolution,f,f,f,f,f
hype,hype:1785125700000,1785125700000,1785126600000,2026-07-27T04:15:00Z,UP,YES,,60.2033,official-venue-resolution,f,f,f,f,f
sol,sol:1785125700000,1785125700000,1785126600000,2026-07-27T04:15:00Z,DOWN,NO,,76.3208,official-venue-resolution,f,f,f,f,f
xrp,xrp:1785125700000,1785125700000,1785126600000,2026-07-27T04:15:00Z,UP,YES,,1.1064,official-venue-resolution,f,f,f,f,f
bnb,bnb:1785126600000,1785126600000,1785127500000,2026-07-27T04:30:00Z,UP,YES,,573.26,official-venue-resolution,f,f,f,f,f
btc,btc:1785126600000,1785126600000,1785127500000,2026-07-27T04:30:00Z,UP,YES,,65327.69,official-venue-resolution,f,f,f,f,f
doge,doge:1785126600000,1785126600000,1785127500000,2026-07-27T04:30:00Z,UP,YES,,0.0728217,official-venue-resolution,f,f,f,f,f
eth,eth:1785126600000,1785126600000,1785127500000,2026-07-27T04:30:00Z,UP,YES,,1956.27,official-venue-resolution,f,f,f,f,f
hype,hype:1785126600000,1785126600000,1785127500000,2026-07-27T04:30:00Z,UP,YES,,60.4429,official-venue-resolution,f,f,f,f,f
sol,sol:1785126600000,1785126600000,1785127500000,2026-07-27T04:30:00Z,UP,YES,,76.3523,official-venue-resolution,f,f,f,f,f
xrp,xrp:1785126600000,1785126600000,1785127500000,2026-07-27T04:30:00Z,UP,YES,,1.108,official-venue-resolution,f,f,f,f,f
bnb,bnb:1785127500000,1785127500000,1785128400000,2026-07-27T04:45:00Z,UP,YES,,573.49,official-venue-resolution,f,f,f,f,f
btc,btc:1785127500000,1785127500000,1785128400000,2026-07-27T04:45:00Z,DOWN,NO,,65235.55,official-venue-resolution,f,f,f,f,f
doge,doge:1785127500000,1785127500000,1785128400000,2026-07-27T04:45:00Z,DOWN,NO,,0.0727369,official-venue-resolution,f,f,f,f,f
eth,eth:1785127500000,1785127500000,1785128400000,2026-07-27T04:45:00Z,DOWN,NO,,1952.06,official-venue-resolution,f,f,f,f,f
hype,hype:1785127500000,1785127500000,1785128400000,2026-07-27T04:45:00Z,DOWN,NO,,60.2049,official-venue-resolution,f,f,f,f,f
sol,sol:1785127500000,1785127500000,1785128400000,2026-07-27T04:45:00Z,DOWN,NO,,76.2557,official-venue-resolution,f,f,f,f,f
xrp,xrp:1785127500000,1785127500000,1785128400000,2026-07-27T04:45:00Z,DOWN,NO,,1.1056,official-venue-resolution,f,f,f,f,f
bnb,bnb:1785128400000,1785128400000,1785129300000,2026-07-27T05:00:00Z,UP,YES,,573.76,official-venue-resolution,f,f,f,f,f
btc,btc:1785128400000,1785128400000,1785129300000,2026-07-27T05:00:00Z,UP,YES,,65328.75,official-venue-resolution,f,f,f,f,f
doge,doge:1785128400000,1785128400000,1785129300000,2026-07-27T05:00:00Z,UP,YES,,0.0728863,official-venue-resolution,f,f,f,f,f
eth,eth:1785128400000,1785128400000,1785129300000,2026-07-27T05:00:00Z,UP,YES,,1955.37,official-venue-resolution,f,f,f,f,f
hype,hype:1785128400000,1785128400000,1785129300000,2026-07-27T05:00:00Z,UP,YES,,60.4586,official-venue-resolution,f,f,f,f,f
sol,sol:1785128400000,1785128400000,1785129300000,2026-07-27T05:00:00Z,UP,YES,,76.3903,official-venue-resolution,f,f,f,f,f
xrp,xrp:1785128400000,1785128400000,1785129300000,2026-07-27T05:00:00Z,UP,YES,,1.1073,official-venue-resolution,f,f,f,f,f
bnb,bnb:1785129300000,1785129300000,1785130200000,2026-07-27T05:15:00Z,UP,YES,,574.16,official-venue-resolution,f,f,f,f,f
btc,btc:1785129300000,1785129300000,1785130200000,2026-07-27T05:15:00Z,UP,YES,,65353.83,official-venue-resolution,f,f,f,f,f
doge,doge:1785129300000,1785129300000,1785130200000,2026-07-27T05:15:00Z,DOWN,NO,,0.0727975,official-venue-resolution,f,f,f,f,f
eth,eth:1785129300000,1785129300000,1785130200000,2026-07-27T05:15:00Z,UP,YES,,1957.39,official-venue-resolution,f,f,f,f,f
hype,hype:1785129300000,1785129300000,1785130200000,2026-07-27T05:15:00Z,DOWN,NO,,60.3012,official-venue-resolution,f,f,f,f,f
sol,sol:1785129300000,1785129300000,1785130200000,2026-07-27T05:15:00Z,DOWN,NO,,76.3702,official-venue-resolution,f,f,f,f,f
xrp,xrp:1785129300000,1785129300000,1785130200000,2026-07-27T05:15:00Z,UP,YES,,1.108,official-venue-resolution,f,f,f,f,f
bnb,bnb:1785130200000,1785130200000,1785131100000,2026-07-27T05:30:00Z,DOWN,YES,,574.33,official-venue-resolution,t,t,f,f,f
btc,btc:1785130200000,1785130200000,1785131100000,2026-07-27T05:30:00Z,DOWN,NO,,65343.63,official-venue-resolution,f,f,f,f,f
doge,doge:1785130200000,1785130200000,1785131100000,2026-07-27T05:30:00Z,DOWN,NO,,0.0727209,official-venue-resolution,f,f,f,f,f
eth,eth:1785130200000,1785130200000,1785131100000,2026-07-27T05:30:00Z,UP,YES,,1959.1,official-venue-resolution,f,f,f,f,f
hype,hype:1785130200000,1785130200000,1785131100000,2026-07-27T05:30:00Z,DOWN,NO,,60.1457,official-venue-resolution,f,f,f,f,f
sol,sol:1785130200000,1785130200000,1785131100000,2026-07-27T05:30:00Z,DOWN,NO,,76.3215,official-venue-resolution,f,f,f,f,f
xrp,xrp:1785130200000,1785130200000,1785131100000,2026-07-27T05:30:00Z,DOWN,YES,,1.108,official-venue-resolution,t,t,f,f,f
bnb,bnb:1785131100000,1785131100000,1785132000000,2026-07-27T05:45:00Z,UP,YES,,575.11,official-venue-resolution,f,f,f,f,f
btc,btc:1785131100000,1785131100000,1785132000000,2026-07-27T05:45:00Z,UP,YES,,65417.12,official-venue-resolution,f,f,f,f,f
doge,doge:1785131100000,1785131100000,1785132000000,2026-07-27T05:45:00Z,UP,YES,,0.0729268,official-venue-resolution,f,f,f,f,f
eth,eth:1785131100000,1785131100000,1785132000000,2026-07-27T05:45:00Z,UP,YES,,1964.92,official-venue-resolution,f,f,f,f,f
hype,hype:1785131100000,1785131100000,1785132000000,2026-07-27T05:45:00Z,DOWN,NO,,60.1339,official-venue-resolution,f,f,f,f,f
sol,sol:1785131100000,1785131100000,1785132000000,2026-07-27T05:45:00Z,UP,YES,,76.5177,official-venue-resolution,f,f,f,f,f
xrp,xrp:1785131100000,1785131100000,1785132000000,2026-07-27T05:45:00Z,UP,YES,,1.1094,official-venue-resolution,f,f,f,f,f
bnb,bnb:1785132000000,1785132000000,1785132900000,2026-07-27T06:00:00Z,UP,YES,,575.35,official-venue-resolution,f,f,f,f,f
btc,btc:1785132000000,1785132000000,1785132900000,2026-07-27T06:00:00Z,UP,YES,,65541.82,official-venue-resolution,f,f,f,f,f
doge,doge:1785132000000,1785132000000,1785132900000,2026-07-27T06:00:00Z,UP,YES,,0.073164,official-venue-resolution,f,f,f,f,f
eth,eth:1785132000000,1785132000000,1785132900000,2026-07-27T06:00:00Z,UP,YES,,1968.27,official-venue-resolution,f,f,f,f,f
hype,hype:1785132000000,1785132000000,1785132900000,2026-07-27T06:00:00Z,UP,YES,,60.176,official-venue-resolution,f,f,f,f,f
sol,sol:1785132000000,1785132000000,1785132900000,2026-07-27T06:00:00Z,UP,YES,,76.8183,official-venue-resolution,f,f,f,f,f
xrp,xrp:1785132000000,1785132000000,1785132900000,2026-07-27T06:00:00Z,UP,YES,,1.1115,official-venue-resolution,f,f,f,f,f
bnb,bnb:1785132900000,1785132900000,1785133800000,2026-07-27T06:15:00Z,DOWN,NO,,574.53,official-venue-resolution,f,f,f,f,f
btc,btc:1785132900000,1785132900000,1785133800000,2026-07-27T06:15:00Z,DOWN,NO,,65430.51,official-venue-resolution,f,f,f,f,f
doge,doge:1785132900000,1785132900000,1785133800000,2026-07-27T06:15:00Z,DOWN,NO,,0.0729964,official-venue-resolution,f,f,f,f,f
eth,eth:1785132900000,1785132900000,1785133800000,2026-07-27T06:15:00Z,DOWN,NO,,1964.47,official-venue-resolution,f,f,f,f,f
hype,hype:1785132900000,1785132900000,1785133800000,2026-07-27T06:15:00Z,DOWN,NO,,60.0546,official-venue-resolution,f,f,f,f,f
sol,sol:1785132900000,1785132900000,1785133800000,2026-07-27T06:15:00Z,DOWN,NO,,76.631,official-venue-resolution,f,f,f,f,f
xrp,xrp:1785132900000,1785132900000,1785133800000,2026-07-27T06:15:00Z,DOWN,NO,,1.1102,official-venue-resolution,f,f,f,f,f
bnb,bnb:1785133800000,1785133800000,1785134700000,2026-07-27T06:30:00Z,UP,YES,,575.31,official-venue-resolution,f,f,f,f,f
btc,btc:1785133800000,1785133800000,1785134700000,2026-07-27T06:30:00Z,UP,YES,,65480.33,official-venue-resolution,f,f,f,f,f
doge,doge:1785133800000,1785133800000,1785134700000,2026-07-27T06:30:00Z,UP,YES,,0.0731228,official-venue-resolution,f,f,f,f,f
eth,eth:1785133800000,1785133800000,1785134700000,2026-07-27T06:30:00Z,UP,YES,,1971,official-venue-resolution,f,f,f,f,f
hype,hype:1785133800000,1785133800000,1785134700000,2026-07-27T06:30:00Z,UP,YES,,60.2268,official-venue-resolution,f,f,f,f,f
sol,sol:1785133800000,1785133800000,1785134700000,2026-07-27T06:30:00Z,UP,YES,,76.7862,official-venue-resolution,f,f,f,f,f
xrp,xrp:1785133800000,1785133800000,1785134700000,2026-07-27T06:30:00Z,UP,YES,,1.1114,official-venue-resolution,f,f,f,f,f
bnb,bnb:1785134700000,1785134700000,1785135600000,2026-07-27T06:45:00Z,DOWN,NO,,574.8,official-venue-resolution,f,f,f,f,f
btc,btc:1785134700000,1785134700000,1785135600000,2026-07-27T06:45:00Z,DOWN,NO,,65368.76,official-venue-resolution,f,f,f,f,f
doge,doge:1785134700000,1785134700000,1785135600000,2026-07-27T06:45:00Z,DOWN,NO,,0.0729707,official-venue-resolution,f,f,f,f,f
eth,eth:1785134700000,1785134700000,1785135600000,2026-07-27T06:45:00Z,DOWN,NO,,1967.58,official-venue-resolution,f,f,f,f,f
hype,hype:1785134700000,1785134700000,1785135600000,2026-07-27T06:45:00Z,DOWN,NO,,60.1353,official-venue-resolution,f,f,f,f,f
sol,sol:1785134700000,1785134700000,1785135600000,2026-07-27T06:45:00Z,DOWN,NO,,76.687,official-venue-resolution,f,f,f,f,f
xrp,xrp:1785134700000,1785134700000,1785135600000,2026-07-27T06:45:00Z,DOWN,NO,,1.1105,official-venue-resolution,f,f,f,f,f
bnb,bnb:1785135600000,1785135600000,1785136500000,2026-07-27T07:00:00Z,UP,YES,,574.84,official-venue-resolution,f,f,f,f,f
btc,btc:1785135600000,1785135600000,1785136500000,2026-07-27T07:00:00Z,UP,YES,,65370.95,official-venue-resolution,f,f,f,f,f
doge,doge:1785135600000,1785135600000,1785136500000,2026-07-27T07:00:00Z,UP,NO,,0.0729672,official-venue-resolution,t,f,t,f,f
eth,eth:1785135600000,1785135600000,1785136500000,2026-07-27T07:00:00Z,UP,YES,,1969.74,official-venue-resolution,f,f,f,f,f
hype,hype:1785135600000,1785135600000,1785136500000,2026-07-27T07:00:00Z,DOWN,NO,,59.9752,official-venue-resolution,f,f,f,f,f
sol,sol:1785135600000,1785135600000,1785136500000,2026-07-27T07:00:00Z,DOWN,NO,,76.6432,official-venue-resolution,f,f,f,f,f
xrp,xrp:1785135600000,1785135600000,1785136500000,2026-07-27T07:00:00Z,UP,NO,,1.1102,official-venue-resolution,t,f,t,f,f
bnb,bnb:1785136500000,1785136500000,1785137400000,2026-07-27T07:15:00Z,DOWN,NO,,574.8,official-venue-resolution,f,f,f,f,f
btc,btc:1785136500000,1785136500000,1785137400000,2026-07-27T07:15:00Z,DOWN,NO,,65365.97,official-venue-resolution,f,f,f,f,f
doge,doge:1785136500000,1785136500000,1785137400000,2026-07-27T07:15:00Z,DOWN,NO,,0.0728931,official-venue-resolution,f,f,f,f,f
eth,eth:1785136500000,1785136500000,1785137400000,2026-07-27T07:15:00Z,DOWN,NO,,1968.56,official-venue-resolution,f,f,f,f,f
hype,hype:1785136500000,1785136500000,1785137400000,2026-07-27T07:15:00Z,DOWN,NO,,59.9631,official-venue-resolution,f,f,f,f,f
sol,sol:1785136500000,1785136500000,1785137400000,2026-07-27T07:15:00Z,DOWN,NO,,76.5285,official-venue-resolution,f,f,f,f,f
xrp,xrp:1785136500000,1785136500000,1785137400000,2026-07-27T07:15:00Z,DOWN,NO,,1.1091,official-venue-resolution,f,f,f,f,f
bnb,bnb:1785137400000,1785137400000,1785138300000,2026-07-27T07:30:00Z,DOWN,NO,,574.6,official-venue-resolution,f,f,f,f,f
btc,btc:1785137400000,1785137400000,1785138300000,2026-07-27T07:30:00Z,DOWN,NO,,65225.64,official-venue-resolution,f,f,f,f,f
doge,doge:1785137400000,1785137400000,1785138300000,2026-07-27T07:30:00Z,DOWN,NO,,0.0727467,official-venue-resolution,f,f,f,f,f
eth,eth:1785137400000,1785137400000,1785138300000,2026-07-27T07:30:00Z,DOWN,NO,,1964.85,official-venue-resolution,f,f,f,f,f
hype,hype:1785137400000,1785137400000,1785138300000,2026-07-27T07:30:00Z,UP,YES,,59.9683,official-venue-resolution,f,f,f,f,f
sol,sol:1785137400000,1785137400000,1785138300000,2026-07-27T07:30:00Z,DOWN,NO,,76.4617,official-venue-resolution,f,f,f,f,f
xrp,xrp:1785137400000,1785137400000,1785138300000,2026-07-27T07:30:00Z,DOWN,NO,,1.1069,official-venue-resolution,f,f,f,f,f
bnb,bnb:1785138300000,1785138300000,1785139200000,2026-07-27T07:45:00Z,DOWN,NO,,574.43,official-venue-resolution,f,f,f,f,f
btc,btc:1785138300000,1785138300000,1785139200000,2026-07-27T07:45:00Z,DOWN,NO,,65184.59,official-venue-resolution,f,f,f,f,f
doge,doge:1785138300000,1785138300000,1785139200000,2026-07-27T07:45:00Z,UP,YES,,0.0728207,official-venue-resolution,f,f,f,f,f
eth,eth:1785138300000,1785138300000,1785139200000,2026-07-27T07:45:00Z,DOWN,NO,,1963.53,official-venue-resolution,f,f,f,f,f
hype,hype:1785138300000,1785138300000,1785139200000,2026-07-27T07:45:00Z,DOWN,YES,,59.99,official-venue-resolution,t,t,f,f,f
sol,sol:1785138300000,1785138300000,1785139200000,2026-07-27T07:45:00Z,DOWN,NO,,76.4303,official-venue-resolution,f,f,f,f,f
xrp,xrp:1785138300000,1785138300000,1785139200000,2026-07-27T07:45:00Z,DOWN,YES,,1.1071,official-venue-resolution,t,t,f,f,f
bnb,bnb:1785139200000,1785139200000,1785140100000,2026-07-27T08:00:00Z,DOWN,YES,,574.44,official-venue-resolution,t,t,f,f,f
btc,btc:1785139200000,1785139200000,1785140100000,2026-07-27T08:00:00Z,DOWN,NO,,65145.03,official-venue-resolution,f,f,f,f,f
doge,doge:1785139200000,1785139200000,1785140100000,2026-07-27T08:00:00Z,DOWN,NO,,0.07259,official-venue-resolution,f,f,f,f,f
eth,eth:1785139200000,1785139200000,1785140100000,2026-07-27T08:00:00Z,UP,YES,,1963.9,official-venue-resolution,f,f,f,f,f
hype,hype:1785139200000,1785139200000,1785140100000,2026-07-27T08:00:00Z,DOWN,NO,,59.9124,official-venue-resolution,f,f,f,f,f
sol,sol:1785139200000,1785139200000,1785140100000,2026-07-27T08:00:00Z,DOWN,NO,,76.3325,official-venue-resolution,f,f,f,f,f
xrp,xrp:1785139200000,1785139200000,1785140100000,2026-07-27T08:00:00Z,DOWN,NO,,1.1061,official-venue-resolution,f,f,f,f,f
bnb,bnb:1785140100000,1785140100000,1785141000000,2026-07-27T08:15:00Z,UP,YES,,574.79,official-venue-resolution,f,f,f,f,f
btc,btc:1785140100000,1785140100000,1785141000000,2026-07-27T08:15:00Z,UP,YES,,65179.58,official-venue-resolution,f,f,f,f,f
doge,doge:1785140100000,1785140100000,1785141000000,2026-07-27T08:15:00Z,UP,YES,,0.072639,official-venue-resolution,f,f,f,f,f
eth,eth:1785140100000,1785140100000,1785141000000,2026-07-27T08:15:00Z,UP,YES,,1966.18,official-venue-resolution,f,f,f,f,f
hype,hype:1785140100000,1785140100000,1785141000000,2026-07-27T08:15:00Z,UP,YES,,60.2648,official-venue-resolution,f,f,f,f,f
sol,sol:1785140100000,1785140100000,1785141000000,2026-07-27T08:15:00Z,UP,YES,,76.335,official-venue-resolution,f,f,f,f,f
xrp,xrp:1785140100000,1785140100000,1785141000000,2026-07-27T08:15:00Z,UP,YES,,1.107,official-venue-resolution,f,f,f,f,f
bnb,bnb:1785141000000,1785141000000,1785141900000,2026-07-27T08:30:00Z,DOWN,NO,,574.52,official-venue-resolution,f,f,f,f,f
btc,btc:1785141000000,1785141000000,1785141900000,2026-07-27T08:30:00Z,DOWN,NO,,65114.16,official-venue-resolution,f,f,f,f,f
doge,doge:1785141000000,1785141000000,1785141900000,2026-07-27T08:30:00Z,DOWN,NO,,0.072544,official-venue-resolution,f,f,f,f,f
eth,eth:1785141000000,1785141000000,1785141900000,2026-07-27T08:30:00Z,DOWN,NO,,1964.42,official-venue-resolution,f,f,f,f,f
hype,hype:1785141000000,1785141000000,1785141900000,2026-07-27T08:30:00Z,UP,YES,,60.2729,official-venue-resolution,f,f,f,f,f
sol,sol:1785141000000,1785141000000,1785141900000,2026-07-27T08:30:00Z,DOWN,NO,,76.2577,official-venue-resolution,f,f,f,f,f
xrp,xrp:1785141000000,1785141000000,1785141900000,2026-07-27T08:30:00Z,DOWN,NO,,1.1061,official-venue-resolution,f,f,f,f,f
bnb,bnb:1785141900000,1785141900000,1785142800000,2026-07-27T08:45:00Z,DOWN,NO,,573.4,official-venue-resolution,f,f,f,f,f
btc,btc:1785141900000,1785141900000,1785142800000,2026-07-27T08:45:00Z,UP,YES,,65117.21,official-venue-resolution,f,f,f,f,f
doge,doge:1785141900000,1785141900000,1785142800000,2026-07-27T08:45:00Z,UP,YES,,0.0725661,official-venue-resolution,f,f,f,f,f
eth,eth:1785141900000,1785141900000,1785142800000,2026-07-27T08:45:00Z,DOWN,NO,,1963.91,official-venue-resolution,f,f,f,f,f
hype,hype:1785141900000,1785141900000,1785142800000,2026-07-27T08:45:00Z,DOWN,NO,,60.1736,official-venue-resolution,f,f,f,f,f
sol,sol:1785141900000,1785141900000,1785142800000,2026-07-27T08:45:00Z,UP,NO,,76.2553,official-venue-resolution,t,f,t,f,f
xrp,xrp:1785141900000,1785141900000,1785142800000,2026-07-27T08:45:00Z,UP,YES,,1.1062,official-venue-resolution,f,f,f,f,f
bnb,bnb:1785142800000,1785142800000,1785143700000,2026-07-27T09:00:00Z,DOWN,NO,,571.88,official-venue-resolution,f,f,f,f,f
btc,btc:1785142800000,1785142800000,1785143700000,2026-07-27T09:00:00Z,DOWN,NO,,65074.57,official-venue-resolution,f,f,f,f,f
doge,doge:1785142800000,1785142800000,1785143700000,2026-07-27T09:00:00Z,DOWN,NO,,0.0722748,official-venue-resolution,f,f,f,f,f
eth,eth:1785142800000,1785142800000,1785143700000,2026-07-27T09:00:00Z,DOWN,NO,,1956.75,official-venue-resolution,f,f,f,f,f
hype,hype:1785142800000,1785142800000,1785143700000,2026-07-27T09:00:00Z,DOWN,NO,,60.0639,official-venue-resolution,f,f,f,f,f
sol,sol:1785142800000,1785142800000,1785143700000,2026-07-27T09:00:00Z,DOWN,NO,,76.1478,official-venue-resolution,f,f,f,f,f
xrp,xrp:1785142800000,1785142800000,1785143700000,2026-07-27T09:00:00Z,DOWN,NO,,1.1047,official-venue-resolution,f,f,f,f,f
bnb,bnb:1785143700000,1785143700000,1785144600000,2026-07-27T09:15:00Z,UP,YES,,572.14,official-venue-resolution,f,f,f,f,f
btc,btc:1785143700000,1785143700000,1785144600000,2026-07-27T09:15:00Z,UP,YES,,65164.87,official-venue-resolution,f,f,f,f,f
doge,doge:1785143700000,1785143700000,1785144600000,2026-07-27T09:15:00Z,UP,YES,,0.0724206,official-venue-resolution,f,f,f,f,f
eth,eth:1785143700000,1785143700000,1785144600000,2026-07-27T09:15:00Z,UP,YES,,1958.92,official-venue-resolution,f,f,f,f,f
hype,hype:1785143700000,1785143700000,1785144600000,2026-07-27T09:15:00Z,UP,YES,,60.1246,official-venue-resolution,f,f,f,f,f
sol,sol:1785143700000,1785143700000,1785144600000,2026-07-27T09:15:00Z,UP,YES,,76.2898,official-venue-resolution,f,f,f,f,f
xrp,xrp:1785143700000,1785143700000,1785144600000,2026-07-27T09:15:00Z,UP,YES,,1.1062,official-venue-resolution,f,f,f,f,f
bnb,bnb:1785144600000,1785144600000,1785145500000,2026-07-27T09:30:00Z,UP,YES,,572.56,official-venue-resolution,f,f,f,f,f
btc,btc:1785144600000,1785144600000,1785145500000,2026-07-27T09:30:00Z,UP,YES,,65242.06,official-venue-resolution,f,f,f,f,f
doge,doge:1785144600000,1785144600000,1785145500000,2026-07-27T09:30:00Z,UP,YES,,0.0726305,official-venue-resolution,f,f,f,f,f
eth,eth:1785144600000,1785144600000,1785145500000,2026-07-27T09:30:00Z,UP,YES,,1965.03,official-venue-resolution,f,f,f,f,f
hype,hype:1785144600000,1785144600000,1785145500000,2026-07-27T09:30:00Z,UP,YES,,60.2059,official-venue-resolution,f,f,f,f,f
sol,sol:1785144600000,1785144600000,1785145500000,2026-07-27T09:30:00Z,UP,YES,,76.392,official-venue-resolution,f,f,f,f,f
xrp,xrp:1785144600000,1785144600000,1785145500000,2026-07-27T09:30:00Z,UP,YES,,1.1076,official-venue-resolution,f,f,f,f,f
bnb,bnb:1785145500000,1785145500000,1785146400000,2026-07-27T09:45:00Z,DOWN,NO,,572.28,official-venue-resolution,f,f,f,f,f
btc,btc:1785145500000,1785145500000,1785146400000,2026-07-27T09:45:00Z,DOWN,NO,,65211.09,official-venue-resolution,f,f,f,f,f
doge,doge:1785145500000,1785145500000,1785146400000,2026-07-27T09:45:00Z,DOWN,YES,,0.0726324,official-venue-resolution,t,t,f,f,f
eth,eth:1785145500000,1785145500000,1785146400000,2026-07-27T09:45:00Z,DOWN,NO,,1964.04,official-venue-resolution,f,f,f,f,f
hype,hype:1785145500000,1785145500000,1785146400000,2026-07-27T09:45:00Z,DOWN,NO,,60.0811,official-venue-resolution,f,f,f,f,f
sol,sol:1785145500000,1785145500000,1785146400000,2026-07-27T09:45:00Z,UP,YES,,76.429,official-venue-resolution,f,f,f,f,f
xrp,xrp:1785145500000,1785145500000,1785146400000,2026-07-27T09:45:00Z,DOWN,NO,,1.1074,official-venue-resolution,f,f,f,f,f
bnb,bnb:1785146400000,1785146400000,1785147300000,2026-07-27T10:00:00Z,DOWN,NO,,572.01,official-venue-resolution,f,f,f,f,f
btc,btc:1785146400000,1785146400000,1785147300000,2026-07-27T10:00:00Z,DOWN,NO,,65190.87,official-venue-resolution,f,f,f,f,f
doge,doge:1785146400000,1785146400000,1785147300000,2026-07-27T10:00:00Z,UP,YES,,0.0727112,official-venue-resolution,f,f,f,f,f
eth,eth:1785146400000,1785146400000,1785147300000,2026-07-27T10:00:00Z,DOWN,NO,,1963.07,official-venue-resolution,f,f,f,f,f
hype,hype:1785146400000,1785146400000,1785147300000,2026-07-27T10:00:00Z,DOWN,NO,,60.048,official-venue-resolution,f,f,f,f,f
sol,sol:1785146400000,1785146400000,1785147300000,2026-07-27T10:00:00Z,UP,NO,,76.4212,official-venue-resolution,t,f,t,f,f
xrp,xrp:1785146400000,1785146400000,1785147300000,2026-07-27T10:00:00Z,UP,NO,,1.1073,official-venue-resolution,t,f,t,f,f
bnb,bnb:1785147300000,1785147300000,1785148200000,2026-07-27T10:15:00Z,UP,YES,,572.36,official-venue-resolution,f,f,f,f,f
btc,btc:1785147300000,1785147300000,1785148200000,2026-07-27T10:15:00Z,UP,YES,,65294.58,official-venue-resolution,f,f,f,f,f
doge,doge:1785147300000,1785147300000,1785148200000,2026-07-27T10:15:00Z,DOWN,NO,,0.0727023,official-venue-resolution,f,f,f,f,f
eth,eth:1785147300000,1785147300000,1785148200000,2026-07-27T10:15:00Z,UP,YES,,1964.95,official-venue-resolution,f,f,f,f,f
hype,hype:1785147300000,1785147300000,1785148200000,2026-07-27T10:15:00Z,UP,YES,,60.1165,official-venue-resolution,f,f,f,f,f
sol,sol:1785147300000,1785147300000,1785148200000,2026-07-27T10:15:00Z,UP,YES,,76.504,official-venue-resolution,f,f,f,f,f
xrp,xrp:1785147300000,1785147300000,1785148200000,2026-07-27T10:15:00Z,UP,YES,,1.1076,official-venue-resolution,f,f,f,f,f
bnb,bnb:1785148200000,1785148200000,1785149100000,2026-07-27T10:30:00Z,UP,YES,,573.65,official-venue-resolution,f,f,f,f,f
btc,btc:1785148200000,1785148200000,1785149100000,2026-07-27T10:30:00Z,UP,YES,,65352.85,official-venue-resolution,f,f,f,f,f
doge,doge:1785148200000,1785148200000,1785149100000,2026-07-27T10:30:00Z,UP,YES,,0.0727465,official-venue-resolution,f,f,f,f,f
eth,eth:1785148200000,1785148200000,1785149100000,2026-07-27T10:30:00Z,UP,YES,,1969.19,official-venue-resolution,f,f,f,f,f
hype,hype:1785148200000,1785148200000,1785149100000,2026-07-27T10:30:00Z,UP,YES,,60.3109,official-venue-resolution,f,f,f,f,f
sol,sol:1785148200000,1785148200000,1785149100000,2026-07-27T10:30:00Z,UP,YES,,76.5837,official-venue-resolution,f,f,f,f,f
xrp,xrp:1785148200000,1785148200000,1785149100000,2026-07-27T10:30:00Z,UP,YES,,1.1082,official-venue-resolution,f,f,f,f,f
bnb,bnb:1785149100000,1785149100000,1785150000000,2026-07-27T10:45:00Z,DOWN,NO,,573.39,official-venue-resolution,f,f,f,f,f
btc,btc:1785149100000,1785149100000,1785150000000,2026-07-27T10:45:00Z,DOWN,NO,,65283.56,official-venue-resolution,f,f,f,f,f
doge,doge:1785149100000,1785149100000,1785150000000,2026-07-27T10:45:00Z,UP,NO,,0.0727276,official-venue-resolution,t,f,t,f,f
eth,eth:1785149100000,1785149100000,1785150000000,2026-07-27T10:45:00Z,DOWN,NO,,1965.89,official-venue-resolution,f,f,f,f,f
hype,hype:1785149100000,1785149100000,1785150000000,2026-07-27T10:45:00Z,UP,YES,,60.3836,official-venue-resolution,f,f,f,f,f
sol,sol:1785149100000,1785149100000,1785150000000,2026-07-27T10:45:00Z,DOWN,NO,,76.5413,official-venue-resolution,f,f,f,f,f
xrp,xrp:1785149100000,1785149100000,1785150000000,2026-07-27T10:45:00Z,DOWN,NO,,1.1072,official-venue-resolution,f,f,f,f,f
bnb,bnb:1785150000000,1785150000000,1785150900000,2026-07-27T11:00:00Z,DOWN,NO,,573.22,official-venue-resolution,f,f,f,f,f
btc,btc:1785150000000,1785150000000,1785150900000,2026-07-27T11:00:00Z,DOWN,NO,,65201.98,official-venue-resolution,f,f,f,f,f
doge,doge:1785150000000,1785150000000,1785150900000,2026-07-27T11:00:00Z,DOWN,NO,,0.0727253,official-venue-resolution,f,f,f,f,f
eth,eth:1785150000000,1785150000000,1785150900000,2026-07-27T11:00:00Z,DOWN,NO,,1963.8,official-venue-resolution,f,f,f,f,f
hype,hype:1785150000000,1785150000000,1785150900000,2026-07-27T11:00:00Z,DOWN,NO,,60.3716,official-venue-resolution,f,f,f,f,f
sol,sol:1785150000000,1785150000000,1785150900000,2026-07-27T11:00:00Z,DOWN,NO,,76.5037,official-venue-resolution,f,f,f,f,f
xrp,xrp:1785150000000,1785150000000,1785150900000,2026-07-27T11:00:00Z,UP,YES,,1.1081,official-venue-resolution,f,f,f,f,f
bnb,bnb:1785150900000,1785150900000,1785151800000,2026-07-27T11:15:00Z,DOWN,NO,,572.97,official-venue-resolution,f,f,f,f,f
btc,btc:1785150900000,1785150900000,1785151800000,2026-07-27T11:15:00Z,DOWN,NO,,65125.05,official-venue-resolution,f,f,f,f,f
doge,doge:1785150900000,1785150900000,1785151800000,2026-07-27T11:15:00Z,DOWN,NO,,0.0726753,official-venue-resolution,f,f,f,f,f
eth,eth:1785150900000,1785150900000,1785151800000,2026-07-27T11:15:00Z,DOWN,NO,,1960.94,official-venue-resolution,f,f,f,f,f
hype,hype:1785150900000,1785150900000,1785151800000,2026-07-27T11:15:00Z,DOWN,NO,,59.9198,official-venue-resolution,f,f,f,f,f
sol,sol:1785150900000,1785150900000,1785151800000,2026-07-27T11:15:00Z,DOWN,YES,,76.527,official-venue-resolution,t,t,f,f,f
xrp,xrp:1785150900000,1785150900000,1785151800000,2026-07-27T11:15:00Z,DOWN,NO,,1.1056,official-venue-resolution,f,f,f,f,f
bnb,bnb:1785151800000,1785151800000,1785152700000,2026-07-27T11:30:00Z,UP,YES,,572.99,official-venue-resolution,f,f,f,f,f
btc,btc:1785151800000,1785151800000,1785152700000,2026-07-27T11:30:00Z,UP,NO,,65110.95,official-venue-resolution,t,f,t,f,f
doge,doge:1785151800000,1785151800000,1785152700000,2026-07-27T11:30:00Z,UP,NO,,0.0726491,official-venue-resolution,t,f,t,f,f
eth,eth:1785151800000,1785151800000,1785152700000,2026-07-27T11:30:00Z,UP,NO,,1958.78,official-venue-resolution,t,f,t,f,f
hype,hype:1785151800000,1785151800000,1785152700000,2026-07-27T11:30:00Z,UP,YES,,59.9774,official-venue-resolution,f,f,f,f,f
sol,sol:1785151800000,1785151800000,1785152700000,2026-07-27T11:30:00Z,UP,YES,,76.5585,official-venue-resolution,f,f,f,f,f
xrp,xrp:1785151800000,1785151800000,1785152700000,2026-07-27T11:30:00Z,UP,YES,,1.1057,official-venue-resolution,f,f,f,f,f
bnb,bnb:1785152700000,1785152700000,1785153600000,2026-07-27T11:45:00Z,DOWN,NO,,572.73,official-venue-resolution,f,f,f,f,f
btc,btc:1785152700000,1785152700000,1785153600000,2026-07-27T11:45:00Z,DOWN,NO,,65052.32,official-venue-resolution,f,f,f,f,f
doge,doge:1785152700000,1785152700000,1785153600000,2026-07-27T11:45:00Z,DOWN,NO,,0.0725285,official-venue-resolution,f,f,f,f,f
eth,eth:1785152700000,1785152700000,1785153600000,2026-07-27T11:45:00Z,DOWN,NO,,1958.5,official-venue-resolution,f,f,f,f,f
hype,hype:1785152700000,1785152700000,1785153600000,2026-07-27T11:45:00Z,DOWN,NO,,59.8461,official-venue-resolution,f,f,f,f,f
sol,sol:1785152700000,1785152700000,1785153600000,2026-07-27T11:45:00Z,DOWN,NO,,76.4592,official-venue-resolution,f,f,f,f,f
xrp,xrp:1785152700000,1785152700000,1785153600000,2026-07-27T11:45:00Z,DOWN,NO,,1.1048,official-venue-resolution,f,f,f,f,f
bnb,bnb:1785153600000,1785153600000,1785154500000,2026-07-27T12:00:00Z,DOWN,NO,,572.7,official-venue-resolution,f,f,f,f,f
btc,btc:1785153600000,1785153600000,1785154500000,2026-07-27T12:00:00Z,DOWN,NO,,65048.56,official-venue-resolution,f,f,f,f,f
doge,doge:1785153600000,1785153600000,1785154500000,2026-07-27T12:00:00Z,DOWN,NO,,0.0725175,official-venue-resolution,f,f,f,f,f
eth,eth:1785153600000,1785153600000,1785154500000,2026-07-27T12:00:00Z,DOWN,NO,,1955.06,official-venue-resolution,f,f,f,f,f
hype,hype:1785153600000,1785153600000,1785154500000,2026-07-27T12:00:00Z,UP,YES,,59.8717,official-venue-resolution,f,f,f,f,f
sol,sol:1785153600000,1785153600000,1785154500000,2026-07-27T12:00:00Z,UP,YES,,76.518,official-venue-resolution,f,f,f,f,f
xrp,xrp:1785153600000,1785153600000,1785154500000,2026-07-27T12:00:00Z,DOWN,NO,,1.1029,official-venue-resolution,f,f,f,f,f
bnb,bnb:1785154500000,1785154500000,1785155400000,2026-07-27T12:15:00Z,DOWN,NO,,571.9,official-venue-resolution,f,f,f,f,f
btc,btc:1785154500000,1785154500000,1785155400000,2026-07-27T12:15:00Z,DOWN,NO,,64975.03,official-venue-resolution,f,f,f,f,f
doge,doge:1785154500000,1785154500000,1785155400000,2026-07-27T12:15:00Z,UP,NO,,0.0725128,official-venue-resolution,t,f,t,f,f
eth,eth:1785154500000,1785154500000,1785155400000,2026-07-27T12:15:00Z,DOWN,NO,,1947.61,official-venue-resolution,f,f,f,f,f
hype,hype:1785154500000,1785154500000,1785155400000,2026-07-27T12:15:00Z,DOWN,NO,,59.5832,official-venue-resolution,f,f,f,f,f
sol,sol:1785154500000,1785154500000,1785155400000,2026-07-27T12:15:00Z,DOWN,NO,,76.3633,official-venue-resolution,f,f,f,f,f
xrp,xrp:1785154500000,1785154500000,1785155400000,2026-07-27T12:15:00Z,DOWN,NO,,1.1014,official-venue-resolution,f,f,f,f,f
bnb,bnb:1785155400000,1785155400000,1785156300000,2026-07-27T12:30:00Z,UP,YES,,572.23,official-venue-resolution,f,f,f,f,f
btc,btc:1785155400000,1785155400000,1785156300000,2026-07-27T12:30:00Z,UP,YES,,64990.42,official-venue-resolution,f,f,f,f,f
doge,doge:1785155400000,1785155400000,1785156300000,2026-07-27T12:30:00Z,UP,YES,,0.072697,official-venue-resolution,f,f,f,f,f
eth,eth:1785155400000,1785155400000,1785156300000,2026-07-27T12:30:00Z,UP,YES,,1951.63,official-venue-resolution,f,f,f,f,f
hype,hype:1785155400000,1785155400000,1785156300000,2026-07-27T12:30:00Z,UP,YES,,59.7298,official-venue-resolution,f,f,f,f,f
sol,sol:1785155400000,1785155400000,1785156300000,2026-07-27T12:30:00Z,UP,YES,,76.7213,official-venue-resolution,f,f,f,f,f
xrp,xrp:1785155400000,1785155400000,1785156300000,2026-07-27T12:30:00Z,UP,YES,,1.1033,official-venue-resolution,f,f,f,f,f
bnb,bnb:1785156300000,1785156300000,1785157200000,2026-07-27T12:45:00Z,UP,YES,,573.13,official-venue-resolution,f,f,f,f,f
btc,btc:1785156300000,1785156300000,1785157200000,2026-07-27T12:45:00Z,UP,YES,,65021.99,official-venue-resolution,f,f,f,f,f
doge,doge:1785156300000,1785156300000,1785157200000,2026-07-27T12:45:00Z,UP,YES,,0.0728591,official-venue-resolution,f,f,f,f,f
eth,eth:1785156300000,1785156300000,1785157200000,2026-07-27T12:45:00Z,UP,YES,,1955.52,official-venue-resolution,f,f,f,f,f
hype,hype:1785156300000,1785156300000,1785157200000,2026-07-27T12:45:00Z,UP,YES,,59.7829,official-venue-resolution,f,f,f,f,f
sol,sol:1785156300000,1785156300000,1785157200000,2026-07-27T12:45:00Z,DOWN,YES,,76.7883,official-venue-resolution,t,t,f,f,f
xrp,xrp:1785156300000,1785156300000,1785157200000,2026-07-27T12:45:00Z,UP,YES,,1.1042,official-venue-resolution,f,f,f,f,f
bnb,bnb:1785157200000,1785157200000,1785158100000,2026-07-27T13:00:00Z,UP,YES,,573.72,official-venue-resolution,f,f,f,f,f
btc,btc:1785157200000,1785157200000,1785158100000,2026-07-27T13:00:00Z,DOWN,NO,,64929.24,official-venue-resolution,f,f,f,f,f
doge,doge:1785157200000,1785157200000,1785158100000,2026-07-27T13:00:00Z,DOWN,NO,,0.0726571,official-venue-resolution,f,f,f,f,f
eth,eth:1785157200000,1785157200000,1785158100000,2026-07-27T13:00:00Z,DOWN,NO,,1953.23,official-venue-resolution,f,f,f,f,f
hype,hype:1785157200000,1785157200000,1785158100000,2026-07-27T13:00:00Z,DOWN,NO,,59.5422,official-venue-resolution,f,f,f,f,f
sol,sol:1785157200000,1785157200000,1785158100000,2026-07-27T13:00:00Z,DOWN,NO,,76.5898,official-venue-resolution,f,f,f,f,f
xrp,xrp:1785157200000,1785157200000,1785158100000,2026-07-27T13:00:00Z,DOWN,NO,,1.1028,official-venue-resolution,f,f,f,f,f
bnb,bnb:1785158100000,1785158100000,1785159000000,2026-07-27T13:15:00Z,DOWN,NO,,572.63,official-venue-resolution,f,f,f,f,f
btc,btc:1785158100000,1785158100000,1785159000000,2026-07-27T13:15:00Z,DOWN,NO,,64892.81,official-venue-resolution,f,f,f,f,f
doge,doge:1785158100000,1785158100000,1785159000000,2026-07-27T13:15:00Z,DOWN,NO,,0.0724609,official-venue-resolution,f,f,f,f,f
eth,eth:1785158100000,1785158100000,1785159000000,2026-07-27T13:15:00Z,DOWN,NO,,1950.8,official-venue-resolution,f,f,f,f,f
hype,hype:1785158100000,1785158100000,1785159000000,2026-07-27T13:15:00Z,DOWN,NO,,59.3469,official-venue-resolution,f,f,f,f,f
sol,sol:1785158100000,1785158100000,1785159000000,2026-07-27T13:15:00Z,DOWN,NO,,76.4487,official-venue-resolution,f,f,f,f,f
xrp,xrp:1785158100000,1785158100000,1785159000000,2026-07-27T13:15:00Z,DOWN,NO,,1.1022,official-venue-resolution,f,f,f,f,f
bnb,bnb:1785159000000,1785159000000,1785159900000,2026-07-27T13:30:00Z,UP,YES,,576.3,official-venue-resolution,f,f,f,f,f
btc,btc:1785159000000,1785159000000,1785159900000,2026-07-27T13:30:00Z,UP,YES,,65600.71,official-venue-resolution,f,f,f,f,f
doge,doge:1785159000000,1785159000000,1785159900000,2026-07-27T13:30:00Z,UP,YES,,0.0730828,official-venue-resolution,f,f,f,f,f
eth,eth:1785159000000,1785159000000,1785159900000,2026-07-27T13:30:00Z,UP,YES,,1973.97,official-venue-resolution,f,f,f,f,f
hype,hype:1785159000000,1785159000000,1785159900000,2026-07-27T13:30:00Z,UP,YES,,59.9145,official-venue-resolution,f,f,f,f,f
sol,sol:1785159000000,1785159000000,1785159900000,2026-07-27T13:30:00Z,UP,YES,,77.3023,official-venue-resolution,f,f,f,f,f
xrp,xrp:1785159000000,1785159000000,1785159900000,2026-07-27T13:30:00Z,UP,YES,,1.1118,official-venue-resolution,f,f,f,f,f
bnb,bnb:1785159900000,1785159900000,1785160800000,2026-07-27T13:45:00Z,DOWN,NO,,574.11,official-venue-resolution,f,f,f,f,f
btc,btc:1785159900000,1785159900000,1785160800000,2026-07-27T13:45:00Z,DOWN,NO,,65164.74,official-venue-resolution,f,f,f,f,f
doge,doge:1785159900000,1785159900000,1785160800000,2026-07-27T13:45:00Z,DOWN,NO,,0.0727003,official-venue-resolution,f,f,f,f,f
eth,eth:1785159900000,1785159900000,1785160800000,2026-07-27T13:45:00Z,DOWN,NO,,1958.76,official-venue-resolution,f,f,f,f,f
hype,hype:1785159900000,1785159900000,1785160800000,2026-07-27T13:45:00Z,DOWN,NO,,59.4754,official-venue-resolution,f,f,f,f,f
sol,sol:1785159900000,1785159900000,1785160800000,2026-07-27T13:45:00Z,DOWN,NO,,76.807,official-venue-resolution,f,f,f,f,f
xrp,xrp:1785159900000,1785159900000,1785160800000,2026-07-27T13:45:00Z,DOWN,NO,,1.1067,official-venue-resolution,f,f,f,f,f
bnb,bnb:1785160800000,1785160800000,1785161700000,2026-07-27T14:00:00Z,UP,YES,,574.42,official-venue-resolution,f,f,f,f,f
btc,btc:1785160800000,1785160800000,1785161700000,2026-07-27T14:00:00Z,UP,YES,,65298.01,official-venue-resolution,f,f,f,f,f
doge,doge:1785160800000,1785160800000,1785161700000,2026-07-27T14:00:00Z,DOWN,NO,,0.0725815,official-venue-resolution,f,f,f,f,f
eth,eth:1785160800000,1785160800000,1785161700000,2026-07-27T14:00:00Z,UP,YES,,1962.14,official-venue-resolution,f,f,f,f,f
hype,hype:1785160800000,1785160800000,1785161700000,2026-07-27T14:00:00Z,DOWN,NO,,59.2073,official-venue-resolution,f,f,f,f,f
sol,sol:1785160800000,1785160800000,1785161700000,2026-07-27T14:00:00Z,UP,YES,,76.838,official-venue-resolution,f,f,f,f,f
xrp,xrp:1785160800000,1785160800000,1785161700000,2026-07-27T14:00:00Z,DOWN,NO,,1.1056,official-venue-resolution,f,f,f,f,f
bnb,bnb:1785161700000,1785161700000,1785162600000,2026-07-27T14:15:00Z,DOWN,NO,,569.81,official-venue-resolution,f,f,f,f,f
btc,btc:1785161700000,1785161700000,1785162600000,2026-07-27T14:15:00Z,DOWN,NO,,64861.12,official-venue-resolution,f,f,f,f,f
doge,doge:1785161700000,1785161700000,1785162600000,2026-07-27T14:15:00Z,DOWN,NO,,0.0718297,official-venue-resolution,f,f,f,f,f
eth,eth:1785161700000,1785161700000,1785162600000,2026-07-27T14:15:00Z,DOWN,NO,,1938.37,official-venue-resolution,f,f,f,f,f
hype,hype:1785161700000,1785161700000,1785162600000,2026-07-27T14:15:00Z,DOWN,NO,,58.0715,official-venue-resolution,f,f,f,f,f
sol,sol:1785161700000,1785161700000,1785162600000,2026-07-27T14:15:00Z,DOWN,NO,,75.8033,official-venue-resolution,f,f,f,f,f
xrp,xrp:1785161700000,1785161700000,1785162600000,2026-07-27T14:15:00Z,DOWN,NO,,1.0967,official-venue-resolution,f,f,f,f,f
bnb,bnb:1785162600000,1785162600000,1785163500000,2026-07-27T14:30:00Z,DOWN,NO,,566.14,official-venue-resolution,f,f,f,f,f
btc,btc:1785162600000,1785162600000,1785163500000,2026-07-27T14:30:00Z,DOWN,NO,,64456.61,official-venue-resolution,f,f,f,f,f
doge,doge:1785162600000,1785162600000,1785163500000,2026-07-27T14:30:00Z,DOWN,NO,,0.0709747,official-venue-resolution,f,f,f,f,f
eth,eth:1785162600000,1785162600000,1785163500000,2026-07-27T14:30:00Z,DOWN,NO,,1921.07,official-venue-resolution,f,f,f,f,f
hype,hype:1785162600000,1785162600000,1785163500000,2026-07-27T14:30:00Z,DOWN,NO,,57.8119,official-venue-resolution,f,f,f,f,f
sol,sol:1785162600000,1785162600000,1785163500000,2026-07-27T14:30:00Z,DOWN,NO,,75.1323,official-venue-resolution,f,f,f,f,f
xrp,xrp:1785162600000,1785162600000,1785163500000,2026-07-27T14:30:00Z,DOWN,NO,,1.0864,official-venue-resolution,f,f,f,f,f
bnb,bnb:1785163500000,1785163500000,1785164400000,2026-07-27T14:45:00Z,UP,YES,,567.27,official-venue-resolution,f,f,f,f,f
btc,btc:1785163500000,1785163500000,1785164400000,2026-07-27T14:45:00Z,UP,YES,,64602.86,official-venue-resolution,f,f,f,f,f
doge,doge:1785163500000,1785163500000,1785164400000,2026-07-27T14:45:00Z,UP,YES,,0.0713384,official-venue-resolution,f,f,f,f,f
eth,eth:1785163500000,1785163500000,1785164400000,2026-07-27T14:45:00Z,UP,YES,,1929.57,official-venue-resolution,f,f,f,f,f
hype,hype:1785163500000,1785163500000,1785164400000,2026-07-27T14:45:00Z,UP,YES,,58.1335,official-venue-resolution,f,f,f,f,f
sol,sol:1785163500000,1785163500000,1785164400000,2026-07-27T14:45:00Z,UP,YES,,75.3958,official-venue-resolution,f,f,f,f,f
xrp,xrp:1785163500000,1785163500000,1785164400000,2026-07-27T14:45:00Z,UP,YES,,1.0892,official-venue-resolution,f,f,f,f,f
bnb,bnb:1785164400000,1785164400000,1785165300000,2026-07-27T15:00:00Z,UP,YES,,567.71,official-venue-resolution,f,f,f,f,f
btc,btc:1785164400000,1785164400000,1785165300000,2026-07-27T15:00:00Z,UP,YES,,64664.92,official-venue-resolution,f,f,f,f,f
doge,doge:1785164400000,1785164400000,1785165300000,2026-07-27T15:00:00Z,UP,YES,,0.0714403,official-venue-resolution,f,f,f,f,f
eth,eth:1785164400000,1785164400000,1785165300000,2026-07-27T15:00:00Z,UP,YES,,1931.5,official-venue-resolution,f,f,f,f,f
hype,hype:1785164400000,1785164400000,1785165300000,2026-07-27T15:00:00Z,DOWN,NO,,58.0693,official-venue-resolution,f,f,f,f,f
sol,sol:1785164400000,1785164400000,1785165300000,2026-07-27T15:00:00Z,UP,YES,,75.4813,official-venue-resolution,f,f,f,f,f
xrp,xrp:1785164400000,1785164400000,1785165300000,2026-07-27T15:00:00Z,UP,YES,,1.0902,official-venue-resolution,f,f,f,f,f
bnb,bnb:1785165300000,1785165300000,1785166200000,2026-07-27T15:15:00Z,UP,YES,,569.01,official-venue-resolution,f,f,f,f,f
btc,btc:1785165300000,1785165300000,1785166200000,2026-07-27T15:15:00Z,DOWN,NO,,64558.57,official-venue-resolution,f,f,f,f,f
doge,doge:1785165300000,1785165300000,1785166200000,2026-07-27T15:15:00Z,UP,YES,,0.0714452,official-venue-resolution,f,f,f,f,f
eth,eth:1785165300000,1785165300000,1785166200000,2026-07-27T15:15:00Z,DOWN,NO,,1928.41,official-venue-resolution,f,f,f,f,f
hype,hype:1785165300000,1785165300000,1785166200000,2026-07-27T15:15:00Z,DOWN,NO,,57.7282,official-venue-resolution,f,f,f,f,f
sol,sol:1785165300000,1785165300000,1785166200000,2026-07-27T15:15:00Z,DOWN,NO,,75.2652,official-venue-resolution,f,f,f,f,f
xrp,xrp:1785165300000,1785165300000,1785166200000,2026-07-27T15:15:00Z,DOWN,NO,,1.0883,official-venue-resolution,f,f,f,f,f
bnb,bnb:1785166200000,1785166200000,1785167100000,2026-07-27T15:30:00Z,DOWN,NO,,568.53,official-venue-resolution,f,f,f,f,f
btc,btc:1785166200000,1785166200000,1785167100000,2026-07-27T15:30:00Z,DOWN,NO,,64515.27,official-venue-resolution,f,f,f,f,f
doge,doge:1785166200000,1785166200000,1785167100000,2026-07-27T15:30:00Z,DOWN,YES,,0.0714873,official-venue-resolution,t,t,f,f,f
eth,eth:1785166200000,1785166200000,1785167100000,2026-07-27T15:30:00Z,UP,YES,,1929.05,official-venue-resolution,f,f,f,f,f
hype,hype:1785166200000,1785166200000,1785167100000,2026-07-27T15:30:00Z,DOWN,NO,,57.6652,official-venue-resolution,f,f,f,f,f
sol,sol:1785166200000,1785166200000,1785167100000,2026-07-27T15:30:00Z,UP,YES,,75.3682,official-venue-resolution,f,f,f,f,f
xrp,xrp:1785166200000,1785166200000,1785167100000,2026-07-27T15:30:00Z,DOWN,YES,,1.0888,official-venue-resolution,t,t,f,f,f
bnb,bnb:1785167100000,1785167100000,1785168000000,2026-07-27T15:45:00Z,DOWN,NO,,568.15,official-venue-resolution,f,f,f,f,f
btc,btc:1785167100000,1785167100000,1785168000000,2026-07-27T15:45:00Z,DOWN,NO,,64485.45,official-venue-resolution,f,f,f,f,f
doge,doge:1785167100000,1785167100000,1785168000000,2026-07-27T15:45:00Z,DOWN,NO,,0.0712925,official-venue-resolution,f,f,f,f,f
eth,eth:1785167100000,1785167100000,1785168000000,2026-07-27T15:45:00Z,DOWN,NO,,1926.1,official-venue-resolution,f,f,f,f,f
hype,hype:1785167100000,1785167100000,1785168000000,2026-07-27T15:45:00Z,DOWN,NO,,57.3793,official-venue-resolution,f,f,f,f,f
sol,sol:1785167100000,1785167100000,1785168000000,2026-07-27T15:45:00Z,DOWN,NO,,75.2428,official-venue-resolution,f,f,f,f,f
xrp,xrp:1785167100000,1785167100000,1785168000000,2026-07-27T15:45:00Z,DOWN,NO,,1.0857,official-venue-resolution,f,f,f,f,f
bnb,bnb:1785168000000,1785168000000,1785168900000,2026-07-27T16:00:00Z,UP,YES,,568.56,official-venue-resolution,f,f,f,f,f
btc,btc:1785168000000,1785168000000,1785168900000,2026-07-27T16:00:00Z,UP,YES,,64545.03,official-venue-resolution,f,f,f,f,f
doge,doge:1785168000000,1785168000000,1785168900000,2026-07-27T16:00:00Z,UP,YES,,0.0713795,official-venue-resolution,f,f,f,f,f
eth,eth:1785168000000,1785168000000,1785168900000,2026-07-27T16:00:00Z,UP,NO,,1926,official-venue-resolution,t,f,t,f,f
hype,hype:1785168000000,1785168000000,1785168900000,2026-07-27T16:00:00Z,DOWN,NO,,57.3436,official-venue-resolution,f,f,f,f,f
sol,sol:1785168000000,1785168000000,1785168900000,2026-07-27T16:00:00Z,UP,NO,,75.208,official-venue-resolution,t,f,t,f,f
xrp,xrp:1785168000000,1785168000000,1785168900000,2026-07-27T16:00:00Z,UP,YES,,1.0875,official-venue-resolution,f,f,f,f,f
bnb,bnb:1785168900000,1785168900000,1785169800000,2026-07-27T16:15:00Z,UP,YES,,570.72,official-venue-resolution,f,f,f,f,f
btc,btc:1785168900000,1785168900000,1785169800000,2026-07-27T16:15:00Z,UP,YES,,64671.16,official-venue-resolution,f,f,f,f,f
doge,doge:1785168900000,1785168900000,1785169800000,2026-07-27T16:15:00Z,UP,YES,,0.071785,official-venue-resolution,f,f,f,f,f
eth,eth:1785168900000,1785168900000,1785169800000,2026-07-27T16:15:00Z,UP,YES,,1935.4,official-venue-resolution,f,f,f,f,f
hype,hype:1785168900000,1785168900000,1785169800000,2026-07-27T16:15:00Z,UP,YES,,57.7258,official-venue-resolution,f,f,f,f,f
sol,sol:1785168900000,1785168900000,1785169800000,2026-07-27T16:15:00Z,UP,YES,,75.6248,official-venue-resolution,f,f,f,f,f
xrp,xrp:1785168900000,1785168900000,1785169800000,2026-07-27T16:15:00Z,UP,YES,,1.0924,official-venue-resolution,f,f,f,f,f
bnb,bnb:1785169800000,1785169800000,1785170700000,2026-07-27T16:30:00Z,UP,YES,,571.49,official-venue-resolution,f,f,f,f,f
btc,btc:1785169800000,1785169800000,1785170700000,2026-07-27T16:30:00Z,UP,YES,,64848.76,official-venue-resolution,f,f,f,f,f
doge,doge:1785169800000,1785169800000,1785170700000,2026-07-27T16:30:00Z,UP,YES,,0.0720409,official-venue-resolution,f,f,f,f,f
eth,eth:1785169800000,1785169800000,1785170700000,2026-07-27T16:30:00Z,UP,YES,,1940.14,official-venue-resolution,f,f,f,f,f
hype,hype:1785169800000,1785169800000,1785170700000,2026-07-27T16:30:00Z,DOWN,NO,,57.6694,official-venue-resolution,f,f,f,f,f
sol,sol:1785169800000,1785169800000,1785170700000,2026-07-27T16:30:00Z,UP,YES,,75.7493,official-venue-resolution,f,f,f,f,f
xrp,xrp:1785169800000,1785169800000,1785170700000,2026-07-27T16:30:00Z,UP,YES,,1.0937,official-venue-resolution,f,f,f,f,f
bnb,bnb:1785170700000,1785170700000,1785171600000,2026-07-27T16:45:00Z,DOWN,NO,,571.44,official-venue-resolution,f,f,f,f,f
btc,btc:1785170700000,1785170700000,1785171600000,2026-07-27T16:45:00Z,DOWN,NO,,64838.44,official-venue-resolution,f,f,f,f,f
doge,doge:1785170700000,1785170700000,1785171600000,2026-07-27T16:45:00Z,DOWN,NO,,0.0720399,official-venue-resolution,f,f,f,f,f
eth,eth:1785170700000,1785170700000,1785171600000,2026-07-27T16:45:00Z,DOWN,NO,,1938.32,official-venue-resolution,f,f,f,f,f
hype,hype:1785170700000,1785170700000,1785171600000,2026-07-27T16:45:00Z,DOWN,NO,,57.5742,official-venue-resolution,f,f,f,f,f
sol,sol:1785170700000,1785170700000,1785171600000,2026-07-27T16:45:00Z,UP,YES,,75.8798,official-venue-resolution,f,f,f,f,f
xrp,xrp:1785170700000,1785170700000,1785171600000,2026-07-27T16:45:00Z,DOWN,NO,,1.0926,official-venue-resolution,f,f,f,f,f
bnb,bnb:1785171600000,1785171600000,1785172500000,2026-07-27T17:00:00Z,UP,YES,,571.81,official-venue-resolution,f,f,f,f,f
btc,btc:1785171600000,1785171600000,1785172500000,2026-07-27T17:00:00Z,DOWN,NO,,64825.66,official-venue-resolution,f,f,f,f,f
doge,doge:1785171600000,1785171600000,1785172500000,2026-07-27T17:00:00Z,UP,YES,,0.0721303,official-venue-resolution,f,f,f,f,f
eth,eth:1785171600000,1785171600000,1785172500000,2026-07-27T17:00:00Z,DOWN,NO,,1937.3,official-venue-resolution,f,f,f,f,f
hype,hype:1785171600000,1785171600000,1785172500000,2026-07-27T17:00:00Z,UP,YES,,57.6843,official-venue-resolution,f,f,f,f,f
sol,sol:1785171600000,1785171600000,1785172500000,2026-07-27T17:00:00Z,UP,YES,,75.883,official-venue-resolution,f,f,f,f,f
xrp,xrp:1785171600000,1785171600000,1785172500000,2026-07-27T17:00:00Z,UP,YES,,1.0929,official-venue-resolution,f,f,f,f,f
bnb,bnb:1785172500000,1785172500000,1785173400000,2026-07-27T17:15:00Z,UP,YES,,573.55,official-venue-resolution,f,f,f,f,f
btc,btc:1785172500000,1785172500000,1785173400000,2026-07-27T17:15:00Z,UP,YES,,64938.13,official-venue-resolution,f,f,f,f,f
doge,doge:1785172500000,1785172500000,1785173400000,2026-07-27T17:15:00Z,DOWN,NO,,0.0720769,official-venue-resolution,f,f,f,f,f
eth,eth:1785172500000,1785172500000,1785173400000,2026-07-27T17:15:00Z,UP,YES,,1940.6,official-venue-resolution,f,f,f,f,f
hype,hype:1785172500000,1785172500000,1785173400000,2026-07-27T17:15:00Z,DOWN,NO,,57.5041,official-venue-resolution,f,f,f,f,f
sol,sol:1785172500000,1785172500000,1785173400000,2026-07-27T17:15:00Z,UP,YES,,75.9672,official-venue-resolution,f,f,f,f,f
xrp,xrp:1785172500000,1785172500000,1785173400000,2026-07-27T17:15:00Z,DOWN,YES,,1.0929,official-venue-resolution,t,t,f,f,f
bnb,bnb:1785173400000,1785173400000,1785174300000,2026-07-27T17:30:00Z,UP,YES,,573.75,official-venue-resolution,f,f,f,f,f
btc,btc:1785173400000,1785173400000,1785174300000,2026-07-27T17:30:00Z,DOWN,YES,,64942.36,official-venue-resolution,t,t,f,f,f
doge,doge:1785173400000,1785173400000,1785174300000,2026-07-27T17:30:00Z,DOWN,NO,,0.0720462,official-venue-resolution,f,f,f,f,f
eth,eth:1785173400000,1785173400000,1785174300000,2026-07-27T17:30:00Z,UP,YES,,1940.82,official-venue-resolution,f,f,f,f,f
hype,hype:1785173400000,1785173400000,1785174300000,2026-07-27T17:30:00Z,UP,YES,,57.5286,official-venue-resolution,f,f,f,f,f
sol,sol:1785173400000,1785173400000,1785174300000,2026-07-27T17:30:00Z,DOWN,NO,,75.9142,official-venue-resolution,f,f,f,f,f
xrp,xrp:1785173400000,1785173400000,1785174300000,2026-07-27T17:30:00Z,UP,YES,,1.0939,official-venue-resolution,f,f,f,f,f
bnb,bnb:1785174300000,1785174300000,1785175200000,2026-07-27T17:45:00Z,UP,YES,,574.33,official-venue-resolution,f,f,f,f,f
btc,btc:1785174300000,1785174300000,1785175200000,2026-07-27T17:45:00Z,UP,YES,,64951.86,official-venue-resolution,f,f,f,f,f
doge,doge:1785174300000,1785174300000,1785175200000,2026-07-27T17:45:00Z,UP,YES,,0.0720501,official-venue-resolution,f,f,f,f,f
eth,eth:1785174300000,1785174300000,1785175200000,2026-07-27T17:45:00Z,UP,YES,,1941.73,official-venue-resolution,f,f,f,f,f
hype,hype:1785174300000,1785174300000,1785175200000,2026-07-27T17:45:00Z,DOWN,NO,,57.1824,official-venue-resolution,f,f,f,f,f
sol,sol:1785174300000,1785174300000,1785175200000,2026-07-27T17:45:00Z,DOWN,NO,,75.8358,official-venue-resolution,f,f,f,f,f
xrp,xrp:1785174300000,1785174300000,1785175200000,2026-07-27T17:45:00Z,DOWN,NO,,1.0931,official-venue-resolution,f,f,f,f,f
bnb,bnb:1785175200000,1785175200000,1785176100000,2026-07-27T18:00:00Z,DOWN,NO,,574.28,official-venue-resolution,f,f,f,f,f
btc,btc:1785175200000,1785175200000,1785176100000,2026-07-27T18:00:00Z,DOWN,NO,,64908.12,official-venue-resolution,f,f,f,f,f
doge,doge:1785175200000,1785175200000,1785176100000,2026-07-27T18:00:00Z,DOWN,NO,,0.0718962,official-venue-resolution,f,f,f,f,f
eth,eth:1785175200000,1785175200000,1785176100000,2026-07-27T18:00:00Z,DOWN,NO,,1940.16,official-venue-resolution,f,f,f,f,f
hype,hype:1785175200000,1785175200000,1785176100000,2026-07-27T18:00:00Z,DOWN,NO,,56.8024,official-venue-resolution,f,f,f,f,f
sol,sol:1785175200000,1785175200000,1785176100000,2026-07-27T18:00:00Z,DOWN,NO,,75.7292,official-venue-resolution,f,f,f,f,f
xrp,xrp:1785175200000,1785175200000,1785176100000,2026-07-27T18:00:00Z,DOWN,NO,,1.0927,official-venue-resolution,f,f,f,f,f
bnb,bnb:1785176100000,1785176100000,1785177000000,2026-07-27T18:15:00Z,UP,YES,,574.47,official-venue-resolution,f,f,f,f,f
btc,btc:1785176100000,1785176100000,1785177000000,2026-07-27T18:15:00Z,DOWN,NO,,64841.9,official-venue-resolution,f,f,f,f,f
doge,doge:1785176100000,1785176100000,1785177000000,2026-07-27T18:15:00Z,DOWN,NO,,0.0717692,official-venue-resolution,f,f,f,f,f
eth,eth:1785176100000,1785176100000,1785177000000,2026-07-27T18:15:00Z,DOWN,NO,,1936.59,official-venue-resolution,f,f,f,f,f
hype,hype:1785176100000,1785176100000,1785177000000,2026-07-27T18:15:00Z,DOWN,NO,,56.7061,official-venue-resolution,f,f,f,f,f
sol,sol:1785176100000,1785176100000,1785177000000,2026-07-27T18:15:00Z,DOWN,NO,,75.5395,official-venue-resolution,f,f,f,f,f
xrp,xrp:1785176100000,1785176100000,1785177000000,2026-07-27T18:15:00Z,DOWN,NO,,1.0903,official-venue-resolution,f,f,f,f,f
bnb,bnb:1785177000000,1785177000000,1785177900000,2026-07-27T18:30:00Z,DOWN,NO,,574.11,official-venue-resolution,f,f,f,f,f
btc,btc:1785177000000,1785177000000,1785177900000,2026-07-27T18:30:00Z,DOWN,NO,,64788.28,official-venue-resolution,f,f,f,f,f
doge,doge:1785177000000,1785177000000,1785177900000,2026-07-27T18:30:00Z,DOWN,NO,,0.0716632,official-venue-resolution,f,f,f,f,f
eth,eth:1785177000000,1785177000000,1785177900000,2026-07-27T18:30:00Z,DOWN,NO,,1934.25,official-venue-resolution,f,f,f,f,f
hype,hype:1785177000000,1785177000000,1785177900000,2026-07-27T18:30:00Z,DOWN,NO,,56.4303,official-venue-resolution,f,f,f,f,f
sol,sol:1785177000000,1785177000000,1785177900000,2026-07-27T18:30:00Z,DOWN,NO,,75.4155,official-venue-resolution,f,f,f,f,f
xrp,xrp:1785177000000,1785177000000,1785177900000,2026-07-27T18:30:00Z,DOWN,NO,,1.0876,official-venue-resolution,f,f,f,f,f
bnb,bnb:1785177900000,1785177900000,1785178800000,2026-07-27T18:45:00Z,UP,YES,,575.09,official-venue-resolution,f,f,f,f,f
btc,btc:1785177900000,1785177900000,1785178800000,2026-07-27T18:45:00Z,UP,YES,,64803.99,official-venue-resolution,f,f,f,f,f
doge,doge:1785177900000,1785177900000,1785178800000,2026-07-27T18:45:00Z,UP,YES,,0.0717328,official-venue-resolution,f,f,f,f,f
eth,eth:1785177900000,1785177900000,1785178800000,2026-07-27T18:45:00Z,UP,YES,,1937.34,official-venue-resolution,f,f,f,f,f
hype,hype:1785177900000,1785177900000,1785178800000,2026-07-27T18:45:00Z,UP,YES,,56.6556,official-venue-resolution,f,f,f,f,f
sol,sol:1785177900000,1785177900000,1785178800000,2026-07-27T18:45:00Z,UP,YES,,75.5365,official-venue-resolution,f,f,f,f,f
xrp,xrp:1785177900000,1785177900000,1785178800000,2026-07-27T18:45:00Z,UP,YES,,1.0891,official-venue-resolution,f,f,f,f,f
bnb,bnb:1785178800000,1785178800000,1785179700000,2026-07-27T19:00:00Z,UP,YES,,575.18,official-venue-resolution,f,f,f,f,f
btc,btc:1785178800000,1785178800000,1785179700000,2026-07-27T19:00:00Z,UP,YES,,64907.88,official-venue-resolution,f,f,f,f,f
doge,doge:1785178800000,1785178800000,1785179700000,2026-07-27T19:00:00Z,UP,YES,,0.0719818,official-venue-resolution,f,f,f,f,f
eth,eth:1785178800000,1785178800000,1785179700000,2026-07-27T19:00:00Z,UP,YES,,1946.54,official-venue-resolution,f,f,f,f,f
hype,hype:1785178800000,1785178800000,1785179700000,2026-07-27T19:00:00Z,UP,YES,,56.7931,official-venue-resolution,f,f,f,f,f
sol,sol:1785178800000,1785178800000,1785179700000,2026-07-27T19:00:00Z,UP,YES,,75.8185,official-venue-resolution,f,f,f,f,f
xrp,xrp:1785178800000,1785178800000,1785179700000,2026-07-27T19:00:00Z,UP,YES,,1.0916,official-venue-resolution,f,f,f,f,f
bnb,bnb:1785179700000,1785179700000,1785180600000,2026-07-27T19:15:00Z,DOWN,NO,,574.8,official-venue-resolution,f,f,f,f,f
btc,btc:1785179700000,1785179700000,1785180600000,2026-07-27T19:15:00Z,UP,NO,,64907.12,official-venue-resolution,t,f,t,f,f
doge,doge:1785179700000,1785179700000,1785180600000,2026-07-27T19:15:00Z,DOWN,NO,,0.0719193,official-venue-resolution,f,f,f,f,f
eth,eth:1785179700000,1785179700000,1785180600000,2026-07-27T19:15:00Z,UP,YES,,1947.94,official-venue-resolution,f,f,f,f,f
hype,hype:1785179700000,1785179700000,1785180600000,2026-07-27T19:15:00Z,UP,YES,,56.9895,official-venue-resolution,f,f,f,f,f
sol,sol:1785179700000,1785179700000,1785180600000,2026-07-27T19:15:00Z,DOWN,NO,,75.765,official-venue-resolution,f,f,f,f,f
xrp,xrp:1785179700000,1785179700000,1785180600000,2026-07-27T19:15:00Z,DOWN,NO,,1.0907,official-venue-resolution,f,f,f,f,f
bnb,bnb:1785180600000,1785180600000,1785181500000,2026-07-27T19:30:00Z,UP,YES,,575.18,official-venue-resolution,f,f,f,f,f
btc,btc:1785180600000,1785180600000,1785181500000,2026-07-27T19:30:00Z,DOWN,YES,,64916.04,official-venue-resolution,t,t,f,f,f
doge,doge:1785180600000,1785180600000,1785181500000,2026-07-27T19:30:00Z,DOWN,YES,,0.0719209,official-venue-resolution,t,t,f,f,f
eth,eth:1785180600000,1785180600000,1785181500000,2026-07-27T19:30:00Z,UP,YES,,1949.3,official-venue-resolution,f,f,f,f,f
hype,hype:1785180600000,1785180600000,1785181500000,2026-07-27T19:30:00Z,UP,YES,,57.0319,official-venue-resolution,f,f,f,f,f
sol,sol:1785180600000,1785180600000,1785181500000,2026-07-27T19:30:00Z,DOWN,YES,,75.781,official-venue-resolution,t,t,f,f,f
xrp,xrp:1785180600000,1785180600000,1785181500000,2026-07-27T19:30:00Z,UP,YES,,1.0926,official-venue-resolution,f,f,f,f,f
bnb,bnb:1785181500000,1785181500000,1785182400000,2026-07-27T19:45:00Z,UP,YES,,575.24,official-venue-resolution,f,f,f,f,f
btc,btc:1785181500000,1785181500000,1785182400000,2026-07-27T19:45:00Z,UP,NO,,64902.54,official-venue-resolution,t,f,t,f,f
doge,doge:1785181500000,1785181500000,1785182400000,2026-07-27T19:45:00Z,UP,NO,,,official-venue-resolution,t,f,t,f,f
eth,eth:1785181500000,1785181500000,1785182400000,2026-07-27T19:45:00Z,DOWN,NO,,1947.15,official-venue-resolution,f,f,f,f,f
hype,hype:1785181500000,1785181500000,1785182400000,2026-07-27T19:45:00Z,UP,YES,,57.2562,official-venue-resolution,f,f,f,f,f
sol,sol:1785181500000,1785181500000,1785182400000,2026-07-27T19:45:00Z,UP,YES,,75.97,official-venue-resolution,f,f,f,f,f
xrp,xrp:1785181500000,1785181500000,1785182400000,2026-07-27T19:45:00Z,DOWN,NO,,1.0911,official-venue-resolution,f,f,f,f,f
bnb,bnb:1785182400000,1785182400000,1785183300000,2026-07-27T20:00:00Z,DOWN,YES,,575.3,official-venue-resolution,t,t,f,f,f
btc,btc:1785182400000,1785182400000,1785183300000,2026-07-27T20:00:00Z,DOWN,NO,,64891.3,official-venue-resolution,f,f,f,f,f
doge,doge:1785182400000,1785182400000,1785183300000,2026-07-27T20:00:00Z,DOWN,NO,,0.0718621,official-venue-resolution,f,f,f,f,f
eth,eth:1785182400000,1785182400000,1785183300000,2026-07-27T20:00:00Z,DOWN,NO,,1944.24,official-venue-resolution,f,f,f,f,f
hype,hype:1785182400000,1785182400000,1785183300000,2026-07-27T20:00:00Z,DOWN,NO,,56.9896,official-venue-resolution,f,f,f,f,f
sol,sol:1785182400000,1785182400000,1785183300000,2026-07-27T20:00:00Z,DOWN,NO,,75.8395,official-venue-resolution,f,f,f,f,f
xrp,xrp:1785182400000,1785182400000,1785183300000,2026-07-27T20:00:00Z,DOWN,NO,,1.0907,official-venue-resolution,f,f,f,f,f
bnb,bnb:1785183300000,1785183300000,1785184200000,2026-07-27T20:15:00Z,DOWN,NO,,575.26,official-venue-resolution,f,f,f,f,f
btc,btc:1785183300000,1785183300000,1785184200000,2026-07-27T20:15:00Z,UP,YES,,64941.19,official-venue-resolution,f,f,f,f,f
doge,doge:1785183300000,1785183300000,1785184200000,2026-07-27T20:15:00Z,UP,YES,,0.0720233,official-venue-resolution,f,f,f,f,f
eth,eth:1785183300000,1785183300000,1785184200000,2026-07-27T20:15:00Z,UP,YES,,1945.45,official-venue-resolution,f,f,f,f,f
hype,hype:1785183300000,1785183300000,1785184200000,2026-07-27T20:15:00Z,UP,YES,,57.1384,official-venue-resolution,f,f,f,f,f
sol,sol:1785183300000,1785183300000,1785184200000,2026-07-27T20:15:00Z,UP,YES,,76.0348,official-venue-resolution,f,f,f,f,f
xrp,xrp:1785183300000,1785183300000,1785184200000,2026-07-27T20:15:00Z,UP,YES,,1.091,official-venue-resolution,f,f,f,f,f
bnb,bnb:1785184200000,1785184200000,1785185100000,2026-07-27T20:30:00Z,DOWN,NO,,574.39,official-venue-resolution,f,f,f,f,f
btc,btc:1785184200000,1785184200000,1785185100000,2026-07-27T20:30:00Z,DOWN,NO,,64887.65,official-venue-resolution,f,f,f,f,f
doge,doge:1785184200000,1785184200000,1785185100000,2026-07-27T20:30:00Z,DOWN,NO,,0.0719571,official-venue-resolution,f,f,f,f,f
eth,eth:1785184200000,1785184200000,1785185100000,2026-07-27T20:30:00Z,DOWN,NO,,1943.54,official-venue-resolution,f,f,f,f,f
hype,hype:1785184200000,1785184200000,1785185100000,2026-07-27T20:30:00Z,DOWN,NO,,56.9977,official-venue-resolution,f,f,f,f,f
sol,sol:1785184200000,1785184200000,1785185100000,2026-07-27T20:30:00Z,DOWN,NO,,75.8242,official-venue-resolution,f,f,f,f,f
xrp,xrp:1785184200000,1785184200000,1785185100000,2026-07-27T20:30:00Z,DOWN,NO,,1.0893,official-venue-resolution,f,f,f,f,f
bnb,bnb:1785185100000,1785185100000,1785186000000,2026-07-27T20:45:00Z,DOWN,NO,,574.17,official-venue-resolution,f,f,f,f,f
btc,btc:1785185100000,1785185100000,1785186000000,2026-07-27T20:45:00Z,UP,YES,,64898.33,official-venue-resolution,f,f,f,f,f
doge,doge:1785185100000,1785185100000,1785186000000,2026-07-27T20:45:00Z,UP,YES,,0.0720527,official-venue-resolution,f,f,f,f,f
eth,eth:1785185100000,1785185100000,1785186000000,2026-07-27T20:45:00Z,UP,YES,,1945.03,official-venue-resolution,f,f,f,f,f
hype,hype:1785185100000,1785185100000,1785186000000,2026-07-27T20:45:00Z,UP,YES,,57.1916,official-venue-resolution,f,f,f,f,f
sol,sol:1785185100000,1785185100000,1785186000000,2026-07-27T20:45:00Z,UP,YES,,75.9292,official-venue-resolution,f,f,f,f,f
xrp,xrp:1785185100000,1785185100000,1785186000000,2026-07-27T20:45:00Z,UP,YES,,1.0901,official-venue-resolution,f,f,f,f,f
bnb,bnb:1785186000000,1785186000000,1785186900000,2026-07-27T21:00:00Z,UP,YES,,574.36,official-venue-resolution,f,f,f,f,f
btc,btc:1785186000000,1785186000000,1785186900000,2026-07-27T21:00:00Z,DOWN,NO,,64846.12,official-venue-resolution,f,f,f,f,f
doge,doge:1785186000000,1785186000000,1785186900000,2026-07-27T21:00:00Z,DOWN,NO,,0.0720384,official-venue-resolution,f,f,f,f,f
eth,eth:1785186000000,1785186000000,1785186900000,2026-07-27T21:00:00Z,UP,YES,,1946.51,official-venue-resolution,f,f,f,f,f
hype,hype:1785186000000,1785186000000,1785186900000,2026-07-27T21:00:00Z,DOWN,NO,,57.0802,official-venue-resolution,f,f,f,f,f
sol,sol:1785186000000,1785186000000,1785186900000,2026-07-27T21:00:00Z,DOWN,NO,,75.8525,official-venue-resolution,f,f,f,f,f
xrp,xrp:1785186000000,1785186000000,1785186900000,2026-07-27T21:00:00Z,UP,YES,,1.0903,official-venue-resolution,f,f,f,f,f
bnb,bnb:1785186900000,1785186900000,1785187800000,2026-07-27T21:15:00Z,DOWN,NO,,573.45,official-venue-resolution,f,f,f,f,f
btc,btc:1785186900000,1785186900000,1785187800000,2026-07-27T21:15:00Z,DOWN,NO,,64778.59,official-venue-resolution,f,f,f,f,f
doge,doge:1785186900000,1785186900000,1785187800000,2026-07-27T21:15:00Z,DOWN,NO,,0.0718107,official-venue-resolution,f,f,f,f,f
eth,eth:1785186900000,1785186900000,1785187800000,2026-07-27T21:15:00Z,DOWN,NO,,1943.43,official-venue-resolution,f,f,f,f,f
hype,hype:1785186900000,1785186900000,1785187800000,2026-07-27T21:15:00Z,DOWN,NO,,56.8268,official-venue-resolution,f,f,f,f,f
sol,sol:1785186900000,1785186900000,1785187800000,2026-07-27T21:15:00Z,DOWN,NO,,75.562,official-venue-resolution,f,f,f,f,f
xrp,xrp:1785186900000,1785186900000,1785187800000,2026-07-27T21:15:00Z,DOWN,NO,,1.0879,official-venue-resolution,f,f,f,f,f
bnb,bnb:1785187800000,1785187800000,1785188700000,2026-07-27T21:30:00Z,UP,NO,,573.3,official-venue-resolution,t,f,t,f,f
btc,btc:1785187800000,1785187800000,1785188700000,2026-07-27T21:30:00Z,DOWN,NO,,64761.43,official-venue-resolution,f,f,f,f,f
doge,doge:1785187800000,1785187800000,1785188700000,2026-07-27T21:30:00Z,UP,NO,,0.0718086,official-venue-resolution,t,f,t,f,f
eth,eth:1785187800000,1785187800000,1785188700000,2026-07-27T21:30:00Z,DOWN,NO,,1940.97,official-venue-resolution,f,f,f,f,f
hype,hype:1785187800000,1785187800000,1785188700000,2026-07-27T21:30:00Z,DOWN,NO,,56.7552,official-venue-resolution,f,f,f,f,f
sol,sol:1785187800000,1785187800000,1785188700000,2026-07-27T21:30:00Z,UP,NO,,75.5265,official-venue-resolution,t,f,t,f,f
xrp,xrp:1785187800000,1785187800000,1785188700000,2026-07-27T21:30:00Z,DOWN,NO,,1.0867,official-venue-resolution,f,f,f,f,f
bnb,bnb:1785188700000,1785188700000,1785189600000,2026-07-27T21:45:00Z,UP,YES,,573.54,official-venue-resolution,f,f,f,f,f
btc,btc:1785188700000,1785188700000,1785189600000,2026-07-27T21:45:00Z,DOWN,YES,,64771.27,official-venue-resolution,t,t,f,f,f
doge,doge:1785188700000,1785188700000,1785189600000,2026-07-27T21:45:00Z,UP,YES,,0.0718421,official-venue-resolution,f,f,f,f,f
eth,eth:1785188700000,1785188700000,1785189600000,2026-07-27T21:45:00Z,DOWN,NO,,1940.68,official-venue-resolution,f,f,f,f,f
hype,hype:1785188700000,1785188700000,1785189600000,2026-07-27T21:45:00Z,DOWN,NO,,56.6744,official-venue-resolution,f,f,f,f,f
sol,sol:1785188700000,1785188700000,1785189600000,2026-07-27T21:45:00Z,UP,YES,,75.59,official-venue-resolution,f,f,f,f,f
xrp,xrp:1785188700000,1785188700000,1785189600000,2026-07-27T21:45:00Z,DOWN,NO,,1.0862,official-venue-resolution,f,f,f,f,f
bnb,bnb:1785189600000,1785189600000,1785190500000,2026-07-27T22:00:00Z,DOWN,NO,,573.08,official-venue-resolution,f,f,f,f,f
btc,btc:1785189600000,1785189600000,1785190500000,2026-07-27T22:00:00Z,DOWN,NO,,64656.74,official-venue-resolution,f,f,f,f,f
doge,doge:1785189600000,1785189600000,1785190500000,2026-07-27T22:00:00Z,DOWN,NO,,0.0716853,official-venue-resolution,f,f,f,f,f
eth,eth:1785189600000,1785189600000,1785190500000,2026-07-27T22:00:00Z,DOWN,NO,,1936.16,official-venue-resolution,f,f,f,f,f
hype,hype:1785189600000,1785189600000,1785190500000,2026-07-27T22:00:00Z,DOWN,NO,,56.4939,official-venue-resolution,f,f,f,f,f
sol,sol:1785189600000,1785189600000,1785190500000,2026-07-27T22:00:00Z,DOWN,NO,,75.3323,official-venue-resolution,f,f,f,f,f
xrp,xrp:1785189600000,1785189600000,1785190500000,2026-07-27T22:00:00Z,DOWN,NO,,1.0834,official-venue-resolution,f,f,f,f,f
bnb,bnb:1785190500000,1785190500000,1785191400000,2026-07-27T22:15:00Z,DOWN,NO,,572.06,official-venue-resolution,f,f,f,f,f
btc,btc:1785190500000,1785190500000,1785191400000,2026-07-27T22:15:00Z,DOWN,NO,,64547.43,official-venue-resolution,f,f,f,f,f
doge,doge:1785190500000,1785190500000,1785191400000,2026-07-27T22:15:00Z,DOWN,NO,,0.0715434,official-venue-resolution,f,f,f,f,f
eth,eth:1785190500000,1785190500000,1785191400000,2026-07-27T22:15:00Z,DOWN,NO,,1928.38,official-venue-resolution,f,f,f,f,f
hype,hype:1785190500000,1785190500000,1785191400000,2026-07-27T22:15:00Z,DOWN,NO,,56.4224,official-venue-resolution,f,f,f,f,f
sol,sol:1785190500000,1785190500000,1785191400000,2026-07-27T22:15:00Z,DOWN,NO,,75.1813,official-venue-resolution,f,f,f,f,f
xrp,xrp:1785190500000,1785190500000,1785191400000,2026-07-27T22:15:00Z,DOWN,NO,,1.0794,official-venue-resolution,f,f,f,f,f
bnb,bnb:1785191400000,1785191400000,1785192300000,2026-07-27T22:30:00Z,DOWN,NO,,568.65,official-venue-resolution,f,f,f,f,f
btc,btc:1785191400000,1785191400000,1785192300000,2026-07-27T22:30:00Z,DOWN,NO,,64160.27,official-venue-resolution,f,f,f,f,f
doge,doge:1785191400000,1785191400000,1785192300000,2026-07-27T22:30:00Z,DOWN,NO,,0.0710091,official-venue-resolution,f,f,f,f,f
eth,eth:1785191400000,1785191400000,1785192300000,2026-07-27T22:30:00Z,DOWN,NO,,1912.02,official-venue-resolution,f,f,f,f,f
hype,hype:1785191400000,1785191400000,1785192300000,2026-07-27T22:30:00Z,UP,NO,,56.3926,official-venue-resolution,t,f,t,f,f
sol,sol:1785191400000,1785191400000,1785192300000,2026-07-27T22:30:00Z,DOWN,NO,,74.6903,official-venue-resolution,f,f,f,f,f
xrp,xrp:1785191400000,1785191400000,1785192300000,2026-07-27T22:30:00Z,DOWN,NO,,1.0714,official-venue-resolution,f,f,f,f,f
bnb,bnb:1785192300000,1785192300000,1785193200000,2026-07-27T22:45:00Z,DOWN,NO,,566.25,official-venue-resolution,f,f,f,f,f
btc,btc:1785192300000,1785192300000,1785193200000,2026-07-27T22:45:00Z,DOWN,NO,,63772.29,official-venue-resolution,f,f,f,f,f
doge,doge:1785192300000,1785192300000,1785193200000,2026-07-27T22:45:00Z,DOWN,NO,,0.0704725,official-venue-resolution,f,f,f,f,f
eth,eth:1785192300000,1785192300000,1785193200000,2026-07-27T22:45:00Z,DOWN,NO,,1893.62,official-venue-resolution,f,f,f,f,f
hype,hype:1785192300000,1785192300000,1785193200000,2026-07-27T22:45:00Z,DOWN,NO,,56.1886,official-venue-resolution,f,f,f,f,f
sol,sol:1785192300000,1785192300000,1785193200000,2026-07-27T22:45:00Z,DOWN,NO,,74.079,official-venue-resolution,f,f,f,f,f
xrp,xrp:1785192300000,1785192300000,1785193200000,2026-07-27T22:45:00Z,DOWN,NO,,1.0668,official-venue-resolution,f,f,f,f,f
bnb,bnb:1785193200000,1785193200000,1785194100000,2026-07-27T23:00:00Z,UP,YES,,566.54,official-venue-resolution,f,f,f,f,f
btc,btc:1785193200000,1785193200000,1785194100000,2026-07-27T23:00:00Z,UP,NO,,63757.34,official-venue-resolution,t,f,t,f,f
doge,doge:1785193200000,1785193200000,1785194100000,2026-07-27T23:00:00Z,DOWN,NO,,0.0703599,official-venue-resolution,f,f,f,f,f
eth,eth:1785193200000,1785193200000,1785194100000,2026-07-27T23:00:00Z,DOWN,NO,,1888.79,official-venue-resolution,f,f,f,f,f
hype,hype:1785193200000,1785193200000,1785194100000,2026-07-27T23:00:00Z,DOWN,NO,,56.0591,official-venue-resolution,f,f,f,f,f
sol,sol:1785193200000,1785193200000,1785194100000,2026-07-27T23:00:00Z,UP,NO,,74.0373,official-venue-resolution,t,f,t,f,f
xrp,xrp:1785193200000,1785193200000,1785194100000,2026-07-27T23:00:00Z,DOWN,NO,,1.065,official-venue-resolution,f,f,f,f,f
bnb,bnb:1785194100000,1785194100000,1785195000000,2026-07-27T23:15:00Z,UP,YES,,567.49,official-venue-resolution,f,f,f,f,f
btc,btc:1785194100000,1785194100000,1785195000000,2026-07-27T23:15:00Z,UP,YES,,63835.8,official-venue-resolution,f,f,f,f,f
doge,doge:1785194100000,1785194100000,1785195000000,2026-07-27T23:15:00Z,UP,YES,,0.0705717,official-venue-resolution,f,f,f,f,f
eth,eth:1785194100000,1785194100000,1785195000000,2026-07-27T23:15:00Z,UP,YES,,1891.93,official-venue-resolution,f,f,f,f,f
hype,hype:1785194100000,1785194100000,1785195000000,2026-07-27T23:15:00Z,UP,YES,,56.4284,official-venue-resolution,f,f,f,f,f
sol,sol:1785194100000,1785194100000,1785195000000,2026-07-27T23:15:00Z,UP,YES,,74.2455,official-venue-resolution,f,f,f,f,f
xrp,xrp:1785194100000,1785194100000,1785195000000,2026-07-27T23:15:00Z,UP,YES,,1.0654,official-venue-resolution,f,f,f,f,f
bnb,bnb:1785195000000,1785195000000,1785195900000,2026-07-27T23:30:00Z,DOWN,NO,,565.62,official-venue-resolution,f,f,f,f,f
btc,btc:1785195000000,1785195000000,1785195900000,2026-07-27T23:30:00Z,DOWN,NO,,63627.38,official-venue-resolution,f,f,f,f,f
doge,doge:1785195000000,1785195000000,1785195900000,2026-07-27T23:30:00Z,DOWN,NO,,0.070331,official-venue-resolution,f,f,f,f,f
eth,eth:1785195000000,1785195000000,1785195900000,2026-07-27T23:30:00Z,DOWN,NO,,1886.1,official-venue-resolution,f,f,f,f,f
hype,hype:1785195000000,1785195000000,1785195900000,2026-07-27T23:30:00Z,DOWN,NO,,55.8803,official-venue-resolution,f,f,f,f,f
sol,sol:1785195000000,1785195000000,1785195900000,2026-07-27T23:30:00Z,DOWN,NO,,73.9728,official-venue-resolution,f,f,f,f,f
xrp,xrp:1785195000000,1785195000000,1785195900000,2026-07-27T23:30:00Z,DOWN,NO,,1.0632,official-venue-resolution,f,f,f,f,f
bnb,bnb:1785195900000,1785195900000,1785196800000,2026-07-27T23:45:00Z,UP,YES,,565.94,official-venue-resolution,f,f,f,f,f
btc,btc:1785195900000,1785195900000,1785196800000,2026-07-27T23:45:00Z,UP,YES,,63703.28,official-venue-resolution,f,f,f,f,f
doge,doge:1785195900000,1785195900000,1785196800000,2026-07-27T23:45:00Z,DOWN,YES,,0.0703522,official-venue-resolution,t,t,f,f,f
eth,eth:1785195900000,1785195900000,1785196800000,2026-07-27T23:45:00Z,UP,YES,,1890.87,official-venue-resolution,f,f,f,f,f
hype,hype:1785195900000,1785195900000,1785196800000,2026-07-27T23:45:00Z,UP,YES,,56.0514,official-venue-resolution,f,f,f,f,f
sol,sol:1785195900000,1785195900000,1785196800000,2026-07-27T23:45:00Z,UP,YES,,74.1538,official-venue-resolution,f,f,f,f,f
xrp,xrp:1785195900000,1785195900000,1785196800000,2026-07-27T23:45:00Z,UP,YES,,1.0653,official-venue-resolution,f,f,f,f,f
bnb,bnb:1785196800000,1785196800000,1785197700000,2026-07-28T00:00:00Z,DOWN,NO,,565.44,official-venue-resolution,f,f,f,f,f
btc,btc:1785196800000,1785196800000,1785197700000,2026-07-28T00:00:00Z,DOWN,NO,,63585.35,official-venue-resolution,f,f,f,f,f
doge,doge:1785196800000,1785196800000,1785197700000,2026-07-28T00:00:00Z,UP,NO,,0.0702902,official-venue-resolution,t,f,t,f,f
eth,eth:1785196800000,1785196800000,1785197700000,2026-07-28T00:00:00Z,DOWN,NO,,1883.93,official-venue-resolution,f,f,f,f,f
hype,hype:1785196800000,1785196800000,1785197700000,2026-07-28T00:00:00Z,UP,NO,,56.0153,official-venue-resolution,t,f,t,f,f
sol,sol:1785196800000,1785196800000,1785197700000,2026-07-28T00:00:00Z,DOWN,NO,,73.9463,official-venue-resolution,f,f,f,f,f
xrp,xrp:1785196800000,1785196800000,1785197700000,2026-07-28T00:00:00Z,DOWN,NO,,1.0622,official-venue-resolution,f,f,f,f,f
bnb,bnb:1785197700000,1785197700000,1785198600000,2026-07-28T00:15:00Z,UP,YES,,565.88,official-venue-resolution,f,f,f,f,f
btc,btc:1785197700000,1785197700000,1785198600000,2026-07-28T00:15:00Z,UP,YES,,63631.54,official-venue-resolution,f,f,f,f,f
doge,doge:1785197700000,1785197700000,1785198600000,2026-07-28T00:15:00Z,UP,YES,,0.070359,official-venue-resolution,f,f,f,f,f
eth,eth:1785197700000,1785197700000,1785198600000,2026-07-28T00:15:00Z,DOWN,NO,,1881.26,official-venue-resolution,f,f,f,f,f
hype,hype:1785197700000,1785197700000,1785198600000,2026-07-28T00:15:00Z,DOWN,YES,,56.0618,official-venue-resolution,t,t,f,f,f
sol,sol:1785197700000,1785197700000,1785198600000,2026-07-28T00:15:00Z,DOWN,NO,,73.8918,official-venue-resolution,f,f,f,f,f
xrp,xrp:1785197700000,1785197700000,1785198600000,2026-07-28T00:15:00Z,UP,YES,,1.0626,official-venue-resolution,f,f,f,f,f
bnb,bnb:1785198600000,1785198600000,1785199500000,2026-07-28T00:30:00Z,UP,YES,,566.48,official-venue-resolution,f,f,f,f,f
btc,btc:1785198600000,1785198600000,1785199500000,2026-07-28T00:30:00Z,DOWN,NO,,63578.08,official-venue-resolution,f,f,f,f,f
doge,doge:1785198600000,1785198600000,1785199500000,2026-07-28T00:30:00Z,DOWN,NO,,0.0702916,official-venue-resolution,f,f,f,f,f
eth,eth:1785198600000,1785198600000,1785199500000,2026-07-28T00:30:00Z,UP,YES,,1883.79,official-venue-resolution,f,f,f,f,f
hype,hype:1785198600000,1785198600000,1785199500000,2026-07-28T00:30:00Z,UP,YES,,56.1966,official-venue-resolution,f,f,f,f,f
sol,sol:1785198600000,1785198600000,1785199500000,2026-07-28T00:30:00Z,DOWN,YES,,73.9322,official-venue-resolution,t,t,f,f,f
xrp,xrp:1785198600000,1785198600000,1785199500000,2026-07-28T00:30:00Z,DOWN,NO,,1.0623,official-venue-resolution,f,f,f,f,f
bnb,bnb:1785199500000,1785199500000,1785200400000,2026-07-28T00:45:00Z,DOWN,NO,,565.41,official-venue-resolution,f,f,f,f,f
btc,btc:1785199500000,1785199500000,1785200400000,2026-07-28T00:45:00Z,DOWN,NO,,63424.86,official-venue-resolution,f,f,f,f,f
doge,doge:1785199500000,1785199500000,1785200400000,2026-07-28T00:45:00Z,DOWN,NO,,0.0698597,official-venue-resolution,f,f,f,f,f
eth,eth:1785199500000,1785199500000,1785200400000,2026-07-28T00:45:00Z,DOWN,NO,,1877.14,official-venue-resolution,f,f,f,f,f
hype,hype:1785199500000,1785199500000,1785200400000,2026-07-28T00:45:00Z,DOWN,NO,,56.1339,official-venue-resolution,f,f,f,f,f
sol,sol:1785199500000,1785199500000,1785200400000,2026-07-28T00:45:00Z,DOWN,NO,,73.6413,official-venue-resolution,f,f,f,f,f
xrp,xrp:1785199500000,1785199500000,1785200400000,2026-07-28T00:45:00Z,DOWN,NO,,1.0582,official-venue-resolution,f,f,f,f,f
bnb,bnb:1785200400000,1785200400000,1785201300000,2026-07-28T01:00:00Z,DOWN,NO,,564.38,official-venue-resolution,f,f,f,f,f
btc,btc:1785200400000,1785200400000,1785201300000,2026-07-28T01:00:00Z,DOWN,NO,,63166.52,official-venue-resolution,f,f,f,f,f
doge,doge:1785200400000,1785200400000,1785201300000,2026-07-28T01:00:00Z,DOWN,NO,,0.0696304,official-venue-resolution,f,f,f,f,f
eth,eth:1785200400000,1785200400000,1785201300000,2026-07-28T01:00:00Z,DOWN,NO,,1874.42,official-venue-resolution,f,f,f,f,f
hype,hype:1785200400000,1785200400000,1785201300000,2026-07-28T01:00:00Z,DOWN,NO,,55.8212,official-venue-resolution,f,f,f,f,f
sol,sol:1785200400000,1785200400000,1785201300000,2026-07-28T01:00:00Z,DOWN,NO,,73.2253,official-venue-resolution,f,f,f,f,f
xrp,xrp:1785200400000,1785200400000,1785201300000,2026-07-28T01:00:00Z,UP,YES,,1.0584,official-venue-resolution,f,f,f,f,f
bnb,bnb:1785201300000,1785201300000,1785202200000,2026-07-28T01:15:00Z,UP,YES,,565.53,official-venue-resolution,f,f,f,f,f
btc,btc:1785201300000,1785201300000,1785202200000,2026-07-28T01:15:00Z,UP,YES,,63255.52,official-venue-resolution,f,f,f,f,f
doge,doge:1785201300000,1785201300000,1785202200000,2026-07-28T01:15:00Z,UP,YES,,0.0697456,official-venue-resolution,f,f,f,f,f
eth,eth:1785201300000,1785201300000,1785202200000,2026-07-28T01:15:00Z,UP,YES,,1876.7,official-venue-resolution,f,f,f,f,f
hype,hype:1785201300000,1785201300000,1785202200000,2026-07-28T01:15:00Z,UP,YES,,56.1081,official-venue-resolution,f,f,f,f,f
sol,sol:1785201300000,1785201300000,1785202200000,2026-07-28T01:15:00Z,UP,YES,,73.3078,official-venue-resolution,f,f,f,f,f
xrp,xrp:1785201300000,1785201300000,1785202200000,2026-07-28T01:15:00Z,UP,YES,,1.0595,official-venue-resolution,f,f,f,f,f
bnb,bnb:1785202200000,1785202200000,1785203100000,2026-07-28T01:30:00Z,DOWN,NO,,565.25,official-venue-resolution,f,f,f,f,f
btc,btc:1785202200000,1785202200000,1785203100000,2026-07-28T01:30:00Z,DOWN,NO,,63140.94,official-venue-resolution,f,f,f,f,f
doge,doge:1785202200000,1785202200000,1785203100000,2026-07-28T01:30:00Z,DOWN,NO,,0.0696808,official-venue-resolution,f,f,f,f,f
eth,eth:1785202200000,1785202200000,1785203100000,2026-07-28T01:30:00Z,DOWN,NO,,1874.09,official-venue-resolution,f,f,f,f,f
hype,hype:1785202200000,1785202200000,1785203100000,2026-07-28T01:30:00Z,UP,YES,,56.2289,official-venue-resolution,f,f,f,f,f
sol,sol:1785202200000,1785202200000,1785203100000,2026-07-28T01:30:00Z,DOWN,NO,,73.2097,official-venue-resolution,f,f,f,f,f
xrp,xrp:1785202200000,1785202200000,1785203100000,2026-07-28T01:30:00Z,DOWN,NO,,1.058,official-venue-resolution,f,f,f,f,f
bnb,bnb:1785203100000,1785203100000,1785204000000,2026-07-28T01:45:00Z,DOWN,NO,,564.95,official-venue-resolution,f,f,f,f,f
btc,btc:1785203100000,1785203100000,1785204000000,2026-07-28T01:45:00Z,UP,YES,,63170.4,official-venue-resolution,f,f,f,f,f
doge,doge:1785203100000,1785203100000,1785204000000,2026-07-28T01:45:00Z,DOWN,YES,,0.0696877,official-venue-resolution,t,t,f,f,f
eth,eth:1785203100000,1785203100000,1785204000000,2026-07-28T01:45:00Z,UP,YES,,1874.27,official-venue-resolution,f,f,f,f,f
hype,hype:1785203100000,1785203100000,1785204000000,2026-07-28T01:45:00Z,UP,YES,,56.2422,official-venue-resolution,f,f,f,f,f
sol,sol:1785203100000,1785203100000,1785204000000,2026-07-28T01:45:00Z,DOWN,NO,,73.144,official-venue-resolution,f,f,f,f,f
xrp,xrp:1785203100000,1785203100000,1785204000000,2026-07-28T01:45:00Z,DOWN,NO,,1.0572,official-venue-resolution,f,f,f,f,f
bnb,bnb:1785204000000,1785204000000,1785204900000,2026-07-28T02:00:00Z,DOWN,NO,,564.76,official-venue-resolution,f,f,f,f,f
btc,btc:1785204000000,1785204000000,1785204900000,2026-07-28T02:00:00Z,UP,YES,,63199.04,official-venue-resolution,f,f,f,f,f
doge,doge:1785204000000,1785204000000,1785204900000,2026-07-28T02:00:00Z,UP,YES,,0.0698536,official-venue-resolution,f,f,f,f,f
eth,eth:1785204000000,1785204000000,1785204900000,2026-07-28T02:00:00Z,UP,YES,,1875.51,official-venue-resolution,f,f,f,f,f
hype,hype:1785204000000,1785204000000,1785204900000,2026-07-28T02:00:00Z,UP,YES,,56.3843,official-venue-resolution,f,f,f,f,f
sol,sol:1785204000000,1785204000000,1785204900000,2026-07-28T02:00:00Z,UP,YES,,73.2565,official-venue-resolution,f,f,f,f,f
xrp,xrp:1785204000000,1785204000000,1785204900000,2026-07-28T02:00:00Z,UP,YES,,1.0576,official-venue-resolution,f,f,f,f,f
bnb,bnb:1785204900000,1785204900000,1785205800000,2026-07-28T02:15:00Z,UP,YES,,564.98,official-venue-resolution,f,f,f,f,f
btc,btc:1785204900000,1785204900000,1785205800000,2026-07-28T02:15:00Z,DOWN,NO,,63179.44,official-venue-resolution,f,f,f,f,f
doge,doge:1785204900000,1785204900000,1785205800000,2026-07-28T02:15:00Z,UP,YES,,0.0700021,official-venue-resolution,f,f,f,f,f
eth,eth:1785204900000,1785204900000,1785205800000,2026-07-28T02:15:00Z,UP,YES,,1876.3,official-venue-resolution,f,f,f,f,f
hype,hype:1785204900000,1785204900000,1785205800000,2026-07-28T02:15:00Z,DOWN,NO,,56.2876,official-venue-resolution,f,f,f,f,f
sol,sol:1785204900000,1785204900000,1785205800000,2026-07-28T02:15:00Z,UP,YES,,73.3198,official-venue-resolution,f,f,f,f,f
xrp,xrp:1785204900000,1785204900000,1785205800000,2026-07-28T02:15:00Z,UP,YES,,1.0578,official-venue-resolution,f,f,f,f,f
bnb,bnb:1785205800000,1785205800000,1785206700000,2026-07-28T02:30:00Z,DOWN,NO,,564.42,official-venue-resolution,f,f,f,f,f
btc,btc:1785205800000,1785205800000,1785206700000,2026-07-28T02:30:00Z,DOWN,NO,,63073.16,official-venue-resolution,f,f,f,f,f
doge,doge:1785205800000,1785205800000,1785206700000,2026-07-28T02:30:00Z,UP,YES,,0.0700619,official-venue-resolution,f,f,f,f,f
eth,eth:1785205800000,1785205800000,1785206700000,2026-07-28T02:30:00Z,DOWN,NO,,1873.26,official-venue-resolution,f,f,f,f,f
hype,hype:1785205800000,1785205800000,1785206700000,2026-07-28T02:30:00Z,DOWN,NO,,55.8523,official-venue-resolution,f,f,f,f,f
sol,sol:1785205800000,1785205800000,1785206700000,2026-07-28T02:30:00Z,DOWN,NO,,73.2042,official-venue-resolution,f,f,f,f,f
xrp,xrp:1785205800000,1785205800000,1785206700000,2026-07-28T02:30:00Z,DOWN,NO,,1.0564,official-venue-resolution,f,f,f,f,f
bnb,bnb:1785206700000,1785206700000,1785207600000,2026-07-28T02:45:00Z,UP,YES,,564.94,official-venue-resolution,f,f,f,f,f
btc,btc:1785206700000,1785206700000,1785207600000,2026-07-28T02:45:00Z,UP,YES,,63124.48,official-venue-resolution,f,f,f,f,f
doge,doge:1785206700000,1785206700000,1785207600000,2026-07-28T02:45:00Z,DOWN,YES,,0.070141,official-venue-resolution,t,t,f,f,f
eth,eth:1785206700000,1785206700000,1785207600000,2026-07-28T02:45:00Z,UP,YES,,1874.5,official-venue-resolution,f,f,f,f,f
hype,hype:1785206700000,1785206700000,1785207600000,2026-07-28T02:45:00Z,DOWN,NO,,55.812,official-venue-resolution,f,f,f,f,f
sol,sol:1785206700000,1785206700000,1785207600000,2026-07-28T02:45:00Z,UP,YES,,73.3197,official-venue-resolution,f,f,f,f,f
xrp,xrp:1785206700000,1785206700000,1785207600000,2026-07-28T02:45:00Z,UP,YES,,1.0569,official-venue-resolution,f,f,f,f,f
bnb,bnb:1785207600000,1785207600000,1785208500000,2026-07-28T03:00:00Z,UP,YES,,565.26,official-venue-resolution,f,f,f,f,f
btc,btc:1785207600000,1785207600000,1785208500000,2026-07-28T03:00:00Z,UP,YES,,63210.47,official-venue-resolution,f,f,f,f,f
doge,doge:1785207600000,1785207600000,1785208500000,2026-07-28T03:00:00Z,DOWN,NO,,0.0699562,official-venue-resolution,f,f,f,f,f
eth,eth:1785207600000,1785207600000,1785208500000,2026-07-28T03:00:00Z,UP,YES,,1875.49,official-venue-resolution,f,f,f,f,f
hype,hype:1785207600000,1785207600000,1785208500000,2026-07-28T03:00:00Z,UP,YES,,55.9321,official-venue-resolution,f,f,f,f,f
sol,sol:1785207600000,1785207600000,1785208500000,2026-07-28T03:00:00Z,DOWN,NO,,73.2693,official-venue-resolution,f,f,f,f,f
xrp,xrp:1785207600000,1785207600000,1785208500000,2026-07-28T03:00:00Z,UP,YES,,1.0574,official-venue-resolution,f,f,f,f,f
bnb,bnb:1785208500000,1785208500000,1785209400000,2026-07-28T03:15:00Z,UP,YES,,565.87,official-venue-resolution,f,f,f,f,f
btc,btc:1785208500000,1785208500000,1785209400000,2026-07-28T03:15:00Z,UP,YES,,63224.21,official-venue-resolution,f,f,f,f,f
doge,doge:1785208500000,1785208500000,1785209400000,2026-07-28T03:15:00Z,UP,YES,,0.0700536,official-venue-resolution,f,f,f,f,f
eth,eth:1785208500000,1785208500000,1785209400000,2026-07-28T03:15:00Z,UP,YES,,1876.28,official-venue-resolution,f,f,f,f,f
hype,hype:1785208500000,1785208500000,1785209400000,2026-07-28T03:15:00Z,UP,YES,,55.9759,official-venue-resolution,f,f,f,f,f
sol,sol:1785208500000,1785208500000,1785209400000,2026-07-28T03:15:00Z,DOWN,NO,,73.2092,official-venue-resolution,f,f,f,f,f
xrp,xrp:1785208500000,1785208500000,1785209400000,2026-07-28T03:15:00Z,UP,YES,,1.0575,official-venue-resolution,f,f,f,f,f
bnb,bnb:1785209400000,1785209400000,1785210300000,2026-07-28T03:30:00Z,UP,YES,,566.39,official-venue-resolution,f,f,f,f,f
btc,btc:1785209400000,1785209400000,1785210300000,2026-07-28T03:30:00Z,UP,YES,,63297.2,official-venue-resolution,f,f,f,f,f
doge,doge:1785209400000,1785209400000,1785210300000,2026-07-28T03:30:00Z,UP,YES,,0.0701642,official-venue-resolution,f,f,f,f,f
eth,eth:1785209400000,1785209400000,1785210300000,2026-07-28T03:30:00Z,UP,YES,,1880.47,official-venue-resolution,f,f,f,f,f
hype,hype:1785209400000,1785209400000,1785210300000,2026-07-28T03:30:00Z,UP,YES,,56.1063,official-venue-resolution,f,f,f,f,f
sol,sol:1785209400000,1785209400000,1785210300000,2026-07-28T03:30:00Z,UP,YES,,73.2935,official-venue-resolution,f,f,f,f,f
xrp,xrp:1785209400000,1785209400000,1785210300000,2026-07-28T03:30:00Z,UP,YES,,1.0592,official-venue-resolution,f,f,f,f,f
bnb,bnb:1785210300000,1785210300000,1785211200000,2026-07-28T03:45:00Z,DOWN,NO,,566.16,official-venue-resolution,f,f,f,f,f
btc,btc:1785210300000,1785210300000,1785211200000,2026-07-28T03:45:00Z,DOWN,NO,,63260.73,official-venue-resolution,f,f,f,f,f
doge,doge:1785210300000,1785210300000,1785211200000,2026-07-28T03:45:00Z,UP,NO,,0.0701176,official-venue-resolution,t,f,t,f,f
eth,eth:1785210300000,1785210300000,1785211200000,2026-07-28T03:45:00Z,DOWN,NO,,1879.23,official-venue-resolution,f,f,f,f,f
hype,hype:1785210300000,1785210300000,1785211200000,2026-07-28T03:45:00Z,UP,YES,,56.1478,official-venue-resolution,f,f,f,f,f
sol,sol:1785210300000,1785210300000,1785211200000,2026-07-28T03:45:00Z,DOWN,NO,,73.186,official-venue-resolution,f,f,f,f,f
xrp,xrp:1785210300000,1785210300000,1785211200000,2026-07-28T03:45:00Z,DOWN,NO,,1.0574,official-venue-resolution,f,f,f,f,f
bnb,bnb:1785211200000,1785211200000,1785212100000,2026-07-28T04:00:00Z,DOWN,NO,,565.78,official-venue-resolution,f,f,f,f,f
btc,btc:1785211200000,1785211200000,1785212100000,2026-07-28T04:00:00Z,DOWN,NO,,63260.45,official-venue-resolution,f,f,f,f,f
doge,doge:1785211200000,1785211200000,1785212100000,2026-07-28T04:00:00Z,DOWN,YES,,0.0701314,official-venue-resolution,t,t,f,f,f
eth,eth:1785211200000,1785211200000,1785212100000,2026-07-28T04:00:00Z,DOWN,NO,,1879.02,official-venue-resolution,f,f,f,f,f
hype,hype:1785211200000,1785211200000,1785212100000,2026-07-28T04:00:00Z,UP,YES,,56.1792,official-venue-resolution,f,f,f,f,f
sol,sol:1785211200000,1785211200000,1785212100000,2026-07-28T04:00:00Z,DOWN,NO,,73.107,official-venue-resolution,f,f,f,f,f
xrp,xrp:1785211200000,1785211200000,1785212100000,2026-07-28T04:00:00Z,DOWN,NO,,1.0573,official-venue-resolution,f,f,f,f,f
bnb,bnb:1785212100000,1785212100000,1785213000000,2026-07-28T04:15:00Z,DOWN,NO,,565.18,official-venue-resolution,f,f,f,f,f
btc,btc:1785212100000,1785212100000,1785213000000,2026-07-28T04:15:00Z,DOWN,NO,,63230.46,official-venue-resolution,f,f,f,f,f
doge,doge:1785212100000,1785212100000,1785213000000,2026-07-28T04:15:00Z,DOWN,NO,,0.0699935,official-venue-resolution,f,f,f,f,f
eth,eth:1785212100000,1785212100000,1785213000000,2026-07-28T04:15:00Z,DOWN,NO,,1877.84,official-venue-resolution,f,f,f,f,f
hype,hype:1785212100000,1785212100000,1785213000000,2026-07-28T04:15:00Z,DOWN,YES,,56.1832,official-venue-resolution,t,t,f,f,f
sol,sol:1785212100000,1785212100000,1785213000000,2026-07-28T04:15:00Z,DOWN,NO,,73.083,official-venue-resolution,f,f,f,f,f
xrp,xrp:1785212100000,1785212100000,1785213000000,2026-07-28T04:15:00Z,DOWN,NO,,1.0566,official-venue-resolution,f,f,f,f,f
bnb,bnb:1785213000000,1785213000000,1785213900000,2026-07-28T04:30:00Z,UP,NO,564.76876,564.95,official-venue-resolution,t,f,t,f,f
btc,btc:1785213000000,1785213000000,1785213900000,2026-07-28T04:30:00Z,DOWN,NO,,63211.37,official-venue-resolution,f,f,f,f,f
doge,doge:1785213000000,1785213000000,1785213900000,2026-07-28T04:30:00Z,UP,NO,,0.069939,official-venue-resolution,t,f,t,f,f
eth,eth:1785213000000,1785213000000,1785213900000,2026-07-28T04:30:00Z,DOWN,NO,,1877.1,official-venue-resolution,f,f,f,f,f
hype,hype:1785213000000,1785213000000,1785213900000,2026-07-28T04:30:00Z,UP,YES,,56.2043,official-venue-resolution,f,f,f,f,f
sol,sol:1785213000000,1785213000000,1785213900000,2026-07-28T04:30:00Z,UP,YES,73.08594761318793,73.0898,official-venue-resolution,f,f,f,f,f
xrp,xrp:1785213000000,1785213000000,1785213900000,2026-07-28T04:30:00Z,DOWN,NO,1.055300137308037,1.0557,official-venue-resolution,f,f,f,f,f
bnb,bnb:1785213900000,1785213900000,1785214800000,2026-07-28T04:45:00Z,DOWN,NO,564.48828,564.77,official-venue-resolution,f,f,f,f,f
btc,btc:1785213900000,1785213900000,1785214800000,2026-07-28T04:45:00Z,UP,YES,63283.59935627384,63277.33,official-venue-resolution,f,f,f,f,f
doge,doge:1785213900000,1785213900000,1785214800000,2026-07-28T04:45:00Z,DOWN,YES,0.06995700018872342,0.0700172,official-venue-resolution,t,t,f,f,f
eth,eth:1785213900000,1785213900000,1785214800000,2026-07-28T04:45:00Z,DOWN,YES,1877.216888837602,1877.12,official-venue-resolution,t,t,f,f,f
hype,hype:1785213900000,1785213900000,1785214800000,2026-07-28T04:45:00Z,DOWN,YES,56.194055000000006,56.2123,official-venue-resolution,t,t,f,f,f
sol,sol:1785213900000,1785213900000,1785214800000,2026-07-28T04:45:00Z,UP,YES,73.13621829707947,73.1408,official-venue-resolution,f,f,f,f,f
xrp,xrp:1785213900000,1785213900000,1785214800000,2026-07-28T04:45:00Z,UP,YES,1.05548760231341,1.0558,official-venue-resolution,f,f,f,f,f
bnb,bnb:1785235500000,1785235500000,1785236400000,2026-07-28T10:45:00Z,DOWN,NO,564.9957059977157,565.53,official-venue-resolution,f,f,f,f,f
btc,btc:1785235500000,1785235500000,1785236400000,2026-07-28T10:45:00Z,DOWN,NO,63406.032955125986,63412.42,official-venue-resolution,f,f,f,f,f
doge,doge:1785235500000,1785235500000,1785236400000,2026-07-28T10:45:00Z,UP,YES,0.07008806,0.0700915,official-venue-resolution,f,f,f,f,f
eth,eth:1785235500000,1785235500000,1785236400000,2026-07-28T10:45:00Z,DOWN,YES,1876.83702306,1877.31,official-venue-resolution,t,t,f,f,f
hype,hype:1785235500000,1785235500000,1785236400000,2026-07-28T10:45:00Z,DOWN,NO,54.63848955029509,54.6664,official-venue-resolution,f,f,f,f,f
sol,sol:1785235500000,1785235500000,1785236400000,2026-07-28T10:45:00Z,DOWN,NO,73.073834385,73.1042,official-venue-resolution,f,f,f,f,f
xrp,xrp:1785235500000,1785235500000,1785236400000,2026-07-28T10:45:00Z,DOWN,YES,1.0544610500173455,1.0549,official-venue-resolution,t,t,f,f,f
