asset,slot_key,slot_start_ts,slot_end_ts,slot_start_utc,polymarket_resolution,kalshi_resolution,polymarket_settlement_value_usd,kalshi_settlement_value_usd,source,outcome_mismatch,fatal_poly_up_kalshi_no,fatal_poly_down_kalshi_yes,polymarket_benchmark_conflict,kalshi_benchmark_conflict
bnb,bnb:1784997000000,1784997000000,1784997900000,2026-07-25T16:30:00Z,UP,YES,,567.35,official-venue-resolution,false,false,false,,
btc,btc:1784997000000,1784997000000,1784997900000,2026-07-25T16:30:00Z,UP,YES,,64140.38,official-venue-resolution,false,false,false,,
doge,doge:1784997000000,1784997000000,1784997900000,2026-07-25T16:30:00Z,UP,YES,,0.0719828,official-venue-resolution,false,false,false,,
eth,eth:1784997000000,1784997000000,1784997900000,2026-07-25T16:30:00Z,UP,YES,,1867.28,official-venue-resolution,false,false,false,,
hype,hype:1784997000000,1784997000000,1784997900000,2026-07-25T16:30:00Z,UP,YES,,57.8495,official-venue-resolution,false,false,false,,
sol,sol:1784997000000,1784997000000,1784997900000,2026-07-25T16:30:00Z,UP,YES,,74.2592,official-venue-resolution,false,false,false,,
xrp,xrp:1784997000000,1784997000000,1784997900000,2026-07-25T16:30:00Z,UP,YES,,1.1008,official-venue-resolution,false,false,false,,
bnb,bnb:1784997900000,1784997900000,1784998800000,2026-07-25T16:45:00Z,DOWN,NO,,567.28,official-venue-resolution,false,false,false,,
btc,btc:1784997900000,1784997900000,1784998800000,2026-07-25T16:45:00Z,UP,YES,,64148.63,official-venue-resolution,false,false,false,,
doge,doge:1784997900000,1784997900000,1784998800000,2026-07-25T16:45:00Z,UP,YES,,0.0720772,official-venue-resolution,false,false,false,,
eth,eth:1784997900000,1784997900000,1784998800000,2026-07-25T16:45:00Z,DOWN,NO,,1866.47,official-venue-resolution,false,false,false,,
hype,hype:1784997900000,1784997900000,1784998800000,2026-07-25T16:45:00Z,UP,YES,,57.9002,official-venue-resolution,false,false,false,,
sol,sol:1784997900000,1784997900000,1784998800000,2026-07-25T16:45:00Z,DOWN,YES,,74.2682,official-venue-resolution,true,true,false,,
xrp,xrp:1784997900000,1784997900000,1784998800000,2026-07-25T16:45:00Z,UP,YES,,1.1018,official-venue-resolution,false,false,false,,
bnb,bnb:1784998800000,1784998800000,1784999700000,2026-07-25T17:00:00Z,DOWN,NO,,566.9,official-venue-resolution,false,false,false,,
btc,btc:1784998800000,1784998800000,1784999700000,2026-07-25T17:00:00Z,DOWN,NO,,64146.03,official-venue-resolution,false,false,false,,
doge,doge:1784998800000,1784998800000,1784999700000,2026-07-25T17:00:00Z,UP,YES,,0.0722296,official-venue-resolution,false,false,false,,
eth,eth:1784998800000,1784998800000,1784999700000,2026-07-25T17:00:00Z,UP,YES,,1867.34,official-venue-resolution,false,false,false,,
hype,hype:1784998800000,1784998800000,1784999700000,2026-07-25T17:00:00Z,DOWN,NO,,57.8373,official-venue-resolution,false,false,false,,
sol,sol:1784998800000,1784998800000,1784999700000,2026-07-25T17:00:00Z,UP,YES,,74.2778,official-venue-resolution,false,false,false,,
xrp,xrp:1784998800000,1784998800000,1784999700000,2026-07-25T17:00:00Z,DOWN,NO,,1.1009,official-venue-resolution,false,false,false,,
bnb,bnb:1784999700000,1784999700000,1785000600000,2026-07-25T17:15:00Z,UP,YES,,567.72,official-venue-resolution,false,false,false,,
btc,btc:1784999700000,1784999700000,1785000600000,2026-07-25T17:15:00Z,UP,YES,,64209.96,official-venue-resolution,false,false,false,,
doge,doge:1784999700000,1784999700000,1785000600000,2026-07-25T17:15:00Z,UP,YES,,0.0725916,official-venue-resolution,false,false,false,,
eth,eth:1784999700000,1784999700000,1785000600000,2026-07-25T17:15:00Z,UP,YES,,1869.87,official-venue-resolution,false,false,false,,
hype,hype:1784999700000,1784999700000,1785000600000,2026-07-25T17:15:00Z,UP,YES,,58.0459,official-venue-resolution,false,false,false,,
sol,sol:1784999700000,1784999700000,1785000600000,2026-07-25T17:15:00Z,UP,YES,,74.4183,official-venue-resolution,false,false,false,,
xrp,xrp:1784999700000,1784999700000,1785000600000,2026-07-25T17:15:00Z,UP,YES,,1.1026,official-venue-resolution,false,false,false,,
bnb,bnb:1785000600000,1785000600000,1785001500000,2026-07-25T17:30:00Z,UP,YES,,568.35,official-venue-resolution,false,false,false,,
btc,btc:1785000600000,1785000600000,1785001500000,2026-07-25T17:30:00Z,UP,YES,,64226.69,official-venue-resolution,false,false,false,,
doge,doge:1785000600000,1785000600000,1785001500000,2026-07-25T17:30:00Z,UP,YES,,0.0731582,official-venue-resolution,false,false,false,,
eth,eth:1785000600000,1785000600000,1785001500000,2026-07-25T17:30:00Z,UP,YES,,1872.05,official-venue-resolution,false,false,false,,
hype,hype:1785000600000,1785000600000,1785001500000,2026-07-25T17:30:00Z,UP,YES,,58.3697,official-venue-resolution,false,false,false,,
sol,sol:1785000600000,1785000600000,1785001500000,2026-07-25T17:30:00Z,UP,YES,,74.5412,official-venue-resolution,false,false,false,,
xrp,xrp:1785000600000,1785000600000,1785001500000,2026-07-25T17:30:00Z,UP,YES,,1.1069,official-venue-resolution,false,false,false,,
bnb,bnb:1785001500000,1785001500000,1785002400000,2026-07-25T17:45:00Z,DOWN,NO,,567.92,official-venue-resolution,false,false,false,,
btc,btc:1785001500000,1785001500000,1785002400000,2026-07-25T17:45:00Z,DOWN,NO,,64194.27,official-venue-resolution,false,false,false,,
doge,doge:1785001500000,1785001500000,1785002400000,2026-07-25T17:45:00Z,UP,YES,,0.0731923,official-venue-resolution,false,false,false,,
eth,eth:1785001500000,1785001500000,1785002400000,2026-07-25T17:45:00Z,DOWN,NO,,1871.01,official-venue-resolution,false,false,false,,
hype,hype:1785001500000,1785001500000,1785002400000,2026-07-25T17:45:00Z,DOWN,NO,,58.239,official-venue-resolution,false,false,false,,
sol,sol:1785001500000,1785001500000,1785002400000,2026-07-25T17:45:00Z,DOWN,NO,,74.4043,official-venue-resolution,false,false,false,,
xrp,xrp:1785001500000,1785001500000,1785002400000,2026-07-25T17:45:00Z,DOWN,NO,,1.1023,official-venue-resolution,false,false,false,,
bnb,bnb:1785002400000,1785002400000,1785003300000,2026-07-25T18:00:00Z,UP,YES,,568.3,official-venue-resolution,false,false,false,,
btc,btc:1785002400000,1785002400000,1785003300000,2026-07-25T18:00:00Z,UP,YES,,64299.6,official-venue-resolution,false,false,false,,
doge,doge:1785002400000,1785002400000,1785003300000,2026-07-25T18:00:00Z,DOWN,NO,,0.0731917,official-venue-resolution,false,false,false,,
eth,eth:1785002400000,1785002400000,1785003300000,2026-07-25T18:00:00Z,UP,YES,,1872.36,official-venue-resolution,false,false,false,,
hype,hype:1785002400000,1785002400000,1785003300000,2026-07-25T18:00:00Z,UP,YES,,58.3733,official-venue-resolution,false,false,false,,
sol,sol:1785002400000,1785002400000,1785003300000,2026-07-25T18:00:00Z,UP,YES,,74.49,official-venue-resolution,false,false,false,,
xrp,xrp:1785002400000,1785002400000,1785003300000,2026-07-25T18:00:00Z,DOWN,NO,,1.1021,official-venue-resolution,false,false,false,,
bnb,bnb:1785003300000,1785003300000,1785004200000,2026-07-25T18:15:00Z,UP,YES,,568.6,official-venue-resolution,false,false,false,,
btc,btc:1785003300000,1785003300000,1785004200000,2026-07-25T18:15:00Z,UP,YES,,64349.44,official-venue-resolution,false,false,false,,
doge,doge:1785003300000,1785003300000,1785004200000,2026-07-25T18:15:00Z,DOWN,NO,,0.0730804,official-venue-resolution,false,false,false,,
eth,eth:1785003300000,1785003300000,1785004200000,2026-07-25T18:15:00Z,UP,YES,,1873.51,official-venue-resolution,false,false,false,,
hype,hype:1785003300000,1785003300000,1785004200000,2026-07-25T18:15:00Z,UP,YES,,58.467,official-venue-resolution,false,false,false,,
sol,sol:1785003300000,1785003300000,1785004200000,2026-07-25T18:15:00Z,UP,YES,,74.5017,official-venue-resolution,false,false,false,,
xrp,xrp:1785003300000,1785003300000,1785004200000,2026-07-25T18:15:00Z,UP,YES,,1.1026,official-venue-resolution,false,false,false,,
bnb,bnb:1785004200000,1785004200000,1785005100000,2026-07-25T18:30:00Z,DOWN,NO,,568.42,official-venue-resolution,false,false,false,,
btc,btc:1785004200000,1785004200000,1785005100000,2026-07-25T18:30:00Z,DOWN,NO,,64342.53,official-venue-resolution,false,false,false,,
doge,doge:1785004200000,1785004200000,1785005100000,2026-07-25T18:30:00Z,DOWN,NO,,0.0730548,official-venue-resolution,false,false,false,,
eth,eth:1785004200000,1785004200000,1785005100000,2026-07-25T18:30:00Z,DOWN,NO,,1872.82,official-venue-resolution,false,false,false,,
hype,hype:1785004200000,1785004200000,1785005100000,2026-07-25T18:30:00Z,DOWN,NO,,58.4023,official-venue-resolution,false,false,false,,
sol,sol:1785004200000,1785004200000,1785005100000,2026-07-25T18:30:00Z,DOWN,YES,,74.5453,official-venue-resolution,true,true,false,,
xrp,xrp:1785004200000,1785004200000,1785005100000,2026-07-25T18:30:00Z,DOWN,NO,,1.1025,official-venue-resolution,false,false,false,,
bnb,bnb:1785005100000,1785005100000,1785006000000,2026-07-25T18:45:00Z,UP,YES,,568.73,official-venue-resolution,false,false,false,,
btc,btc:1785005100000,1785005100000,1785006000000,2026-07-25T18:45:00Z,UP,YES,,64365.87,official-venue-resolution,false,false,false,,
doge,doge:1785005100000,1785005100000,1785006000000,2026-07-25T18:45:00Z,DOWN,NO,,0.0728808,official-venue-resolution,false,false,false,,
eth,eth:1785005100000,1785005100000,1785006000000,2026-07-25T18:45:00Z,UP,YES,,1874.14,official-venue-resolution,false,false,false,,
hype,hype:1785005100000,1785005100000,1785006000000,2026-07-25T18:45:00Z,UP,NO,,58.3848,official-venue-resolution,true,false,true,,
sol,sol:1785005100000,1785005100000,1785006000000,2026-07-25T18:45:00Z,UP,YES,,74.6227,official-venue-resolution,false,false,false,,
xrp,xrp:1785005100000,1785005100000,1785006000000,2026-07-25T18:45:00Z,DOWN,NO,,1.1021,official-venue-resolution,false,false,false,,
bnb,bnb:1785006000000,1785006000000,1785006900000,2026-07-25T19:00:00Z,DOWN,NO,,568.51,official-venue-resolution,false,false,false,,
btc,btc:1785006000000,1785006000000,1785006900000,2026-07-25T19:00:00Z,UP,YES,,64377.81,official-venue-resolution,false,false,false,,
doge,doge:1785006000000,1785006000000,1785006900000,2026-07-25T19:00:00Z,DOWN,NO,,0.0728177,official-venue-resolution,false,false,false,,
eth,eth:1785006000000,1785006000000,1785006900000,2026-07-25T19:00:00Z,UP,YES,,1874.65,official-venue-resolution,false,false,false,,
hype,hype:1785006000000,1785006000000,1785006900000,2026-07-25T19:00:00Z,UP,YES,,58.3871,official-venue-resolution,false,false,false,,
sol,sol:1785006000000,1785006000000,1785006900000,2026-07-25T19:00:00Z,UP,YES,,74.64,official-venue-resolution,false,false,false,,
xrp,xrp:1785006000000,1785006000000,1785006900000,2026-07-25T19:00:00Z,DOWN,NO,,1.1015,official-venue-resolution,false,false,false,,
bnb,bnb:1785006900000,1785006900000,1785007800000,2026-07-25T19:15:00Z,DOWN,NO,,568.31,official-venue-resolution,false,false,false,,
btc,btc:1785006900000,1785006900000,1785007800000,2026-07-25T19:15:00Z,DOWN,NO,,64366.22,official-venue-resolution,false,false,false,,
doge,doge:1785006900000,1785006900000,1785007800000,2026-07-25T19:15:00Z,DOWN,NO,,0.0726918,official-venue-resolution,false,false,false,,
eth,eth:1785006900000,1785006900000,1785007800000,2026-07-25T19:15:00Z,DOWN,NO,,1873.79,official-venue-resolution,false,false,false,,
hype,hype:1785006900000,1785006900000,1785007800000,2026-07-25T19:15:00Z,DOWN,NO,,58.3468,official-venue-resolution,false,false,false,,
sol,sol:1785006900000,1785006900000,1785007800000,2026-07-25T19:15:00Z,DOWN,NO,,74.5762,official-venue-resolution,false,false,false,,
xrp,xrp:1785006900000,1785006900000,1785007800000,2026-07-25T19:15:00Z,DOWN,NO,,1.0995,official-venue-resolution,false,false,false,,
bnb,bnb:1785007800000,1785007800000,1785008700000,2026-07-25T19:30:00Z,UP,YES,,568.44,official-venue-resolution,false,false,false,,
btc,btc:1785007800000,1785007800000,1785008700000,2026-07-25T19:30:00Z,DOWN,NO,,64349.9,official-venue-resolution,false,false,false,,
doge,doge:1785007800000,1785007800000,1785008700000,2026-07-25T19:30:00Z,UP,YES,,0.0726964,official-venue-resolution,false,false,false,,
eth,eth:1785007800000,1785007800000,1785008700000,2026-07-25T19:30:00Z,UP,YES,,1874.28,official-venue-resolution,false,false,false,,
hype,hype:1785007800000,1785007800000,1785008700000,2026-07-25T19:30:00Z,DOWN,NO,,58.1594,official-venue-resolution,false,false,false,,
sol,sol:1785007800000,1785007800000,1785008700000,2026-07-25T19:30:00Z,DOWN,NO,,74.539,official-venue-resolution,false,false,false,,
xrp,xrp:1785007800000,1785007800000,1785008700000,2026-07-25T19:30:00Z,DOWN,NO,,1.0988,official-venue-resolution,false,false,false,,
bnb,bnb:1785008700000,1785008700000,1785009600000,2026-07-25T19:45:00Z,UP,NO,,568.43,official-venue-resolution,true,false,true,,
btc,btc:1785008700000,1785008700000,1785009600000,2026-07-25T19:45:00Z,DOWN,NO,,64335.34,official-venue-resolution,false,false,false,,
doge,doge:1785008700000,1785008700000,1785009600000,2026-07-25T19:45:00Z,UP,YES,,0.0727453,official-venue-resolution,false,false,false,,
eth,eth:1785008700000,1785008700000,1785009600000,2026-07-25T19:45:00Z,DOWN,NO,,1873.4,official-venue-resolution,false,false,false,,
hype,hype:1785008700000,1785008700000,1785009600000,2026-07-25T19:45:00Z,DOWN,NO,,58.076,official-venue-resolution,false,false,false,,
sol,sol:1785008700000,1785008700000,1785009600000,2026-07-25T19:45:00Z,DOWN,NO,,74.5193,official-venue-resolution,false,false,false,,
xrp,xrp:1785008700000,1785008700000,1785009600000,2026-07-25T19:45:00Z,UP,YES,,1.0995,official-venue-resolution,false,false,false,,
bnb,bnb:1785009600000,1785009600000,1785010500000,2026-07-25T20:00:00Z,UP,YES,,568.67,official-venue-resolution,false,false,false,,
btc,btc:1785009600000,1785009600000,1785010500000,2026-07-25T20:00:00Z,DOWN,NO,,64316.47,official-venue-resolution,false,false,false,,
doge,doge:1785009600000,1785009600000,1785010500000,2026-07-25T20:00:00Z,DOWN,NO,,0.0726221,official-venue-resolution,false,false,false,,
eth,eth:1785009600000,1785009600000,1785010500000,2026-07-25T20:00:00Z,DOWN,NO,,1872.71,official-venue-resolution,false,false,false,,
hype,hype:1785009600000,1785009600000,1785010500000,2026-07-25T20:00:00Z,DOWN,NO,,57.9973,official-venue-resolution,false,false,false,,
sol,sol:1785009600000,1785009600000,1785010500000,2026-07-25T20:00:00Z,DOWN,NO,,74.4608,official-venue-resolution,false,false,false,,
xrp,xrp:1785009600000,1785009600000,1785010500000,2026-07-25T20:00:00Z,UP,YES,,1.0999,official-venue-resolution,false,false,false,,
bnb,bnb:1785010500000,1785010500000,1785011400000,2026-07-25T20:15:00Z,DOWN,NO,,568.52,official-venue-resolution,false,false,false,,
btc,btc:1785010500000,1785010500000,1785011400000,2026-07-25T20:15:00Z,DOWN,NO,,64314.45,official-venue-resolution,false,false,false,,
doge,doge:1785010500000,1785010500000,1785011400000,2026-07-25T20:15:00Z,DOWN,NO,,0.0724634,official-venue-resolution,false,false,false,,
eth,eth:1785010500000,1785010500000,1785011400000,2026-07-25T20:15:00Z,DOWN,NO,,1870.81,official-venue-resolution,false,false,false,,
hype,hype:1785010500000,1785010500000,1785011400000,2026-07-25T20:15:00Z,UP,YES,,58.0783,official-venue-resolution,false,false,false,,
sol,sol:1785010500000,1785010500000,1785011400000,2026-07-25T20:15:00Z,DOWN,NO,,74.433,official-venue-resolution,false,false,false,,
xrp,xrp:1785010500000,1785010500000,1785011400000,2026-07-25T20:15:00Z,DOWN,NO,,1.0995,official-venue-resolution,false,false,false,,
bnb,bnb:1785011400000,1785011400000,1785012300000,2026-07-25T20:30:00Z,DOWN,NO,,568.21,official-venue-resolution,false,false,false,,
btc,btc:1785011400000,1785011400000,1785012300000,2026-07-25T20:30:00Z,DOWN,NO,,64265.08,official-venue-resolution,false,false,false,,
doge,doge:1785011400000,1785011400000,1785012300000,2026-07-25T20:30:00Z,DOWN,NO,,0.0724151,official-venue-resolution,false,false,false,,
eth,eth:1785011400000,1785011400000,1785012300000,2026-07-25T20:30:00Z,DOWN,NO,,1869.92,official-venue-resolution,false,false,false,,
hype,hype:1785011400000,1785011400000,1785012300000,2026-07-25T20:30:00Z,DOWN,NO,,58.0633,official-venue-resolution,false,false,false,,
sol,sol:1785011400000,1785011400000,1785012300000,2026-07-25T20:30:00Z,DOWN,NO,,74.41,official-venue-resolution,false,false,false,,
xrp,xrp:1785011400000,1785011400000,1785012300000,2026-07-25T20:30:00Z,DOWN,NO,,1.0988,official-venue-resolution,false,false,false,,
bnb,bnb:1785012300000,1785012300000,1785013200000,2026-07-25T20:45:00Z,UP,NO,,568.18,official-venue-resolution,true,false,true,,
btc,btc:1785012300000,1785012300000,1785013200000,2026-07-25T20:45:00Z,UP,YES,,64273.09,official-venue-resolution,false,false,false,,
doge,doge:1785012300000,1785012300000,1785013200000,2026-07-25T20:45:00Z,UP,YES,,0.0724734,official-venue-resolution,false,false,false,,
eth,eth:1785012300000,1785012300000,1785013200000,2026-07-25T20:45:00Z,UP,YES,,1870.5,official-venue-resolution,false,false,false,,
hype,hype:1785012300000,1785012300000,1785013200000,2026-07-25T20:45:00Z,UP,YES,,58.1264,official-venue-resolution,false,false,false,,
sol,sol:1785012300000,1785012300000,1785013200000,2026-07-25T20:45:00Z,DOWN,NO,,74.3552,official-venue-resolution,false,false,false,,
xrp,xrp:1785012300000,1785012300000,1785013200000,2026-07-25T20:45:00Z,DOWN,NO,,1.0975,official-venue-resolution,false,false,false,,
bnb,bnb:1785013200000,1785013200000,1785014100000,2026-07-25T21:00:00Z,UP,YES,,568.21,official-venue-resolution,false,false,false,,
btc,btc:1785013200000,1785013200000,1785014100000,2026-07-25T21:00:00Z,DOWN,NO,,64222.96,official-venue-resolution,false,false,false,,
doge,doge:1785013200000,1785013200000,1785014100000,2026-07-25T21:00:00Z,DOWN,NO,,0.0722817,official-venue-resolution,false,false,false,,
eth,eth:1785013200000,1785013200000,1785014100000,2026-07-25T21:00:00Z,DOWN,NO,,1868.62,official-venue-resolution,false,false,false,,
hype,hype:1785013200000,1785013200000,1785014100000,2026-07-25T21:00:00Z,DOWN,NO,,57.999,official-venue-resolution,false,false,false,,
sol,sol:1785013200000,1785013200000,1785014100000,2026-07-25T21:00:00Z,DOWN,NO,,74.295,official-venue-resolution,false,false,false,,
xrp,xrp:1785013200000,1785013200000,1785014100000,2026-07-25T21:00:00Z,UP,YES,,1.0976,official-venue-resolution,false,false,false,,
bnb,bnb:1785014100000,1785014100000,1785015000000,2026-07-25T21:15:00Z,UP,YES,,568.63,official-venue-resolution,false,false,false,,
btc,btc:1785014100000,1785014100000,1785015000000,2026-07-25T21:15:00Z,UP,YES,,64234.34,official-venue-resolution,false,false,false,,
doge,doge:1785014100000,1785014100000,1785015000000,2026-07-25T21:15:00Z,UP,YES,,0.0723336,official-venue-resolution,false,false,false,,
eth,eth:1785014100000,1785014100000,1785015000000,2026-07-25T21:15:00Z,UP,YES,,1869.09,official-venue-resolution,false,false,false,,
hype,hype:1785014100000,1785014100000,1785015000000,2026-07-25T21:15:00Z,UP,YES,,58.0328,official-venue-resolution,false,false,false,,
sol,sol:1785014100000,1785014100000,1785015000000,2026-07-25T21:15:00Z,UP,YES,,74.3645,official-venue-resolution,false,false,false,,
xrp,xrp:1785014100000,1785014100000,1785015000000,2026-07-25T21:15:00Z,UP,YES,,1.0979,official-venue-resolution,false,false,false,,
bnb,bnb:1785015000000,1785015000000,1785015900000,2026-07-25T21:30:00Z,UP,YES,,569.42,official-venue-resolution,false,false,false,,
btc,btc:1785015000000,1785015000000,1785015900000,2026-07-25T21:30:00Z,UP,YES,,64286.53,official-venue-resolution,false,false,false,,
doge,doge:1785015000000,1785015000000,1785015900000,2026-07-25T21:30:00Z,UP,YES,,0.0724612,official-venue-resolution,false,false,false,,
eth,eth:1785015000000,1785015000000,1785015900000,2026-07-25T21:30:00Z,UP,YES,,1870.63,official-venue-resolution,false,false,false,,
hype,hype:1785015000000,1785015000000,1785015900000,2026-07-25T21:30:00Z,DOWN,NO,,57.9642,official-venue-resolution,false,false,false,,
sol,sol:1785015000000,1785015000000,1785015900000,2026-07-25T21:30:00Z,UP,YES,,74.4695,official-venue-resolution,false,false,false,,
xrp,xrp:1785015000000,1785015000000,1785015900000,2026-07-25T21:30:00Z,UP,YES,,1.099,official-venue-resolution,false,false,false,,
bnb,bnb:1785015900000,1785015900000,1785016800000,2026-07-25T21:45:00Z,DOWN,NO,,568.69,official-venue-resolution,false,false,false,,
btc,btc:1785015900000,1785015900000,1785016800000,2026-07-25T21:45:00Z,UP,YES,,64287.52,official-venue-resolution,false,false,false,,
doge,doge:1785015900000,1785015900000,1785016800000,2026-07-25T21:45:00Z,DOWN,NO,,0.0722637,official-venue-resolution,false,false,false,,
eth,eth:1785015900000,1785015900000,1785016800000,2026-07-25T21:45:00Z,UP,YES,,1870.99,official-venue-resolution,false,false,false,,
hype,hype:1785015900000,1785015900000,1785016800000,2026-07-25T21:45:00Z,UP,YES,,58.0917,official-venue-resolution,false,false,false,,
sol,sol:1785015900000,1785015900000,1785016800000,2026-07-25T21:45:00Z,DOWN,NO,,74.4057,official-venue-resolution,false,false,false,,
xrp,xrp:1785015900000,1785015900000,1785016800000,2026-07-25T21:45:00Z,DOWN,NO,,1.0987,official-venue-resolution,false,false,false,,
bnb,bnb:1785016800000,1785016800000,1785017700000,2026-07-25T22:00:00Z,UP,YES,,568.89,official-venue-resolution,false,false,false,,
btc,btc:1785016800000,1785016800000,1785017700000,2026-07-25T22:00:00Z,UP,YES,,64316.51,official-venue-resolution,false,false,false,,
doge,doge:1785016800000,1785016800000,1785017700000,2026-07-25T22:00:00Z,DOWN,NO,,0.0721954,official-venue-resolution,false,false,false,,
eth,eth:1785016800000,1785016800000,1785017700000,2026-07-25T22:00:00Z,UP,YES,,1872.32,official-venue-resolution,false,false,false,,
hype,hype:1785016800000,1785016800000,1785017700000,2026-07-25T22:00:00Z,DOWN,NO,,58.0816,official-venue-resolution,false,false,false,,
sol,sol:1785016800000,1785016800000,1785017700000,2026-07-25T22:00:00Z,DOWN,NO,,74.3925,official-venue-resolution,false,false,false,,
xrp,xrp:1785016800000,1785016800000,1785017700000,2026-07-25T22:00:00Z,UP,NO,,1.0983,official-venue-resolution,true,false,true,,
bnb,bnb:1785017700000,1785017700000,1785018600000,2026-07-25T22:15:00Z,UP,YES,,569.26,official-venue-resolution,false,false,false,,
btc,btc:1785017700000,1785017700000,1785018600000,2026-07-25T22:15:00Z,DOWN,YES,,64326.24,official-venue-resolution,true,true,false,,
doge,doge:1785017700000,1785017700000,1785018600000,2026-07-25T22:15:00Z,DOWN,YES,,0.0721966,official-venue-resolution,true,true,false,,
eth,eth:1785017700000,1785017700000,1785018600000,2026-07-25T22:15:00Z,UP,YES,,1873.46,official-venue-resolution,false,false,false,,
hype,hype:1785017700000,1785017700000,1785018600000,2026-07-25T22:15:00Z,UP,YES,,58.1168,official-venue-resolution,false,false,false,,
sol,sol:1785017700000,1785017700000,1785018600000,2026-07-25T22:15:00Z,DOWN,NO,,74.3328,official-venue-resolution,false,false,false,,
xrp,xrp:1785017700000,1785017700000,1785018600000,2026-07-25T22:15:00Z,UP,YES,,1.0995,official-venue-resolution,false,false,false,,
bnb,bnb:1785018600000,1785018600000,1785019500000,2026-07-25T22:30:00Z,DOWN,NO,,569.17,official-venue-resolution,false,false,false,,
btc,btc:1785018600000,1785018600000,1785019500000,2026-07-25T22:30:00Z,UP,YES,,64332.07,official-venue-resolution,false,false,false,,
doge,doge:1785018600000,1785018600000,1785019500000,2026-07-25T22:30:00Z,DOWN,NO,,0.072036,official-venue-resolution,false,false,false,,
eth,eth:1785018600000,1785018600000,1785019500000,2026-07-25T22:30:00Z,UP,YES,,1874.02,official-venue-resolution,false,false,false,,
hype,hype:1785018600000,1785018600000,1785019500000,2026-07-25T22:30:00Z,DOWN,YES,,58.129,official-venue-resolution,true,true,false,,
sol,sol:1785018600000,1785018600000,1785019500000,2026-07-25T22:30:00Z,UP,YES,,74.3642,official-venue-resolution,false,false,false,,
xrp,xrp:1785018600000,1785018600000,1785019500000,2026-07-25T22:30:00Z,UP,YES,,1.0997,official-venue-resolution,false,false,false,,
bnb,bnb:1785019500000,1785019500000,1785020400000,2026-07-25T22:45:00Z,UP,YES,,569.35,official-venue-resolution,false,false,false,,
btc,btc:1785019500000,1785019500000,1785020400000,2026-07-25T22:45:00Z,UP,YES,,64352.77,official-venue-resolution,false,false,false,,
doge,doge:1785019500000,1785019500000,1785020400000,2026-07-25T22:45:00Z,DOWN,NO,,0.0719404,official-venue-resolution,false,false,false,,
eth,eth:1785019500000,1785019500000,1785020400000,2026-07-25T22:45:00Z,UP,YES,,1874.7,official-venue-resolution,false,false,false,,
hype,hype:1785019500000,1785019500000,1785020400000,2026-07-25T22:45:00Z,UP,YES,,58.1702,official-venue-resolution,false,false,false,,
sol,sol:1785019500000,1785019500000,1785020400000,2026-07-25T22:45:00Z,UP,YES,,74.4495,official-venue-resolution,false,false,false,,
xrp,xrp:1785019500000,1785019500000,1785020400000,2026-07-25T22:45:00Z,UP,YES,,1.0999,official-venue-resolution,false,false,false,,
bnb,bnb:1785020400000,1785020400000,1785021300000,2026-07-25T23:00:00Z,DOWN,NO,,569.13,official-venue-resolution,false,false,false,,
btc,btc:1785020400000,1785020400000,1785021300000,2026-07-25T23:00:00Z,DOWN,YES,,64359.54,official-venue-resolution,true,true,false,,
doge,doge:1785020400000,1785020400000,1785021300000,2026-07-25T23:00:00Z,DOWN,NO,,0.071835,official-venue-resolution,false,false,false,,
eth,eth:1785020400000,1785020400000,1785021300000,2026-07-25T23:00:00Z,DOWN,NO,,1873.8,official-venue-resolution,false,false,false,,
hype,hype:1785020400000,1785020400000,1785021300000,2026-07-25T23:00:00Z,UP,NO,,58.1674,official-venue-resolution,true,false,true,,
sol,sol:1785020400000,1785020400000,1785021300000,2026-07-25T23:00:00Z,DOWN,NO,,74.4287,official-venue-resolution,false,false,false,,
xrp,xrp:1785020400000,1785020400000,1785021300000,2026-07-25T23:00:00Z,DOWN,NO,,1.0996,official-venue-resolution,false,false,false,,
bnb,bnb:1785021300000,1785021300000,1785022200000,2026-07-25T23:15:00Z,DOWN,NO,,569.07,official-venue-resolution,false,false,false,,
btc,btc:1785021300000,1785021300000,1785022200000,2026-07-25T23:15:00Z,DOWN,NO,,64346.28,official-venue-resolution,false,false,false,,
doge,doge:1785021300000,1785021300000,1785022200000,2026-07-25T23:15:00Z,DOWN,NO,,0.0716906,official-venue-resolution,false,false,false,,
eth,eth:1785021300000,1785021300000,1785022200000,2026-07-25T23:15:00Z,DOWN,NO,,1873.33,official-venue-resolution,false,false,false,,
hype,hype:1785021300000,1785021300000,1785022200000,2026-07-25T23:15:00Z,UP,YES,,58.2353,official-venue-resolution,false,false,false,,
sol,sol:1785021300000,1785021300000,1785022200000,2026-07-25T23:15:00Z,DOWN,NO,,74.388,official-venue-resolution,false,false,false,,
xrp,xrp:1785021300000,1785021300000,1785022200000,2026-07-25T23:15:00Z,DOWN,NO,,1.0976,official-venue-resolution,false,false,false,,
bnb,bnb:1785022200000,1785022200000,1785023100000,2026-07-25T23:30:00Z,DOWN,NO,,568.8,official-venue-resolution,false,false,false,,
btc,btc:1785022200000,1785022200000,1785023100000,2026-07-25T23:30:00Z,DOWN,NO,,64333.74,official-venue-resolution,false,false,false,,
doge,doge:1785022200000,1785022200000,1785023100000,2026-07-25T23:30:00Z,UP,YES,,0.0717154,official-venue-resolution,false,false,false,,
eth,eth:1785022200000,1785022200000,1785023100000,2026-07-25T23:30:00Z,UP,YES,,1873.49,official-venue-resolution,false,false,false,,
hype,hype:1785022200000,1785022200000,1785023100000,2026-07-25T23:30:00Z,DOWN,NO,,58.1314,official-venue-resolution,false,false,false,,
sol,sol:1785022200000,1785022200000,1785023100000,2026-07-25T23:30:00Z,DOWN,YES,,74.4088,official-venue-resolution,true,true,false,,
xrp,xrp:1785022200000,1785022200000,1785023100000,2026-07-25T23:30:00Z,DOWN,YES,,1.0976,official-venue-resolution,true,true,false,,
bnb,bnb:1785023100000,1785023100000,1785024000000,2026-07-25T23:45:00Z,DOWN,NO,,568.73,official-venue-resolution,false,false,false,,
btc,btc:1785023100000,1785023100000,1785024000000,2026-07-25T23:45:00Z,DOWN,NO,,64320.53,official-venue-resolution,false,false,false,,
doge,doge:1785023100000,1785023100000,1785024000000,2026-07-25T23:45:00Z,DOWN,NO,,0.0716895,official-venue-resolution,false,false,false,,
eth,eth:1785023100000,1785023100000,1785024000000,2026-07-25T23:45:00Z,UP,YES,,1873.71,official-venue-resolution,false,false,false,,
hype,hype:1785023100000,1785023100000,1785024000000,2026-07-25T23:45:00Z,UP,YES,,58.1743,official-venue-resolution,false,false,false,,
sol,sol:1785023100000,1785023100000,1785024000000,2026-07-25T23:45:00Z,UP,YES,,74.4693,official-venue-resolution,false,false,false,,
xrp,xrp:1785023100000,1785023100000,1785024000000,2026-07-25T23:45:00Z,DOWN,NO,,1.0971,official-venue-resolution,false,false,false,,
bnb,bnb:1785024000000,1785024000000,1785024900000,2026-07-26T00:00:00Z,UP,YES,,569.62,official-venue-resolution,false,false,false,,
btc,btc:1785024000000,1785024000000,1785024900000,2026-07-26T00:00:00Z,UP,YES,,64371.4,official-venue-resolution,false,false,false,,
doge,doge:1785024000000,1785024000000,1785024900000,2026-07-26T00:00:00Z,UP,YES,,0.0717439,official-venue-resolution,false,false,false,,
eth,eth:1785024000000,1785024000000,1785024900000,2026-07-26T00:00:00Z,UP,YES,,1876.22,official-venue-resolution,false,false,false,,
hype,hype:1785024000000,1785024000000,1785024900000,2026-07-26T00:00:00Z,UP,YES,,58.3775,official-venue-resolution,false,false,false,,
sol,sol:1785024000000,1785024000000,1785024900000,2026-07-26T00:00:00Z,UP,YES,,74.5907,official-venue-resolution,false,false,false,,
xrp,xrp:1785024000000,1785024000000,1785024900000,2026-07-26T00:00:00Z,UP,YES,,1.0983,official-venue-resolution,false,false,false,,
bnb,bnb:1785024900000,1785024900000,1785025800000,2026-07-26T00:15:00Z,UP,YES,,569.97,official-venue-resolution,false,false,false,,
btc,btc:1785024900000,1785024900000,1785025800000,2026-07-26T00:15:00Z,UP,YES,,64413.75,official-venue-resolution,false,false,false,,
doge,doge:1785024900000,1785024900000,1785025800000,2026-07-26T00:15:00Z,UP,YES,,0.071761,official-venue-resolution,false,false,false,,
eth,eth:1785024900000,1785024900000,1785025800000,2026-07-26T00:15:00Z,UP,YES,,1878.04,official-venue-resolution,false,false,false,,
hype,hype:1785024900000,1785024900000,1785025800000,2026-07-26T00:15:00Z,UP,YES,,58.3878,official-venue-resolution,false,false,false,,
sol,sol:1785024900000,1785024900000,1785025800000,2026-07-26T00:15:00Z,UP,YES,,74.8398,official-venue-resolution,false,false,false,,
xrp,xrp:1785024900000,1785024900000,1785025800000,2026-07-26T00:15:00Z,UP,YES,,1.0989,official-venue-resolution,false,false,false,,
bnb,bnb:1785025800000,1785025800000,1785026700000,2026-07-26T00:30:00Z,DOWN,NO,,569.65,official-venue-resolution,false,false,false,,
btc,btc:1785025800000,1785025800000,1785026700000,2026-07-26T00:30:00Z,DOWN,NO,,64365.6,official-venue-resolution,false,false,false,,
doge,doge:1785025800000,1785025800000,1785026700000,2026-07-26T00:30:00Z,DOWN,NO,,0.0716879,official-venue-resolution,false,false,false,,
eth,eth:1785025800000,1785025800000,1785026700000,2026-07-26T00:30:00Z,DOWN,NO,,1875.85,official-venue-resolution,false,false,false,,
hype,hype:1785025800000,1785025800000,1785026700000,2026-07-26T00:30:00Z,DOWN,NO,,58.2534,official-venue-resolution,false,false,false,,
sol,sol:1785025800000,1785025800000,1785026700000,2026-07-26T00:30:00Z,DOWN,NO,,74.6378,official-venue-resolution,false,false,false,,
xrp,xrp:1785025800000,1785025800000,1785026700000,2026-07-26T00:30:00Z,DOWN,NO,,1.0978,official-venue-resolution,false,false,false,,
bnb,bnb:1785026700000,1785026700000,1785027600000,2026-07-26T00:45:00Z,UP,YES,,569.86,official-venue-resolution,false,false,false,,
btc,btc:1785026700000,1785026700000,1785027600000,2026-07-26T00:45:00Z,UP,YES,,64442.72,official-venue-resolution,false,false,false,,
doge,doge:1785026700000,1785026700000,1785027600000,2026-07-26T00:45:00Z,UP,YES,,0.071772,official-venue-resolution,false,false,false,,
eth,eth:1785026700000,1785026700000,1785027600000,2026-07-26T00:45:00Z,UP,YES,,1879.36,official-venue-resolution,false,false,false,,
hype,hype:1785026700000,1785026700000,1785027600000,2026-07-26T00:45:00Z,UP,YES,,58.2876,official-venue-resolution,false,false,false,,
sol,sol:1785026700000,1785026700000,1785027600000,2026-07-26T00:45:00Z,UP,YES,,74.7132,official-venue-resolution,false,false,false,,
xrp,xrp:1785026700000,1785026700000,1785027600000,2026-07-26T00:45:00Z,UP,YES,,1.0988,official-venue-resolution,false,false,false,,
bnb,bnb:1785027600000,1785027600000,1785028500000,2026-07-26T01:00:00Z,DOWN,YES,,569.89,official-venue-resolution,true,true,false,,
btc,btc:1785027600000,1785027600000,1785028500000,2026-07-26T01:00:00Z,DOWN,NO,,64440.88,official-venue-resolution,false,false,false,,
doge,doge:1785027600000,1785027600000,1785028500000,2026-07-26T01:00:00Z,DOWN,NO,,0.0716952,official-venue-resolution,false,false,false,,
eth,eth:1785027600000,1785027600000,1785028500000,2026-07-26T01:00:00Z,DOWN,NO,,1879.03,official-venue-resolution,false,false,false,,
hype,hype:1785027600000,1785027600000,1785028500000,2026-07-26T01:00:00Z,DOWN,NO,,58.2766,official-venue-resolution,false,false,false,,
sol,sol:1785027600000,1785027600000,1785028500000,2026-07-26T01:00:00Z,DOWN,NO,,74.6963,official-venue-resolution,false,false,false,,
xrp,xrp:1785027600000,1785027600000,1785028500000,2026-07-26T01:00:00Z,DOWN,YES,,1.0988,official-venue-resolution,true,true,false,,
bnb,bnb:1785028500000,1785028500000,1785029400000,2026-07-26T01:15:00Z,DOWN,NO,,569.65,official-venue-resolution,false,false,false,,
btc,btc:1785028500000,1785028500000,1785029400000,2026-07-26T01:15:00Z,DOWN,NO,,64424.38,official-venue-resolution,false,false,false,,
doge,doge:1785028500000,1785028500000,1785029400000,2026-07-26T01:15:00Z,DOWN,NO,,0.0716578,official-venue-resolution,false,false,false,,
eth,eth:1785028500000,1785028500000,1785029400000,2026-07-26T01:15:00Z,DOWN,NO,,1878.15,official-venue-resolution,false,false,false,,
hype,hype:1785028500000,1785028500000,1785029400000,2026-07-26T01:15:00Z,UP,YES,,58.3676,official-venue-resolution,false,false,false,,
sol,sol:1785028500000,1785028500000,1785029400000,2026-07-26T01:15:00Z,DOWN,NO,,74.64,official-venue-resolution,false,false,false,,
xrp,xrp:1785028500000,1785028500000,1785029400000,2026-07-26T01:15:00Z,DOWN,YES,,1.0989,official-venue-resolution,true,true,false,,
bnb,bnb:1785029400000,1785029400000,1785030300000,2026-07-26T01:30:00Z,UP,NO,,569.63,official-venue-resolution,true,false,true,,
btc,btc:1785029400000,1785029400000,1785030300000,2026-07-26T01:30:00Z,DOWN,NO,,64414.25,official-venue-resolution,false,false,false,,
doge,doge:1785029400000,1785029400000,1785030300000,2026-07-26T01:30:00Z,UP,NO,,0.0716345,official-venue-resolution,true,false,true,,
eth,eth:1785029400000,1785029400000,1785030300000,2026-07-26T01:30:00Z,DOWN,NO,,1877.81,official-venue-resolution,false,false,false,,
hype,hype:1785029400000,1785029400000,1785030300000,2026-07-26T01:30:00Z,UP,NO,,58.3547,official-venue-resolution,true,false,true,,
sol,sol:1785029400000,1785029400000,1785030300000,2026-07-26T01:30:00Z,UP,YES,,74.6893,official-venue-resolution,false,false,false,,
xrp,xrp:1785029400000,1785029400000,1785030300000,2026-07-26T01:30:00Z,UP,NO,,1.0987,official-venue-resolution,true,false,true,,
bnb,bnb:1785030300000,1785030300000,1785031200000,2026-07-26T01:45:00Z,UP,YES,,569.82,official-venue-resolution,false,false,false,,
btc,btc:1785030300000,1785030300000,1785031200000,2026-07-26T01:45:00Z,DOWN,NO,,64401.79,official-venue-resolution,false,false,false,,
doge,doge:1785030300000,1785030300000,1785031200000,2026-07-26T01:45:00Z,UP,YES,,0.071993,official-venue-resolution,false,false,false,,
eth,eth:1785030300000,1785030300000,1785031200000,2026-07-26T01:45:00Z,DOWN,NO,,1876.98,official-venue-resolution,false,false,false,,
hype,hype:1785030300000,1785030300000,1785031200000,2026-07-26T01:45:00Z,UP,YES,,58.4024,official-venue-resolution,false,false,false,,
sol,sol:1785030300000,1785030300000,1785031200000,2026-07-26T01:45:00Z,UP,YES,,74.756,official-venue-resolution,false,false,false,,
xrp,xrp:1785030300000,1785030300000,1785031200000,2026-07-26T01:45:00Z,UP,YES,,1.0987,official-venue-resolution,false,false,false,,
bnb,bnb:1785031200000,1785031200000,1785032100000,2026-07-26T02:00:00Z,DOWN,NO,,569.75,official-venue-resolution,false,false,false,,
btc,btc:1785031200000,1785031200000,1785032100000,2026-07-26T02:00:00Z,UP,YES,,64418.95,official-venue-resolution,false,false,false,,
doge,doge:1785031200000,1785031200000,1785032100000,2026-07-26T02:00:00Z,UP,YES,,0.0723928,official-venue-resolution,false,false,false,,
eth,eth:1785031200000,1785031200000,1785032100000,2026-07-26T02:00:00Z,UP,YES,,1877.95,official-venue-resolution,false,false,false,,
hype,hype:1785031200000,1785031200000,1785032100000,2026-07-26T02:00:00Z,UP,YES,,58.4513,official-venue-resolution,false,false,false,,
sol,sol:1785031200000,1785031200000,1785032100000,2026-07-26T02:00:00Z,DOWN,NO,,74.732,official-venue-resolution,false,false,false,,
xrp,xrp:1785031200000,1785031200000,1785032100000,2026-07-26T02:00:00Z,UP,YES,,1.0989,official-venue-resolution,false,false,false,,
bnb,bnb:1785032100000,1785032100000,1785033000000,2026-07-26T02:15:00Z,DOWN,NO,,569.54,official-venue-resolution,false,false,false,,
btc,btc:1785032100000,1785032100000,1785033000000,2026-07-26T02:15:00Z,UP,YES,,64421.21,official-venue-resolution,false,false,false,,
doge,doge:1785032100000,1785032100000,1785033000000,2026-07-26T02:15:00Z,UP,YES,,0.0726926,official-venue-resolution,false,false,false,,
eth,eth:1785032100000,1785032100000,1785033000000,2026-07-26T02:15:00Z,DOWN,NO,,1877.91,official-venue-resolution,false,false,false,,
hype,hype:1785032100000,1785032100000,1785033000000,2026-07-26T02:15:00Z,DOWN,YES,,58.4746,official-venue-resolution,true,true,false,,
sol,sol:1785032100000,1785032100000,1785033000000,2026-07-26T02:15:00Z,UP,YES,,74.7513,official-venue-resolution,false,false,false,,
xrp,xrp:1785032100000,1785032100000,1785033000000,2026-07-26T02:15:00Z,DOWN,NO,,1.0988,official-venue-resolution,false,false,false,,
bnb,bnb:1785033000000,1785033000000,1785033900000,2026-07-26T02:30:00Z,DOWN,YES,,569.54,official-venue-resolution,true,true,false,,
btc,btc:1785033000000,1785033000000,1785033900000,2026-07-26T02:30:00Z,DOWN,NO,,64383.46,official-venue-resolution,false,false,false,,
doge,doge:1785033000000,1785033000000,1785033900000,2026-07-26T02:30:00Z,DOWN,NO,,0.0724574,official-venue-resolution,false,false,false,,
eth,eth:1785033000000,1785033000000,1785033900000,2026-07-26T02:30:00Z,DOWN,NO,,1876.87,official-venue-resolution,false,false,false,,
hype,hype:1785033000000,1785033000000,1785033900000,2026-07-26T02:30:00Z,DOWN,NO,,58.3448,official-venue-resolution,false,false,false,,
sol,sol:1785033000000,1785033000000,1785033900000,2026-07-26T02:30:00Z,DOWN,NO,,74.7467,official-venue-resolution,false,false,false,,
xrp,xrp:1785033000000,1785033000000,1785033900000,2026-07-26T02:30:00Z,DOWN,NO,,1.0983,official-venue-resolution,false,false,false,,
bnb,bnb:1785033900000,1785033900000,1785034800000,2026-07-26T02:45:00Z,UP,YES,,569.86,official-venue-resolution,false,false,false,,
btc,btc:1785033900000,1785033900000,1785034800000,2026-07-26T02:45:00Z,UP,YES,,64462.8,official-venue-resolution,false,false,false,,
doge,doge:1785033900000,1785033900000,1785034800000,2026-07-26T02:45:00Z,DOWN,NO,,0.0724018,official-venue-resolution,false,false,false,,
eth,eth:1785033900000,1785033900000,1785034800000,2026-07-26T02:45:00Z,UP,YES,,1879.55,official-venue-resolution,false,false,false,,
hype,hype:1785033900000,1785033900000,1785034800000,2026-07-26T02:45:00Z,UP,YES,,58.5556,official-venue-resolution,false,false,false,,
sol,sol:1785033900000,1785033900000,1785034800000,2026-07-26T02:45:00Z,UP,YES,,74.853,official-venue-resolution,false,false,false,,
xrp,xrp:1785033900000,1785033900000,1785034800000,2026-07-26T02:45:00Z,UP,YES,,1.0997,official-venue-resolution,false,false,false,,
bnb,bnb:1785034800000,1785034800000,1785035700000,2026-07-26T03:00:00Z,UP,YES,,570.14,official-venue-resolution,false,false,false,,
btc,btc:1785034800000,1785034800000,1785035700000,2026-07-26T03:00:00Z,UP,YES,,64514.32,official-venue-resolution,false,false,false,,
doge,doge:1785034800000,1785034800000,1785035700000,2026-07-26T03:00:00Z,DOWN,NO,,0.0723664,official-venue-resolution,false,false,false,,
eth,eth:1785034800000,1785034800000,1785035700000,2026-07-26T03:00:00Z,UP,YES,,1881.64,official-venue-resolution,false,false,false,,
hype,hype:1785034800000,1785034800000,1785035700000,2026-07-26T03:00:00Z,UP,YES,,58.6152,official-venue-resolution,false,false,false,,
sol,sol:1785034800000,1785034800000,1785035700000,2026-07-26T03:00:00Z,UP,YES,,74.9248,official-venue-resolution,false,false,false,,
xrp,xrp:1785034800000,1785034800000,1785035700000,2026-07-26T03:00:00Z,UP,YES,,1.1001,official-venue-resolution,false,false,false,,
bnb,bnb:1785035700000,1785035700000,1785036600000,2026-07-26T03:15:00Z,DOWN,NO,,569.95,official-venue-resolution,false,false,false,,
btc,btc:1785035700000,1785035700000,1785036600000,2026-07-26T03:15:00Z,DOWN,NO,,64491.56,official-venue-resolution,false,false,false,,
doge,doge:1785035700000,1785035700000,1785036600000,2026-07-26T03:15:00Z,DOWN,NO,,0.0723585,official-venue-resolution,false,false,false,,
eth,eth:1785035700000,1785035700000,1785036600000,2026-07-26T03:15:00Z,DOWN,NO,,1880.16,official-venue-resolution,false,false,false,,
hype,hype:1785035700000,1785035700000,1785036600000,2026-07-26T03:15:00Z,DOWN,NO,,58.4706,official-venue-resolution,false,false,false,,
sol,sol:1785035700000,1785035700000,1785036600000,2026-07-26T03:15:00Z,DOWN,NO,,74.8667,official-venue-resolution,false,false,false,,
xrp,xrp:1785035700000,1785035700000,1785036600000,2026-07-26T03:15:00Z,DOWN,NO,,1.0998,official-venue-resolution,false,false,false,,
bnb,bnb:1785036600000,1785036600000,1785037500000,2026-07-26T03:30:00Z,DOWN,YES,,569.95,official-venue-resolution,true,true,false,,
btc,btc:1785036600000,1785036600000,1785037500000,2026-07-26T03:30:00Z,DOWN,YES,,64494.17,official-venue-resolution,true,true,false,,
doge,doge:1785036600000,1785036600000,1785037500000,2026-07-26T03:30:00Z,UP,YES,,0.0724765,official-venue-resolution,false,false,false,,
eth,eth:1785036600000,1785036600000,1785037500000,2026-07-26T03:30:00Z,UP,YES,,1881.41,official-venue-resolution,false,false,false,,
hype,hype:1785036600000,1785036600000,1785037500000,2026-07-26T03:30:00Z,UP,YES,,58.521,official-venue-resolution,false,false,false,,
sol,sol:1785036600000,1785036600000,1785037500000,2026-07-26T03:30:00Z,UP,YES,,74.9022,official-venue-resolution,false,false,false,,
xrp,xrp:1785036600000,1785036600000,1785037500000,2026-07-26T03:30:00Z,UP,YES,,1.1003,official-venue-resolution,false,false,false,,
bnb,bnb:1785037500000,1785037500000,1785038400000,2026-07-26T03:45:00Z,UP,YES,,569.96,official-venue-resolution,false,false,false,,
btc,btc:1785037500000,1785037500000,1785038400000,2026-07-26T03:45:00Z,UP,NO,,64478.24,official-venue-resolution,true,false,true,,
doge,doge:1785037500000,1785037500000,1785038400000,2026-07-26T03:45:00Z,UP,YES,,0.0726513,official-venue-resolution,false,false,false,,
eth,eth:1785037500000,1785037500000,1785038400000,2026-07-26T03:45:00Z,DOWN,NO,,1880.69,official-venue-resolution,false,false,false,,
hype,hype:1785037500000,1785037500000,1785038400000,2026-07-26T03:45:00Z,UP,YES,,58.5842,official-venue-resolution,false,false,false,,
sol,sol:1785037500000,1785037500000,1785038400000,2026-07-26T03:45:00Z,UP,YES,,74.9472,official-venue-resolution,false,false,false,,
xrp,xrp:1785037500000,1785037500000,1785038400000,2026-07-26T03:45:00Z,UP,NO,,1.1002,official-venue-resolution,true,false,true,,
bnb,bnb:1785038400000,1785038400000,1785039300000,2026-07-26T04:00:00Z,DOWN,NO,,569.67,official-venue-resolution,false,false,false,,
btc,btc:1785038400000,1785038400000,1785039300000,2026-07-26T04:00:00Z,DOWN,NO,,64450.49,official-venue-resolution,false,false,false,,
doge,doge:1785038400000,1785038400000,1785039300000,2026-07-26T04:00:00Z,DOWN,NO,,0.0725347,official-venue-resolution,false,false,false,,
eth,eth:1785038400000,1785038400000,1785039300000,2026-07-26T04:00:00Z,DOWN,NO,,1879.84,official-venue-resolution,false,false,false,,
hype,hype:1785038400000,1785038400000,1785039300000,2026-07-26T04:00:00Z,DOWN,NO,,58.5113,official-venue-resolution,false,false,false,,
sol,sol:1785038400000,1785038400000,1785039300000,2026-07-26T04:00:00Z,DOWN,NO,,74.9118,official-venue-resolution,false,false,false,,
xrp,xrp:1785038400000,1785038400000,1785039300000,2026-07-26T04:00:00Z,DOWN,NO,,1.0993,official-venue-resolution,false,false,false,,
bnb,bnb:1785039300000,1785039300000,1785040200000,2026-07-26T04:15:00Z,UP,YES,,570.14,official-venue-resolution,false,false,false,,
btc,btc:1785039300000,1785039300000,1785040200000,2026-07-26T04:15:00Z,UP,YES,,64490.58,official-venue-resolution,false,false,false,,
doge,doge:1785039300000,1785039300000,1785040200000,2026-07-26T04:15:00Z,UP,YES,,0.0732688,official-venue-resolution,false,false,false,,
eth,eth:1785039300000,1785039300000,1785040200000,2026-07-26T04:15:00Z,UP,YES,,1882.79,official-venue-resolution,false,false,false,,
hype,hype:1785039300000,1785039300000,1785040200000,2026-07-26T04:15:00Z,UP,YES,,58.5939,official-venue-resolution,false,false,false,,
sol,sol:1785039300000,1785039300000,1785040200000,2026-07-26T04:15:00Z,UP,YES,,75.0708,official-venue-resolution,false,false,false,,
xrp,xrp:1785039300000,1785039300000,1785040200000,2026-07-26T04:15:00Z,UP,YES,,1.1022,official-venue-resolution,false,false,false,,
bnb,bnb:1785040200000,1785040200000,1785041100000,2026-07-26T04:30:00Z,UP,YES,,570.37,official-venue-resolution,false,false,false,,
btc,btc:1785040200000,1785040200000,1785041100000,2026-07-26T04:30:00Z,UP,YES,,64503.73,official-venue-resolution,false,false,false,,
doge,doge:1785040200000,1785040200000,1785041100000,2026-07-26T04:30:00Z,DOWN,NO,,0.0729941,official-venue-resolution,false,false,false,,
eth,eth:1785040200000,1785040200000,1785041100000,2026-07-26T04:30:00Z,UP,YES,,1884.6,official-venue-resolution,false,false,false,,
hype,hype:1785040200000,1785040200000,1785041100000,2026-07-26T04:30:00Z,UP,NO,,58.5889,official-venue-resolution,true,false,true,,
sol,sol:1785040200000,1785040200000,1785041100000,2026-07-26T04:30:00Z,UP,YES,,75.0862,official-venue-resolution,false,false,false,,
xrp,xrp:1785040200000,1785040200000,1785041100000,2026-07-26T04:30:00Z,UP,NO,,1.1021,official-venue-resolution,true,false,true,,
bnb,bnb:1785041100000,1785041100000,1785042000000,2026-07-26T04:45:00Z,DOWN,YES,,570.42,official-venue-resolution,true,true,false,,
btc,btc:1785041100000,1785041100000,1785042000000,2026-07-26T04:45:00Z,DOWN,NO,,64467.51,official-venue-resolution,false,false,false,,
doge,doge:1785041100000,1785041100000,1785042000000,2026-07-26T04:45:00Z,UP,YES,,0.0731235,official-venue-resolution,false,false,false,,
eth,eth:1785041100000,1785041100000,1785042000000,2026-07-26T04:45:00Z,DOWN,NO,,1884.47,official-venue-resolution,false,false,false,,
hype,hype:1785041100000,1785041100000,1785042000000,2026-07-26T04:45:00Z,DOWN,NO,,58.5577,official-venue-resolution,false,false,false,,
sol,sol:1785041100000,1785041100000,1785042000000,2026-07-26T04:45:00Z,DOWN,NO,,74.9932,official-venue-resolution,false,false,false,,
xrp,xrp:1785041100000,1785041100000,1785042000000,2026-07-26T04:45:00Z,DOWN,NO,,1.1008,official-venue-resolution,false,false,false,,
bnb,bnb:1785042000000,1785042000000,1785042900000,2026-07-26T05:00:00Z,UP,YES,,571.05,official-venue-resolution,false,false,false,,
btc,btc:1785042000000,1785042000000,1785042900000,2026-07-26T05:00:00Z,DOWN,NO,,64460.25,official-venue-resolution,false,false,false,,
doge,doge:1785042000000,1785042000000,1785042900000,2026-07-26T05:00:00Z,UP,YES,,0.0734277,official-venue-resolution,false,false,false,,
eth,eth:1785042000000,1785042000000,1785042900000,2026-07-26T05:00:00Z,UP,YES,,1885.92,official-venue-resolution,false,false,false,,
hype,hype:1785042000000,1785042000000,1785042900000,2026-07-26T05:00:00Z,UP,YES,,58.679,official-venue-resolution,false,false,false,,
sol,sol:1785042000000,1785042000000,1785042900000,2026-07-26T05:00:00Z,UP,YES,,75.0955,official-venue-resolution,false,false,false,,
xrp,xrp:1785042000000,1785042000000,1785042900000,2026-07-26T05:00:00Z,DOWN,NO,,1.1006,official-venue-resolution,false,false,false,,
bnb,bnb:1785042900000,1785042900000,1785043800000,2026-07-26T05:15:00Z,UP,YES,,571.34,official-venue-resolution,false,false,false,,
btc,btc:1785042900000,1785042900000,1785043800000,2026-07-26T05:15:00Z,DOWN,NO,,64434.35,official-venue-resolution,false,false,false,,
doge,doge:1785042900000,1785042900000,1785043800000,2026-07-26T05:15:00Z,DOWN,NO,,0.0732631,official-venue-resolution,false,false,false,,
eth,eth:1785042900000,1785042900000,1785043800000,2026-07-26T05:15:00Z,DOWN,NO,,1883.71,official-venue-resolution,false,false,false,,
hype,hype:1785042900000,1785042900000,1785043800000,2026-07-26T05:15:00Z,DOWN,NO,,58.6585,official-venue-resolution,false,false,false,,
sol,sol:1785042900000,1785042900000,1785043800000,2026-07-26T05:15:00Z,DOWN,NO,,74.9918,official-venue-resolution,false,false,false,,
xrp,xrp:1785042900000,1785042900000,1785043800000,2026-07-26T05:15:00Z,DOWN,NO,,1.0993,official-venue-resolution,false,false,false,,
bnb,bnb:1785043800000,1785043800000,1785044700000,2026-07-26T05:30:00Z,DOWN,NO,,571.14,official-venue-resolution,false,false,false,,
btc,btc:1785043800000,1785043800000,1785044700000,2026-07-26T05:30:00Z,DOWN,NO,,64416.31,official-venue-resolution,false,false,false,,
doge,doge:1785043800000,1785043800000,1785044700000,2026-07-26T05:30:00Z,UP,YES,,0.0735827,official-venue-resolution,false,false,false,,
eth,eth:1785043800000,1785043800000,1785044700000,2026-07-26T05:30:00Z,UP,YES,,1884.71,official-venue-resolution,false,false,false,,
hype,hype:1785043800000,1785043800000,1785044700000,2026-07-26T05:30:00Z,UP,NO,,58.6374,official-venue-resolution,true,false,true,,
sol,sol:1785043800000,1785043800000,1785044700000,2026-07-26T05:30:00Z,UP,YES,,75.0567,official-venue-resolution,false,false,false,,
xrp,xrp:1785043800000,1785043800000,1785044700000,2026-07-26T05:30:00Z,UP,YES,,1.0998,official-venue-resolution,false,false,false,,
bnb,bnb:1785044700000,1785044700000,1785045600000,2026-07-26T05:45:00Z,DOWN,NO,,570.93,official-venue-resolution,false,false,false,,
btc,btc:1785044700000,1785044700000,1785045600000,2026-07-26T05:45:00Z,DOWN,NO,,64364.31,official-venue-resolution,false,false,false,,
doge,doge:1785044700000,1785044700000,1785045600000,2026-07-26T05:45:00Z,DOWN,NO,,0.0733391,official-venue-resolution,false,false,false,,
eth,eth:1785044700000,1785044700000,1785045600000,2026-07-26T05:45:00Z,DOWN,NO,,1882.56,official-venue-resolution,false,false,false,,
hype,hype:1785044700000,1785044700000,1785045600000,2026-07-26T05:45:00Z,UP,YES,,58.6771,official-venue-resolution,false,false,false,,
sol,sol:1785044700000,1785044700000,1785045600000,2026-07-26T05:45:00Z,DOWN,NO,,74.9693,official-venue-resolution,false,false,false,,
xrp,xrp:1785044700000,1785044700000,1785045600000,2026-07-26T05:45:00Z,DOWN,NO,,1.0988,official-venue-resolution,false,false,false,,
bnb,bnb:1785045600000,1785045600000,1785046500000,2026-07-26T06:00:00Z,DOWN,NO,,570.59,official-venue-resolution,false,false,false,,
btc,btc:1785045600000,1785045600000,1785046500000,2026-07-26T06:00:00Z,DOWN,NO,,64295.33,official-venue-resolution,false,false,false,,
doge,doge:1785045600000,1785045600000,1785046500000,2026-07-26T06:00:00Z,DOWN,NO,,0.0730639,official-venue-resolution,false,false,false,,
eth,eth:1785045600000,1785045600000,1785046500000,2026-07-26T06:00:00Z,DOWN,NO,,1880.01,official-venue-resolution,false,false,false,,
hype,hype:1785045600000,1785045600000,1785046500000,2026-07-26T06:00:00Z,DOWN,NO,,58.5831,official-venue-resolution,false,false,false,,
sol,sol:1785045600000,1785045600000,1785046500000,2026-07-26T06:00:00Z,DOWN,NO,,74.8207,official-venue-resolution,false,false,false,,
xrp,xrp:1785045600000,1785045600000,1785046500000,2026-07-26T06:00:00Z,DOWN,NO,,1.0967,official-venue-resolution,false,false,false,,
bnb,bnb:1785046500000,1785046500000,1785047400000,2026-07-26T06:15:00Z,DOWN,NO,,570.17,official-venue-resolution,false,false,false,,
btc,btc:1785046500000,1785046500000,1785047400000,2026-07-26T06:15:00Z,DOWN,NO,,64245.14,official-venue-resolution,false,false,false,,
doge,doge:1785046500000,1785046500000,1785047400000,2026-07-26T06:15:00Z,DOWN,NO,,0.0727308,official-venue-resolution,false,false,false,,
eth,eth:1785046500000,1785046500000,1785047400000,2026-07-26T06:15:00Z,DOWN,NO,,1877.31,official-venue-resolution,false,false,false,,
hype,hype:1785046500000,1785046500000,1785047400000,2026-07-26T06:15:00Z,DOWN,NO,,58.4356,official-venue-resolution,false,false,false,,
sol,sol:1785046500000,1785046500000,1785047400000,2026-07-26T06:15:00Z,DOWN,NO,,74.711,official-venue-resolution,false,false,false,,
xrp,xrp:1785046500000,1785046500000,1785047400000,2026-07-26T06:15:00Z,DOWN,NO,,1.0953,official-venue-resolution,false,false,false,,
bnb,bnb:1785047400000,1785047400000,1785048300000,2026-07-26T06:30:00Z,UP,YES,,570.86,official-venue-resolution,false,false,false,,
btc,btc:1785047400000,1785047400000,1785048300000,2026-07-26T06:30:00Z,UP,YES,,64316.26,official-venue-resolution,false,false,false,,
doge,doge:1785047400000,1785047400000,1785048300000,2026-07-26T06:30:00Z,UP,YES,,0.0728997,official-venue-resolution,false,false,false,,
eth,eth:1785047400000,1785047400000,1785048300000,2026-07-26T06:30:00Z,UP,YES,,1880.8,official-venue-resolution,false,false,false,,
hype,hype:1785047400000,1785047400000,1785048300000,2026-07-26T06:30:00Z,UP,YES,,58.6928,official-venue-resolution,false,false,false,,
sol,sol:1785047400000,1785047400000,1785048300000,2026-07-26T06:30:00Z,UP,YES,,74.8637,official-venue-resolution,false,false,false,,
xrp,xrp:1785047400000,1785047400000,1785048300000,2026-07-26T06:30:00Z,UP,YES,,1.0978,official-venue-resolution,false,false,false,,
bnb,bnb:1785048300000,1785048300000,1785049200000,2026-07-26T06:45:00Z,UP,YES,,571.97,official-venue-resolution,false,false,false,,
btc,btc:1785048300000,1785048300000,1785049200000,2026-07-26T06:45:00Z,UP,YES,,64379.33,official-venue-resolution,false,false,false,,
doge,doge:1785048300000,1785048300000,1785049200000,2026-07-26T06:45:00Z,UP,YES,,0.0734549,official-venue-resolution,false,false,false,,
eth,eth:1785048300000,1785048300000,1785049200000,2026-07-26T06:45:00Z,UP,YES,,1883.81,official-venue-resolution,false,false,false,,
hype,hype:1785048300000,1785048300000,1785049200000,2026-07-26T06:45:00Z,DOWN,NO,,58.6299,official-venue-resolution,false,false,false,,
sol,sol:1785048300000,1785048300000,1785049200000,2026-07-26T06:45:00Z,UP,YES,,75.0685,official-venue-resolution,false,false,false,,
xrp,xrp:1785048300000,1785048300000,1785049200000,2026-07-26T06:45:00Z,UP,YES,,1.0994,official-venue-resolution,false,false,false,,
bnb,bnb:1785049200000,1785049200000,1785050100000,2026-07-26T07:00:00Z,DOWN,NO,,571.84,official-venue-resolution,false,false,false,,
btc,btc:1785049200000,1785049200000,1785050100000,2026-07-26T07:00:00Z,DOWN,NO,,64358.34,official-venue-resolution,false,false,false,,
doge,doge:1785049200000,1785049200000,1785050100000,2026-07-26T07:00:00Z,UP,YES,,0.0737483,official-venue-resolution,false,false,false,,
eth,eth:1785049200000,1785049200000,1785050100000,2026-07-26T07:00:00Z,DOWN,NO,,1883.26,official-venue-resolution,false,false,false,,
hype,hype:1785049200000,1785049200000,1785050100000,2026-07-26T07:00:00Z,UP,YES,,58.6814,official-venue-resolution,false,false,false,,
sol,sol:1785049200000,1785049200000,1785050100000,2026-07-26T07:00:00Z,DOWN,NO,,74.9633,official-venue-resolution,false,false,false,,
xrp,xrp:1785049200000,1785049200000,1785050100000,2026-07-26T07:00:00Z,UP,YES,,1.0998,official-venue-resolution,false,false,false,,
bnb,bnb:1785050100000,1785050100000,1785051000000,2026-07-26T07:15:00Z,DOWN,NO,,571.13,official-venue-resolution,false,false,false,,
btc,btc:1785050100000,1785050100000,1785051000000,2026-07-26T07:15:00Z,DOWN,NO,,64315.22,official-venue-resolution,false,false,false,,
doge,doge:1785050100000,1785050100000,1785051000000,2026-07-26T07:15:00Z,DOWN,NO,,0.0734219,official-venue-resolution,false,false,false,,
eth,eth:1785050100000,1785050100000,1785051000000,2026-07-26T07:15:00Z,DOWN,NO,,1882.16,official-venue-resolution,false,false,false,,
hype,hype:1785050100000,1785050100000,1785051000000,2026-07-26T07:15:00Z,UP,YES,,58.7594,official-venue-resolution,false,false,false,,
sol,sol:1785050100000,1785050100000,1785051000000,2026-07-26T07:15:00Z,DOWN,NO,,74.8997,official-venue-resolution,false,false,false,,
xrp,xrp:1785050100000,1785050100000,1785051000000,2026-07-26T07:15:00Z,DOWN,NO,,1.0983,official-venue-resolution,false,false,false,,
bnb,bnb:1785051000000,1785051000000,1785051900000,2026-07-26T07:30:00Z,UP,YES,,571.39,official-venue-resolution,false,false,false,,
btc,btc:1785051000000,1785051000000,1785051900000,2026-07-26T07:30:00Z,DOWN,NO,,64306.98,official-venue-resolution,false,false,false,,
doge,doge:1785051000000,1785051000000,1785051900000,2026-07-26T07:30:00Z,DOWN,NO,,0.0732292,official-venue-resolution,false,false,false,,
eth,eth:1785051000000,1785051000000,1785051900000,2026-07-26T07:30:00Z,DOWN,NO,,1879.78,official-venue-resolution,false,false,false,,
hype,hype:1785051000000,1785051000000,1785051900000,2026-07-26T07:30:00Z,DOWN,NO,,58.6834,official-venue-resolution,false,false,false,,
sol,sol:1785051000000,1785051000000,1785051900000,2026-07-26T07:30:00Z,DOWN,NO,,74.8688,official-venue-resolution,false,false,false,,
xrp,xrp:1785051000000,1785051000000,1785051900000,2026-07-26T07:30:00Z,DOWN,NO,,1.0976,official-venue-resolution,false,false,false,,
bnb,bnb:1785051900000,1785051900000,1785052800000,2026-07-26T07:45:00Z,DOWN,NO,,571.25,official-venue-resolution,false,false,false,,
btc,btc:1785051900000,1785051900000,1785052800000,2026-07-26T07:45:00Z,UP,YES,,64312.98,official-venue-resolution,false,false,false,,
doge,doge:1785051900000,1785051900000,1785052800000,2026-07-26T07:45:00Z,UP,NO,,0.073192,official-venue-resolution,true,false,true,,
eth,eth:1785051900000,1785051900000,1785052800000,2026-07-26T07:45:00Z,UP,YES,,1879.97,official-venue-resolution,false,false,false,,
hype,hype:1785051900000,1785051900000,1785052800000,2026-07-26T07:45:00Z,DOWN,NO,,58.6273,official-venue-resolution,false,false,false,,
sol,sol:1785051900000,1785051900000,1785052800000,2026-07-26T07:45:00Z,DOWN,NO,,74.8165,official-venue-resolution,false,false,false,,
xrp,xrp:1785051900000,1785051900000,1785052800000,2026-07-26T07:45:00Z,UP,YES,,1.0979,official-venue-resolution,false,false,false,,
bnb,bnb:1785052800000,1785052800000,1785053700000,2026-07-26T08:00:00Z,UP,YES,,571.28,official-venue-resolution,false,false,false,,
btc,btc:1785052800000,1785052800000,1785053700000,2026-07-26T08:00:00Z,UP,YES,,64330.65,official-venue-resolution,false,false,false,,
doge,doge:1785052800000,1785052800000,1785053700000,2026-07-26T08:00:00Z,UP,YES,,0.0732794,official-venue-resolution,false,false,false,,
eth,eth:1785052800000,1785052800000,1785053700000,2026-07-26T08:00:00Z,DOWN,NO,,1879.16,official-venue-resolution,false,false,false,,
hype,hype:1785052800000,1785052800000,1785053700000,2026-07-26T08:00:00Z,DOWN,NO,,58.5376,official-venue-resolution,false,false,false,,
sol,sol:1785052800000,1785052800000,1785053700000,2026-07-26T08:00:00Z,UP,YES,,74.8747,official-venue-resolution,false,false,false,,
xrp,xrp:1785052800000,1785052800000,1785053700000,2026-07-26T08:00:00Z,UP,YES,,1.0982,official-venue-resolution,false,false,false,,
bnb,bnb:1785053700000,1785053700000,1785054600000,2026-07-26T08:15:00Z,UP,NO,,571.16,official-venue-resolution,true,false,true,,
btc,btc:1785053700000,1785053700000,1785054600000,2026-07-26T08:15:00Z,UP,YES,,64339.36,official-venue-resolution,false,false,false,,
doge,doge:1785053700000,1785053700000,1785054600000,2026-07-26T08:15:00Z,UP,YES,,0.0735865,official-venue-resolution,false,false,false,,
eth,eth:1785053700000,1785053700000,1785054600000,2026-07-26T08:15:00Z,UP,NO,,1878.81,official-venue-resolution,true,false,true,,
hype,hype:1785053700000,1785053700000,1785054600000,2026-07-26T08:15:00Z,DOWN,NO,,58.4746,official-venue-resolution,false,false,false,,
sol,sol:1785053700000,1785053700000,1785054600000,2026-07-26T08:15:00Z,DOWN,NO,,74.8402,official-venue-resolution,false,false,false,,
xrp,xrp:1785053700000,1785053700000,1785054600000,2026-07-26T08:15:00Z,UP,YES,,1.0984,official-venue-resolution,false,false,false,,
bnb,bnb:1785054600000,1785054600000,1785055500000,2026-07-26T08:30:00Z,DOWN,NO,,571.08,official-venue-resolution,false,false,false,,
btc,btc:1785054600000,1785054600000,1785055500000,2026-07-26T08:30:00Z,UP,YES,,64382.47,official-venue-resolution,false,false,false,,
doge,doge:1785054600000,1785054600000,1785055500000,2026-07-26T08:30:00Z,DOWN,NO,,0.0734157,official-venue-resolution,false,false,false,,
eth,eth:1785054600000,1785054600000,1785055500000,2026-07-26T08:30:00Z,UP,YES,,1880.22,official-venue-resolution,false,false,false,,
hype,hype:1785054600000,1785054600000,1785055500000,2026-07-26T08:30:00Z,DOWN,NO,,58.4212,official-venue-resolution,false,false,false,,
sol,sol:1785054600000,1785054600000,1785055500000,2026-07-26T08:30:00Z,UP,YES,,74.8747,official-venue-resolution,false,false,false,,
xrp,xrp:1785054600000,1785054600000,1785055500000,2026-07-26T08:30:00Z,DOWN,YES,,1.0984,official-venue-resolution,true,true,false,,
bnb,bnb:1785055500000,1785055500000,1785056400000,2026-07-26T08:45:00Z,UP,YES,,571.34,official-venue-resolution,false,false,false,,
btc,btc:1785055500000,1785055500000,1785056400000,2026-07-26T08:45:00Z,UP,YES,,64423.2,official-venue-resolution,false,false,false,,
doge,doge:1785055500000,1785055500000,1785056400000,2026-07-26T08:45:00Z,DOWN,NO,,0.0733877,official-venue-resolution,false,false,false,,
eth,eth:1785055500000,1785055500000,1785056400000,2026-07-26T08:45:00Z,DOWN,YES,,1880.34,official-venue-resolution,true,true,false,,
hype,hype:1785055500000,1785055500000,1785056400000,2026-07-26T08:45:00Z,UP,YES,,58.5102,official-venue-resolution,false,false,false,,
sol,sol:1785055500000,1785055500000,1785056400000,2026-07-26T08:45:00Z,UP,YES,,74.955,official-venue-resolution,false,false,false,,
xrp,xrp:1785055500000,1785055500000,1785056400000,2026-07-26T08:45:00Z,UP,YES,,1.0988,official-venue-resolution,false,false,false,,
bnb,bnb:1785056400000,1785056400000,1785057300000,2026-07-26T09:00:00Z,DOWN,NO,,571.28,official-venue-resolution,false,false,false,,
btc,btc:1785056400000,1785056400000,1785057300000,2026-07-26T09:00:00Z,UP,YES,,64439.02,official-venue-resolution,false,false,false,,
doge,doge:1785056400000,1785056400000,1785057300000,2026-07-26T09:00:00Z,DOWN,NO,,0.0732979,official-venue-resolution,false,false,false,,
eth,eth:1785056400000,1785056400000,1785057300000,2026-07-26T09:00:00Z,UP,YES,,1880.93,official-venue-resolution,false,false,false,,
hype,hype:1785056400000,1785056400000,1785057300000,2026-07-26T09:00:00Z,UP,YES,,58.7042,official-venue-resolution,false,false,false,,
sol,sol:1785056400000,1785056400000,1785057300000,2026-07-26T09:00:00Z,UP,YES,,74.9815,official-venue-resolution,false,false,false,,
xrp,xrp:1785056400000,1785056400000,1785057300000,2026-07-26T09:00:00Z,UP,YES,,1.0994,official-venue-resolution,false,false,false,,
bnb,bnb:1785057300000,1785057300000,1785058200000,2026-07-26T09:15:00Z,DOWN,NO,,570.96,official-venue-resolution,false,false,false,,
btc,btc:1785057300000,1785057300000,1785058200000,2026-07-26T09:15:00Z,UP,YES,,64474.18,official-venue-resolution,false,false,false,,
doge,doge:1785057300000,1785057300000,1785058200000,2026-07-26T09:15:00Z,DOWN,NO,,0.0730896,official-venue-resolution,false,false,false,,
eth,eth:1785057300000,1785057300000,1785058200000,2026-07-26T09:15:00Z,UP,YES,,1882.77,official-venue-resolution,false,false,false,,
hype,hype:1785057300000,1785057300000,1785058200000,2026-07-26T09:15:00Z,UP,YES,,58.7462,official-venue-resolution,false,false,false,,
sol,sol:1785057300000,1785057300000,1785058200000,2026-07-26T09:15:00Z,UP,YES,,75.0198,official-venue-resolution,false,false,false,,
xrp,xrp:1785057300000,1785057300000,1785058200000,2026-07-26T09:15:00Z,DOWN,NO,,1.0993,official-venue-resolution,false,false,false,,
bnb,bnb:1785058200000,1785058200000,1785059100000,2026-07-26T09:30:00Z,UP,YES,,571.07,official-venue-resolution,false,false,false,,
btc,btc:1785058200000,1785058200000,1785059100000,2026-07-26T09:30:00Z,UP,YES,,64481.91,official-venue-resolution,false,false,false,,
doge,doge:1785058200000,1785058200000,1785059100000,2026-07-26T09:30:00Z,UP,YES,,0.0732469,official-venue-resolution,false,false,false,,
eth,eth:1785058200000,1785058200000,1785059100000,2026-07-26T09:30:00Z,UP,YES,,1883.47,official-venue-resolution,false,false,false,,
hype,hype:1785058200000,1785058200000,1785059100000,2026-07-26T09:30:00Z,DOWN,NO,,58.7394,official-venue-resolution,false,false,false,,
sol,sol:1785058200000,1785058200000,1785059100000,2026-07-26T09:30:00Z,UP,YES,,75.1167,official-venue-resolution,false,false,false,,
xrp,xrp:1785058200000,1785058200000,1785059100000,2026-07-26T09:30:00Z,DOWN,NO,,1.0991,official-venue-resolution,false,false,false,,
bnb,bnb:1785059100000,1785059100000,1785060000000,2026-07-26T09:45:00Z,UP,YES,,571.13,official-venue-resolution,false,false,false,,
btc,btc:1785059100000,1785059100000,1785060000000,2026-07-26T09:45:00Z,DOWN,NO,,64476.72,official-venue-resolution,false,false,false,,
doge,doge:1785059100000,1785059100000,1785060000000,2026-07-26T09:45:00Z,DOWN,NO,,0.0732198,official-venue-resolution,false,false,false,,
eth,eth:1785059100000,1785059100000,1785060000000,2026-07-26T09:45:00Z,DOWN,NO,,1882.57,official-venue-resolution,false,false,false,,
hype,hype:1785059100000,1785059100000,1785060000000,2026-07-26T09:45:00Z,DOWN,NO,,58.6842,official-venue-resolution,false,false,false,,
sol,sol:1785059100000,1785059100000,1785060000000,2026-07-26T09:45:00Z,DOWN,NO,,75.02,official-venue-resolution,false,false,false,,
xrp,xrp:1785059100000,1785059100000,1785060000000,2026-07-26T09:45:00Z,DOWN,YES,,1.0991,official-venue-resolution,true,true,false,,
bnb,bnb:1785060000000,1785060000000,1785060900000,2026-07-26T10:00:00Z,DOWN,NO,,570.92,official-venue-resolution,false,false,false,,
btc,btc:1785060000000,1785060000000,1785060900000,2026-07-26T10:00:00Z,DOWN,NO,,64453.23,official-venue-resolution,false,false,false,,
doge,doge:1785060000000,1785060000000,1785060900000,2026-07-26T10:00:00Z,UP,YES,,0.0733044,official-venue-resolution,false,false,false,,
eth,eth:1785060000000,1785060000000,1785060900000,2026-07-26T10:00:00Z,UP,YES,,1883.8,official-venue-resolution,false,false,false,,
hype,hype:1785060000000,1785060000000,1785060900000,2026-07-26T10:00:00Z,UP,YES,,58.8595,official-venue-resolution,false,false,false,,
sol,sol:1785060000000,1785060000000,1785060900000,2026-07-26T10:00:00Z,UP,YES,,75.0977,official-venue-resolution,false,false,false,,
xrp,xrp:1785060000000,1785060000000,1785060900000,2026-07-26T10:00:00Z,UP,YES,,1.0994,official-venue-resolution,false,false,false,,
bnb,bnb:1785060900000,1785060900000,1785061800000,2026-07-26T10:15:00Z,DOWN,NO,,570.6,official-venue-resolution,false,false,false,,
btc,btc:1785060900000,1785060900000,1785061800000,2026-07-26T10:15:00Z,UP,YES,,64462.24,official-venue-resolution,false,false,false,,
doge,doge:1785060900000,1785060900000,1785061800000,2026-07-26T10:15:00Z,DOWN,NO,,0.0732183,official-venue-resolution,false,false,false,,
eth,eth:1785060900000,1785060900000,1785061800000,2026-07-26T10:15:00Z,UP,YES,,1884.18,official-venue-resolution,false,false,false,,
hype,hype:1785060900000,1785060900000,1785061800000,2026-07-26T10:15:00Z,DOWN,NO,,58.8126,official-venue-resolution,false,false,false,,
sol,sol:1785060900000,1785060900000,1785061800000,2026-07-26T10:15:00Z,DOWN,NO,,75.08,official-venue-resolution,false,false,false,,
xrp,xrp:1785060900000,1785060900000,1785061800000,2026-07-26T10:15:00Z,UP,YES,,1.1,official-venue-resolution,false,false,false,,
bnb,bnb:1785061800000,1785061800000,1785062700000,2026-07-26T10:30:00Z,UP,YES,,570.98,official-venue-resolution,false,false,false,,
btc,btc:1785061800000,1785061800000,1785062700000,2026-07-26T10:30:00Z,UP,YES,,64492.5,official-venue-resolution,false,false,false,,
doge,doge:1785061800000,1785061800000,1785062700000,2026-07-26T10:30:00Z,UP,YES,,0.0733198,official-venue-resolution,false,false,false,,
eth,eth:1785061800000,1785061800000,1785062700000,2026-07-26T10:30:00Z,UP,YES,,1885.53,official-venue-resolution,false,false,false,,
hype,hype:1785061800000,1785061800000,1785062700000,2026-07-26T10:30:00Z,UP,YES,,58.8359,official-venue-resolution,false,false,false,,
sol,sol:1785061800000,1785061800000,1785062700000,2026-07-26T10:30:00Z,UP,YES,,75.1585,official-venue-resolution,false,false,false,,
xrp,xrp:1785061800000,1785061800000,1785062700000,2026-07-26T10:30:00Z,UP,YES,,1.1007,official-venue-resolution,false,false,false,,
bnb,bnb:1785062700000,1785062700000,1785063600000,2026-07-26T10:45:00Z,DOWN,NO,,570.64,official-venue-resolution,false,false,false,,
btc,btc:1785062700000,1785062700000,1785063600000,2026-07-26T10:45:00Z,DOWN,NO,,64462.07,official-venue-resolution,false,false,false,,
doge,doge:1785062700000,1785062700000,1785063600000,2026-07-26T10:45:00Z,DOWN,NO,,0.0732225,official-venue-resolution,false,false,false,,
eth,eth:1785062700000,1785062700000,1785063600000,2026-07-26T10:45:00Z,DOWN,NO,,1884.57,official-venue-resolution,false,false,false,,
hype,hype:1785062700000,1785062700000,1785063600000,2026-07-26T10:45:00Z,DOWN,NO,,58.7596,official-venue-resolution,false,false,false,,
sol,sol:1785062700000,1785062700000,1785063600000,2026-07-26T10:45:00Z,DOWN,NO,,75.07,official-venue-resolution,false,false,false,,
xrp,xrp:1785062700000,1785062700000,1785063600000,2026-07-26T10:45:00Z,DOWN,NO,,1.1,official-venue-resolution,false,false,false,,
bnb,bnb:1785063600000,1785063600000,1785064500000,2026-07-26T11:00:00Z,DOWN,YES,,570.65,official-venue-resolution,true,true,false,,
btc,btc:1785063600000,1785063600000,1785064500000,2026-07-26T11:00:00Z,DOWN,NO,,64453.24,official-venue-resolution,false,false,false,,
doge,doge:1785063600000,1785063600000,1785064500000,2026-07-26T11:00:00Z,DOWN,NO,,0.0731824,official-venue-resolution,false,false,false,,
eth,eth:1785063600000,1785063600000,1785064500000,2026-07-26T11:00:00Z,UP,YES,,1885.14,official-venue-resolution,false,false,false,,
hype,hype:1785063600000,1785063600000,1785064500000,2026-07-26T11:00:00Z,DOWN,NO,,58.7541,official-venue-resolution,false,false,false,,
sol,sol:1785063600000,1785063600000,1785064500000,2026-07-26T11:00:00Z,DOWN,NO,,75.053,official-venue-resolution,false,false,false,,
xrp,xrp:1785063600000,1785063600000,1785064500000,2026-07-26T11:00:00Z,DOWN,YES,,1.1001,official-venue-resolution,true,true,false,,
bnb,bnb:1785064500000,1785064500000,1785065400000,2026-07-26T11:15:00Z,UP,NO,,570.61,official-venue-resolution,true,false,true,,
btc,btc:1785064500000,1785064500000,1785065400000,2026-07-26T11:15:00Z,DOWN,NO,,64448.45,official-venue-resolution,false,false,false,,
doge,doge:1785064500000,1785064500000,1785065400000,2026-07-26T11:15:00Z,UP,YES,,0.0733692,official-venue-resolution,false,false,false,,
eth,eth:1785064500000,1785064500000,1785065400000,2026-07-26T11:15:00Z,UP,YES,,1885.71,official-venue-resolution,false,false,false,,
hype,hype:1785064500000,1785064500000,1785065400000,2026-07-26T11:15:00Z,UP,YES,,58.8204,official-venue-resolution,false,false,false,,
sol,sol:1785064500000,1785064500000,1785065400000,2026-07-26T11:15:00Z,DOWN,NO,,75.0192,official-venue-resolution,false,false,false,,
xrp,xrp:1785064500000,1785064500000,1785065400000,2026-07-26T11:15:00Z,UP,YES,,1.1001,official-venue-resolution,false,false,false,,
bnb,bnb:1785065400000,1785065400000,1785066300000,2026-07-26T11:30:00Z,DOWN,NO,,570.4,official-venue-resolution,false,false,false,,
btc,btc:1785065400000,1785065400000,1785066300000,2026-07-26T11:30:00Z,DOWN,NO,,64438.52,official-venue-resolution,false,false,false,,
doge,doge:1785065400000,1785065400000,1785066300000,2026-07-26T11:30:00Z,DOWN,NO,,0.0731695,official-venue-resolution,false,false,false,,
eth,eth:1785065400000,1785065400000,1785066300000,2026-07-26T11:30:00Z,DOWN,NO,,1885.23,official-venue-resolution,false,false,false,,
hype,hype:1785065400000,1785065400000,1785066300000,2026-07-26T11:30:00Z,DOWN,NO,,58.5893,official-venue-resolution,false,false,false,,
sol,sol:1785065400000,1785065400000,1785066300000,2026-07-26T11:30:00Z,DOWN,NO,,74.9152,official-venue-resolution,false,false,false,,
xrp,xrp:1785065400000,1785065400000,1785066300000,2026-07-26T11:30:00Z,DOWN,NO,,1.0996,official-venue-resolution,false,false,false,,
bnb,bnb:1785066300000,1785066300000,1785067200000,2026-07-26T11:45:00Z,UP,NO,,570.34,official-venue-resolution,true,false,true,,
btc,btc:1785066300000,1785066300000,1785067200000,2026-07-26T11:45:00Z,UP,YES,,64451.98,official-venue-resolution,false,false,false,,
doge,doge:1785066300000,1785066300000,1785067200000,2026-07-26T11:45:00Z,UP,NO,,0.0731561,official-venue-resolution,true,false,true,,
eth,eth:1785066300000,1785066300000,1785067200000,2026-07-26T11:45:00Z,DOWN,NO,,1884.52,official-venue-resolution,false,false,false,,
hype,hype:1785066300000,1785066300000,1785067200000,2026-07-26T11:45:00Z,UP,YES,,58.6068,official-venue-resolution,false,false,false,,
sol,sol:1785066300000,1785066300000,1785067200000,2026-07-26T11:45:00Z,UP,NO,,74.8853,official-venue-resolution,true,false,true,,
xrp,xrp:1785066300000,1785066300000,1785067200000,2026-07-26T11:45:00Z,UP,YES,,1.0997,official-venue-resolution,false,false,false,,
bnb,bnb:1785067200000,1785067200000,1785068100000,2026-07-26T12:00:00Z,UP,YES,,571.43,official-venue-resolution,false,false,false,,
btc,btc:1785067200000,1785067200000,1785068100000,2026-07-26T12:00:00Z,UP,YES,,64555.54,official-venue-resolution,false,false,false,,
doge,doge:1785067200000,1785067200000,1785068100000,2026-07-26T12:00:00Z,UP,YES,,0.07322,official-venue-resolution,false,false,false,,
eth,eth:1785067200000,1785067200000,1785068100000,2026-07-26T12:00:00Z,UP,YES,,1889.17,official-venue-resolution,false,false,false,,
hype,hype:1785067200000,1785067200000,1785068100000,2026-07-26T12:00:00Z,UP,YES,,58.7248,official-venue-resolution,false,false,false,,
sol,sol:1785067200000,1785067200000,1785068100000,2026-07-26T12:00:00Z,UP,YES,,74.9862,official-venue-resolution,false,false,false,,
xrp,xrp:1785067200000,1785067200000,1785068100000,2026-07-26T12:00:00Z,UP,YES,,1.1003,official-venue-resolution,false,false,false,,
bnb,bnb:1785068100000,1785068100000,1785069000000,2026-07-26T12:15:00Z,DOWN,NO,,571.22,official-venue-resolution,false,false,false,,
btc,btc:1785068100000,1785068100000,1785069000000,2026-07-26T12:15:00Z,DOWN,NO,,64521.84,official-venue-resolution,false,false,false,,
doge,doge:1785068100000,1785068100000,1785069000000,2026-07-26T12:15:00Z,UP,YES,,0.0732771,official-venue-resolution,false,false,false,,
eth,eth:1785068100000,1785068100000,1785069000000,2026-07-26T12:15:00Z,DOWN,NO,,1888.76,official-venue-resolution,false,false,false,,
hype,hype:1785068100000,1785068100000,1785069000000,2026-07-26T12:15:00Z,UP,YES,,58.7918,official-venue-resolution,false,false,false,,
sol,sol:1785068100000,1785068100000,1785069000000,2026-07-26T12:15:00Z,DOWN,NO,,74.94,official-venue-resolution,false,false,false,,
xrp,xrp:1785068100000,1785068100000,1785069000000,2026-07-26T12:15:00Z,DOWN,NO,,1.1002,official-venue-resolution,false,false,false,,
bnb,bnb:1785069000000,1785069000000,1785069900000,2026-07-26T12:30:00Z,DOWN,NO,,570.04,official-venue-resolution,false,false,false,,
btc,btc:1785069000000,1785069000000,1785069900000,2026-07-26T12:30:00Z,DOWN,NO,,64449.64,official-venue-resolution,false,false,false,,
doge,doge:1785069000000,1785069000000,1785069900000,2026-07-26T12:30:00Z,DOWN,NO,,0.0732187,official-venue-resolution,false,false,false,,
eth,eth:1785069000000,1785069000000,1785069900000,2026-07-26T12:30:00Z,DOWN,NO,,1886.67,official-venue-resolution,false,false,false,,
hype,hype:1785069000000,1785069000000,1785069900000,2026-07-26T12:30:00Z,DOWN,NO,,58.699,official-venue-resolution,false,false,false,,
sol,sol:1785069000000,1785069000000,1785069900000,2026-07-26T12:30:00Z,DOWN,NO,,74.803,official-venue-resolution,false,false,false,,
xrp,xrp:1785069000000,1785069000000,1785069900000,2026-07-26T12:30:00Z,DOWN,NO,,1.0987,official-venue-resolution,false,false,false,,
bnb,bnb:1785069900000,1785069900000,1785070800000,2026-07-26T12:45:00Z,UP,YES,,570.46,official-venue-resolution,false,false,false,,
btc,btc:1785069900000,1785069900000,1785070800000,2026-07-26T12:45:00Z,DOWN,NO,,64410.9,official-venue-resolution,false,false,false,,
doge,doge:1785069900000,1785069900000,1785070800000,2026-07-26T12:45:00Z,DOWN,YES,,0.0732241,official-venue-resolution,true,true,false,,
eth,eth:1785069900000,1785069900000,1785070800000,2026-07-26T12:45:00Z,DOWN,NO,,1885.5,official-venue-resolution,false,false,false,,
hype,hype:1785069900000,1785069900000,1785070800000,2026-07-26T12:45:00Z,DOWN,YES,,58.7121,official-venue-resolution,true,true,false,,
sol,sol:1785069900000,1785069900000,1785070800000,2026-07-26T12:45:00Z,UP,YES,,74.82,official-venue-resolution,false,false,false,,
xrp,xrp:1785069900000,1785069900000,1785070800000,2026-07-26T12:45:00Z,DOWN,NO,,1.0981,official-venue-resolution,false,false,false,,
bnb,bnb:1785070800000,1785070800000,1785071700000,2026-07-26T13:00:00Z,DOWN,NO,,570.04,official-venue-resolution,false,false,false,,
btc,btc:1785070800000,1785070800000,1785071700000,2026-07-26T13:00:00Z,DOWN,NO,,64367.42,official-venue-resolution,false,false,false,,
doge,doge:1785070800000,1785070800000,1785071700000,2026-07-26T13:00:00Z,DOWN,NO,,0.0730277,official-venue-resolution,false,false,false,,
eth,eth:1785070800000,1785070800000,1785071700000,2026-07-26T13:00:00Z,DOWN,NO,,1881.9,official-venue-resolution,false,false,false,,
hype,hype:1785070800000,1785070800000,1785071700000,2026-07-26T13:00:00Z,DOWN,NO,,58.5259,official-venue-resolution,false,false,false,,
sol,sol:1785070800000,1785070800000,1785071700000,2026-07-26T13:00:00Z,DOWN,NO,,74.7493,official-venue-resolution,false,false,false,,
xrp,xrp:1785070800000,1785070800000,1785071700000,2026-07-26T13:00:00Z,DOWN,NO,,1.0957,official-venue-resolution,false,false,false,,
bnb,bnb:1785071700000,1785071700000,1785072600000,2026-07-26T13:15:00Z,DOWN,NO,,569.98,official-venue-resolution,false,false,false,,
btc,btc:1785071700000,1785071700000,1785072600000,2026-07-26T13:15:00Z,UP,YES,,64412.86,official-venue-resolution,false,false,false,,
doge,doge:1785071700000,1785071700000,1785072600000,2026-07-26T13:15:00Z,DOWN,NO,,0.0728895,official-venue-resolution,false,false,false,,
eth,eth:1785071700000,1785071700000,1785072600000,2026-07-26T13:15:00Z,UP,YES,,1884.48,official-venue-resolution,false,false,false,,
hype,hype:1785071700000,1785071700000,1785072600000,2026-07-26T13:15:00Z,UP,YES,,58.6459,official-venue-resolution,false,false,false,,
sol,sol:1785071700000,1785071700000,1785072600000,2026-07-26T13:15:00Z,UP,YES,,74.8197,official-venue-resolution,false,false,false,,
xrp,xrp:1785071700000,1785071700000,1785072600000,2026-07-26T13:15:00Z,UP,YES,,1.0961,official-venue-resolution,false,false,false,,
bnb,bnb:1785072600000,1785072600000,1785073500000,2026-07-26T13:30:00Z,UP,YES,,570.5,official-venue-resolution,false,false,false,,
btc,btc:1785072600000,1785072600000,1785073500000,2026-07-26T13:30:00Z,UP,YES,,64488.23,official-venue-resolution,false,false,false,,
doge,doge:1785072600000,1785072600000,1785073500000,2026-07-26T13:30:00Z,UP,YES,,0.073013,official-venue-resolution,false,false,false,,
eth,eth:1785072600000,1785072600000,1785073500000,2026-07-26T13:30:00Z,UP,YES,,1886.74,official-venue-resolution,false,false,false,,
hype,hype:1785072600000,1785072600000,1785073500000,2026-07-26T13:30:00Z,UP,YES,,58.6655,official-venue-resolution,false,false,false,,
sol,sol:1785072600000,1785072600000,1785073500000,2026-07-26T13:30:00Z,UP,YES,,74.8872,official-venue-resolution,false,false,false,,
xrp,xrp:1785072600000,1785072600000,1785073500000,2026-07-26T13:30:00Z,UP,YES,,1.0974,official-venue-resolution,false,false,false,,
bnb,bnb:1785073500000,1785073500000,1785074400000,2026-07-26T13:45:00Z,UP,YES,,571.1,official-venue-resolution,false,false,false,,
btc,btc:1785073500000,1785073500000,1785074400000,2026-07-26T13:45:00Z,DOWN,NO,,64466.74,official-venue-resolution,false,false,false,,
doge,doge:1785073500000,1785073500000,1785074400000,2026-07-26T13:45:00Z,DOWN,NO,,0.0729898,official-venue-resolution,false,false,false,,
eth,eth:1785073500000,1785073500000,1785074400000,2026-07-26T13:45:00Z,DOWN,NO,,1885.47,official-venue-resolution,false,false,false,,
hype,hype:1785073500000,1785073500000,1785074400000,2026-07-26T13:45:00Z,DOWN,NO,,58.6111,official-venue-resolution,false,false,false,,
sol,sol:1785073500000,1785073500000,1785074400000,2026-07-26T13:45:00Z,DOWN,NO,,74.8775,official-venue-resolution,false,false,false,,
xrp,xrp:1785073500000,1785073500000,1785074400000,2026-07-26T13:45:00Z,DOWN,NO,,1.097,official-venue-resolution,false,false,false,,
bnb,bnb:1785074400000,1785074400000,1785075300000,2026-07-26T14:00:00Z,UP,YES,,571.63,official-venue-resolution,false,false,false,,
btc,btc:1785074400000,1785074400000,1785075300000,2026-07-26T14:00:00Z,UP,YES,,64640.94,official-venue-resolution,false,false,false,,
doge,doge:1785074400000,1785074400000,1785075300000,2026-07-26T14:00:00Z,UP,YES,,0.0731774,official-venue-resolution,false,false,false,,
eth,eth:1785074400000,1785074400000,1785075300000,2026-07-26T14:00:00Z,UP,YES,,1893.99,official-venue-resolution,false,false,false,,
hype,hype:1785074400000,1785074400000,1785075300000,2026-07-26T14:00:00Z,UP,YES,,58.9006,official-venue-resolution,false,false,false,,
sol,sol:1785074400000,1785074400000,1785075300000,2026-07-26T14:00:00Z,UP,YES,,75.0807,official-venue-resolution,false,false,false,,
xrp,xrp:1785074400000,1785074400000,1785075300000,2026-07-26T14:00:00Z,UP,YES,,1.0991,official-venue-resolution,false,false,false,,
bnb,bnb:1785075300000,1785075300000,1785076200000,2026-07-26T14:15:00Z,DOWN,NO,,571.57,official-venue-resolution,false,false,false,,
btc,btc:1785075300000,1785075300000,1785076200000,2026-07-26T14:15:00Z,DOWN,NO,,64584.42,official-venue-resolution,false,false,false,,
doge,doge:1785075300000,1785075300000,1785076200000,2026-07-26T14:15:00Z,DOWN,NO,,0.0728698,official-venue-resolution,false,false,false,,
eth,eth:1785075300000,1785075300000,1785076200000,2026-07-26T14:15:00Z,DOWN,NO,,1891.59,official-venue-resolution,false,false,false,,
hype,hype:1785075300000,1785075300000,1785076200000,2026-07-26T14:15:00Z,DOWN,NO,,58.7526,official-venue-resolution,false,false,false,,
sol,sol:1785075300000,1785075300000,1785076200000,2026-07-26T14:15:00Z,DOWN,NO,,74.8965,official-venue-resolution,false,false,false,,
xrp,xrp:1785075300000,1785075300000,1785076200000,2026-07-26T14:15:00Z,DOWN,NO,,1.0968,official-venue-resolution,false,false,false,,
bnb,bnb:1785076200000,1785076200000,1785077100000,2026-07-26T14:30:00Z,UP,YES,,571.79,official-venue-resolution,false,false,false,,
btc,btc:1785076200000,1785076200000,1785077100000,2026-07-26T14:30:00Z,UP,YES,,64635.89,official-venue-resolution,false,false,false,,
doge,doge:1785076200000,1785076200000,1785077100000,2026-07-26T14:30:00Z,UP,YES,,0.0728888,official-venue-resolution,false,false,false,,
eth,eth:1785076200000,1785076200000,1785077100000,2026-07-26T14:30:00Z,UP,YES,,1894.9,official-venue-resolution,false,false,false,,
hype,hype:1785076200000,1785076200000,1785077100000,2026-07-26T14:30:00Z,DOWN,NO,,58.6448,official-venue-resolution,false,false,false,,
sol,sol:1785076200000,1785076200000,1785077100000,2026-07-26T14:30:00Z,UP,YES,,74.9307,official-venue-resolution,false,false,false,,
xrp,xrp:1785076200000,1785076200000,1785077100000,2026-07-26T14:30:00Z,DOWN,NO,,1.0962,official-venue-resolution,false,false,false,,
bnb,bnb:1785077100000,1785077100000,1785078000000,2026-07-26T14:45:00Z,UP,YES,,572.36,official-venue-resolution,false,false,false,,
btc,btc:1785077100000,1785077100000,1785078000000,2026-07-26T14:45:00Z,UP,YES,,64660.26,official-venue-resolution,false,false,false,,
doge,doge:1785077100000,1785077100000,1785078000000,2026-07-26T14:45:00Z,UP,YES,,0.0729209,official-venue-resolution,false,false,false,,
eth,eth:1785077100000,1785077100000,1785078000000,2026-07-26T14:45:00Z,UP,YES,,1897.26,official-venue-resolution,false,false,false,,
hype,hype:1785077100000,1785077100000,1785078000000,2026-07-26T14:45:00Z,UP,YES,,58.7517,official-venue-resolution,false,false,false,,
sol,sol:1785077100000,1785077100000,1785078000000,2026-07-26T14:45:00Z,UP,YES,,75.008,official-venue-resolution,false,false,false,,
xrp,xrp:1785077100000,1785077100000,1785078000000,2026-07-26T14:45:00Z,UP,YES,,1.0991,official-venue-resolution,false,false,false,,
bnb,bnb:1785078000000,1785078000000,1785078900000,2026-07-26T15:00:00Z,UP,NO,,572.33,official-venue-resolution,true,false,true,,
btc,btc:1785078000000,1785078000000,1785078900000,2026-07-26T15:00:00Z,DOWN,NO,,64621.44,official-venue-resolution,false,false,false,,
doge,doge:1785078000000,1785078000000,1785078900000,2026-07-26T15:00:00Z,DOWN,NO,,0.072861,official-venue-resolution,false,false,false,,
eth,eth:1785078000000,1785078000000,1785078900000,2026-07-26T15:00:00Z,UP,YES,,1897.89,official-venue-resolution,false,false,false,,
hype,hype:1785078000000,1785078000000,1785078900000,2026-07-26T15:00:00Z,UP,YES,,59.0617,official-venue-resolution,false,false,false,,
sol,sol:1785078000000,1785078000000,1785078900000,2026-07-26T15:00:00Z,DOWN,NO,,74.9357,official-venue-resolution,false,false,false,,
xrp,xrp:1785078000000,1785078000000,1785078900000,2026-07-26T15:00:00Z,UP,YES,,1.0996,official-venue-resolution,false,false,false,,
bnb,bnb:1785078900000,1785078900000,1785079800000,2026-07-26T15:15:00Z,UP,YES,,572.68,official-venue-resolution,false,false,false,,
btc,btc:1785078900000,1785078900000,1785079800000,2026-07-26T15:15:00Z,UP,YES,,64702.75,official-venue-resolution,false,false,false,,
doge,doge:1785078900000,1785078900000,1785079800000,2026-07-26T15:15:00Z,UP,YES,,0.0730027,official-venue-resolution,false,false,false,,
eth,eth:1785078900000,1785078900000,1785079800000,2026-07-26T15:15:00Z,UP,YES,,1905.47,official-venue-resolution,false,false,false,,
hype,hype:1785078900000,1785078900000,1785079800000,2026-07-26T15:15:00Z,DOWN,NO,,59.0347,official-venue-resolution,false,false,false,,
sol,sol:1785078900000,1785078900000,1785079800000,2026-07-26T15:15:00Z,UP,YES,,75.1742,official-venue-resolution,false,false,false,,
xrp,xrp:1785078900000,1785078900000,1785079800000,2026-07-26T15:15:00Z,UP,YES,,1.1019,official-venue-resolution,false,false,false,,
bnb,bnb:1785079800000,1785079800000,1785080700000,2026-07-26T15:30:00Z,UP,YES,,573.03,official-venue-resolution,false,false,false,,
btc,btc:1785079800000,1785079800000,1785080700000,2026-07-26T15:30:00Z,UP,YES,,64745.96,official-venue-resolution,false,false,false,,
doge,doge:1785079800000,1785079800000,1785080700000,2026-07-26T15:30:00Z,UP,YES,,0.0730826,official-venue-resolution,false,false,false,,
eth,eth:1785079800000,1785079800000,1785080700000,2026-07-26T15:30:00Z,UP,YES,,1913.39,official-venue-resolution,false,false,false,,
hype,hype:1785079800000,1785079800000,1785080700000,2026-07-26T15:30:00Z,DOWN,NO,,58.9136,official-venue-resolution,false,false,false,,
sol,sol:1785079800000,1785079800000,1785080700000,2026-07-26T15:30:00Z,UP,YES,,75.3072,official-venue-resolution,false,false,false,,
xrp,xrp:1785079800000,1785079800000,1785080700000,2026-07-26T15:30:00Z,UP,YES,,1.103,official-venue-resolution,false,false,false,,
bnb,bnb:1785080700000,1785080700000,1785081600000,2026-07-26T15:45:00Z,UP,YES,,573.45,official-venue-resolution,false,false,false,,
btc,btc:1785080700000,1785080700000,1785081600000,2026-07-26T15:45:00Z,DOWN,NO,,64712.31,official-venue-resolution,false,false,false,,
doge,doge:1785080700000,1785080700000,1785081600000,2026-07-26T15:45:00Z,DOWN,NO,,0.0730366,official-venue-resolution,false,false,false,,
eth,eth:1785080700000,1785080700000,1785081600000,2026-07-26T15:45:00Z,DOWN,YES,,1913.84,official-venue-resolution,true,true,false,,
hype,hype:1785080700000,1785080700000,1785081600000,2026-07-26T15:45:00Z,UP,YES,,58.9945,official-venue-resolution,false,false,false,,
sol,sol:1785080700000,1785080700000,1785081600000,2026-07-26T15:45:00Z,UP,YES,,75.4307,official-venue-resolution,false,false,false,,
xrp,xrp:1785080700000,1785080700000,1785081600000,2026-07-26T15:45:00Z,UP,YES,,1.104,official-venue-resolution,false,false,false,,
bnb,bnb:1785081600000,1785081600000,1785082500000,2026-07-26T16:00:00Z,DOWN,NO,,572.78,official-venue-resolution,false,false,false,,
btc,btc:1785081600000,1785081600000,1785082500000,2026-07-26T16:00:00Z,DOWN,NO,,64663.1,official-venue-resolution,false,false,false,,
doge,doge:1785081600000,1785081600000,1785082500000,2026-07-26T16:00:00Z,DOWN,NO,,0.0729807,official-venue-resolution,false,false,false,,
eth,eth:1785081600000,1785081600000,1785082500000,2026-07-26T16:00:00Z,DOWN,NO,,1908.99,official-venue-resolution,false,false,false,,
hype,hype:1785081600000,1785081600000,1785082500000,2026-07-26T16:00:00Z,UP,YES,,59.075,official-venue-resolution,false,false,false,,
sol,sol:1785081600000,1785081600000,1785082500000,2026-07-26T16:00:00Z,DOWN,NO,,75.3787,official-venue-resolution,false,false,false,,
xrp,xrp:1785081600000,1785081600000,1785082500000,2026-07-26T16:00:00Z,DOWN,NO,,1.1018,official-venue-resolution,false,false,false,,
bnb,bnb:1785082500000,1785082500000,1785083400000,2026-07-26T16:15:00Z,UP,YES,,573.29,official-venue-resolution,false,false,false,,
btc,btc:1785082500000,1785082500000,1785083400000,2026-07-26T16:15:00Z,UP,YES,,64735.64,official-venue-resolution,false,false,false,,
doge,doge:1785082500000,1785082500000,1785083400000,2026-07-26T16:15:00Z,UP,YES,,0.0731951,official-venue-resolution,false,false,false,,
eth,eth:1785082500000,1785082500000,1785083400000,2026-07-26T16:15:00Z,UP,YES,,1918.01,official-venue-resolution,false,false,false,,
hype,hype:1785082500000,1785082500000,1785083400000,2026-07-26T16:15:00Z,UP,YES,,59.4498,official-venue-resolution,false,false,false,,
sol,sol:1785082500000,1785082500000,1785083400000,2026-07-26T16:15:00Z,UP,YES,,75.6138,official-venue-resolution,false,false,false,,
xrp,xrp:1785082500000,1785082500000,1785083400000,2026-07-26T16:15:00Z,UP,YES,,1.1041,official-venue-resolution,false,false,false,,
bnb,bnb:1785083400000,1785083400000,1785084300000,2026-07-26T16:30:00Z,DOWN,NO,,573.13,official-venue-resolution,false,false,false,,
btc,btc:1785083400000,1785083400000,1785084300000,2026-07-26T16:30:00Z,UP,YES,,64769.95,official-venue-resolution,false,false,false,,
doge,doge:1785083400000,1785083400000,1785084300000,2026-07-26T16:30:00Z,DOWN,NO,,0.0731146,official-venue-resolution,false,false,false,,
eth,eth:1785083400000,1785083400000,1785084300000,2026-07-26T16:30:00Z,DOWN,NO,,1917.68,official-venue-resolution,false,false,false,,
hype,hype:1785083400000,1785083400000,1785084300000,2026-07-26T16:30:00Z,DOWN,NO,,59.4196,official-venue-resolution,false,false,false,,
sol,sol:1785083400000,1785083400000,1785084300000,2026-07-26T16:30:00Z,DOWN,NO,,75.5917,official-venue-resolution,false,false,false,,
xrp,xrp:1785083400000,1785083400000,1785084300000,2026-07-26T16:30:00Z,DOWN,NO,,1.1032,official-venue-resolution,false,false,false,,
bnb,bnb:1785084300000,1785084300000,1785085200000,2026-07-26T16:45:00Z,UP,NO,,572.89,official-venue-resolution,true,false,true,,
btc,btc:1785084300000,1785084300000,1785085200000,2026-07-26T16:45:00Z,DOWN,NO,,64688.58,official-venue-resolution,false,false,false,,
doge,doge:1785084300000,1785084300000,1785085200000,2026-07-26T16:45:00Z,DOWN,NO,,0.0730526,official-venue-resolution,false,false,false,,
eth,eth:1785084300000,1785084300000,1785085200000,2026-07-26T16:45:00Z,DOWN,NO,,1915.16,official-venue-resolution,false,false,false,,
hype,hype:1785084300000,1785084300000,1785085200000,2026-07-26T16:45:00Z,UP,YES,,59.4357,official-venue-resolution,false,false,false,,
sol,sol:1785084300000,1785084300000,1785085200000,2026-07-26T16:45:00Z,DOWN,NO,,75.4887,official-venue-resolution,false,false,false,,
xrp,xrp:1785084300000,1785084300000,1785085200000,2026-07-26T16:45:00Z,DOWN,NO,,1.1026,official-venue-resolution,false,false,false,,
bnb,bnb:1785085200000,1785085200000,1785086100000,2026-07-26T17:00:00Z,UP,YES,,573.31,official-venue-resolution,false,false,false,,
btc,btc:1785085200000,1785085200000,1785086100000,2026-07-26T17:00:00Z,UP,YES,,64712.86,official-venue-resolution,false,false,false,,
doge,doge:1785085200000,1785085200000,1785086100000,2026-07-26T17:00:00Z,UP,YES,,0.0730606,official-venue-resolution,false,false,false,,
eth,eth:1785085200000,1785085200000,1785086100000,2026-07-26T17:00:00Z,UP,YES,,1915.96,official-venue-resolution,false,false,false,,
hype,hype:1785085200000,1785085200000,1785086100000,2026-07-26T17:00:00Z,DOWN,NO,,59.3942,official-venue-resolution,false,false,false,,
sol,sol:1785085200000,1785085200000,1785086100000,2026-07-26T17:00:00Z,UP,YES,,75.5032,official-venue-resolution,false,false,false,,
xrp,xrp:1785085200000,1785085200000,1785086100000,2026-07-26T17:00:00Z,DOWN,NO,,1.102,official-venue-resolution,false,false,false,,
bnb,bnb:1785086100000,1785086100000,1785087000000,2026-07-26T17:15:00Z,DOWN,NO,,572.79,official-venue-resolution,false,false,false,,
btc,btc:1785086100000,1785086100000,1785087000000,2026-07-26T17:15:00Z,DOWN,NO,,64664.3,official-venue-resolution,false,false,false,,
doge,doge:1785086100000,1785086100000,1785087000000,2026-07-26T17:15:00Z,UP,YES,,0.0730814,official-venue-resolution,false,false,false,,
eth,eth:1785086100000,1785086100000,1785087000000,2026-07-26T17:15:00Z,DOWN,NO,,1913.04,official-venue-resolution,false,false,false,,
hype,hype:1785086100000,1785086100000,1785087000000,2026-07-26T17:15:00Z,DOWN,NO,,59.1958,official-venue-resolution,false,false,false,,
sol,sol:1785086100000,1785086100000,1785087000000,2026-07-26T17:15:00Z,DOWN,NO,,75.2745,official-venue-resolution,false,false,false,,
xrp,xrp:1785086100000,1785086100000,1785087000000,2026-07-26T17:15:00Z,DOWN,NO,,1.1009,official-venue-resolution,false,false,false,,
bnb,bnb:1785087000000,1785087000000,1785087900000,2026-07-26T17:30:00Z,UP,NO,,572.58,official-venue-resolution,true,false,true,,
btc,btc:1785087000000,1785087000000,1785087900000,2026-07-26T17:30:00Z,DOWN,NO,,64631.51,official-venue-resolution,false,false,false,,
doge,doge:1785087000000,1785087000000,1785087900000,2026-07-26T17:30:00Z,UP,YES,,0.0731289,official-venue-resolution,false,false,false,,
eth,eth:1785087000000,1785087000000,1785087900000,2026-07-26T17:30:00Z,DOWN,NO,,1910.91,official-venue-resolution,false,false,false,,
hype,hype:1785087000000,1785087000000,1785087900000,2026-07-26T17:30:00Z,DOWN,NO,,59.1539,official-venue-resolution,false,false,false,,
sol,sol:1785087000000,1785087000000,1785087900000,2026-07-26T17:30:00Z,UP,YES,,75.3258,official-venue-resolution,false,false,false,,
xrp,xrp:1785087000000,1785087000000,1785087900000,2026-07-26T17:30:00Z,UP,YES,,1.1012,official-venue-resolution,false,false,false,,
bnb,bnb:1785087900000,1785087900000,1785088800000,2026-07-26T17:45:00Z,DOWN,NO,,572.39,official-venue-resolution,false,false,false,,
btc,btc:1785087900000,1785087900000,1785088800000,2026-07-26T17:45:00Z,UP,YES,,64633.15,official-venue-resolution,false,false,false,,
doge,doge:1785087900000,1785087900000,1785088800000,2026-07-26T17:45:00Z,DOWN,NO,,0.0730613,official-venue-resolution,false,false,false,,
eth,eth:1785087900000,1785087900000,1785088800000,2026-07-26T17:45:00Z,DOWN,NO,,1910.51,official-venue-resolution,false,false,false,,
hype,hype:1785087900000,1785087900000,1785088800000,2026-07-26T17:45:00Z,UP,YES,,59.1858,official-venue-resolution,false,false,false,,
sol,sol:1785087900000,1785087900000,1785088800000,2026-07-26T17:45:00Z,UP,NO,,75.3222,official-venue-resolution,true,false,true,,
xrp,xrp:1785087900000,1785087900000,1785088800000,2026-07-26T17:45:00Z,DOWN,YES,,1.1012,official-venue-resolution,true,true,false,,
bnb,bnb:1785088800000,1785088800000,1785089700000,2026-07-26T18:00:00Z,DOWN,NO,,572.25,official-venue-resolution,false,false,false,,
btc,btc:1785088800000,1785088800000,1785089700000,2026-07-26T18:00:00Z,DOWN,YES,,64643.77,official-venue-resolution,true,true,false,,
doge,doge:1785088800000,1785088800000,1785089700000,2026-07-26T18:00:00Z,DOWN,NO,,0.0727809,official-venue-resolution,false,false,false,,
eth,eth:1785088800000,1785088800000,1785089700000,2026-07-26T18:00:00Z,UP,YES,,1911.56,official-venue-resolution,false,false,false,,
hype,hype:1785088800000,1785088800000,1785089700000,2026-07-26T18:00:00Z,DOWN,NO,,59.12,official-venue-resolution,false,false,false,,
sol,sol:1785088800000,1785088800000,1785089700000,2026-07-26T18:00:00Z,DOWN,NO,,75.2813,official-venue-resolution,false,false,false,,
xrp,xrp:1785088800000,1785088800000,1785089700000,2026-07-26T18:00:00Z,DOWN,NO,,1.1005,official-venue-resolution,false,false,false,,
bnb,bnb:1785089700000,1785089700000,1785090600000,2026-07-26T18:15:00Z,DOWN,NO,,571.95,official-venue-resolution,false,false,false,,
btc,btc:1785089700000,1785089700000,1785090600000,2026-07-26T18:15:00Z,UP,NO,,64636.12,official-venue-resolution,true,false,true,,
doge,doge:1785089700000,1785089700000,1785090600000,2026-07-26T18:15:00Z,UP,NO,,0.0727728,official-venue-resolution,true,false,true,,
eth,eth:1785089700000,1785089700000,1785090600000,2026-07-26T18:15:00Z,UP,YES,,1911.82,official-venue-resolution,false,false,false,,
hype,hype:1785089700000,1785089700000,1785090600000,2026-07-26T18:15:00Z,DOWN,NO,,59.0848,official-venue-resolution,false,false,false,,
sol,sol:1785089700000,1785089700000,1785090600000,2026-07-26T18:15:00Z,UP,YES,,75.2947,official-venue-resolution,false,false,false,,
xrp,xrp:1785089700000,1785089700000,1785090600000,2026-07-26T18:15:00Z,UP,YES,,1.1005,official-venue-resolution,false,false,false,,
bnb,bnb:1785090600000,1785090600000,1785091500000,2026-07-26T18:30:00Z,UP,YES,,572.55,official-venue-resolution,false,false,false,,
btc,btc:1785090600000,1785090600000,1785091500000,2026-07-26T18:30:00Z,UP,YES,,64653.93,official-venue-resolution,false,false,false,,
doge,doge:1785090600000,1785090600000,1785091500000,2026-07-26T18:30:00Z,DOWN,NO,,0.0727102,official-venue-resolution,false,false,false,,
eth,eth:1785090600000,1785090600000,1785091500000,2026-07-26T18:30:00Z,UP,YES,,1912.32,official-venue-resolution,false,false,false,,
hype,hype:1785090600000,1785090600000,1785091500000,2026-07-26T18:30:00Z,DOWN,NO,,59.0465,official-venue-resolution,false,false,false,,
sol,sol:1785090600000,1785090600000,1785091500000,2026-07-26T18:30:00Z,UP,YES,,75.3203,official-venue-resolution,false,false,false,,
xrp,xrp:1785090600000,1785090600000,1785091500000,2026-07-26T18:30:00Z,UP,YES,,1.1009,official-venue-resolution,false,false,false,,
bnb,bnb:1785091500000,1785091500000,1785092400000,2026-07-26T18:45:00Z,DOWN,YES,,572.85,official-venue-resolution,true,true,false,,
btc,btc:1785091500000,1785091500000,1785092400000,2026-07-26T18:45:00Z,UP,YES,,64685.8,official-venue-resolution,false,false,false,,
doge,doge:1785091500000,1785091500000,1785092400000,2026-07-26T18:45:00Z,DOWN,NO,,0.0726659,official-venue-resolution,false,false,false,,
eth,eth:1785091500000,1785091500000,1785092400000,2026-07-26T18:45:00Z,UP,YES,,1913.3,official-venue-resolution,false,false,false,,
hype,hype:1785091500000,1785091500000,1785092400000,2026-07-26T18:45:00Z,DOWN,NO,,59.0191,official-venue-resolution,false,false,false,,
sol,sol:1785091500000,1785091500000,1785092400000,2026-07-26T18:45:00Z,UP,YES,,75.35,official-venue-resolution,false,false,false,,
xrp,xrp:1785091500000,1785091500000,1785092400000,2026-07-26T18:45:00Z,UP,YES,,1.1022,official-venue-resolution,false,false,false,,
bnb,bnb:1785092400000,1785092400000,1785093300000,2026-07-26T19:00:00Z,UP,NO,,572.63,official-venue-resolution,true,false,true,,
btc,btc:1785092400000,1785092400000,1785093300000,2026-07-26T19:00:00Z,DOWN,NO,,64626.7,official-venue-resolution,false,false,false,,
doge,doge:1785092400000,1785092400000,1785093300000,2026-07-26T19:00:00Z,DOWN,NO,,0.0725545,official-venue-resolution,false,false,false,,
eth,eth:1785092400000,1785092400000,1785093300000,2026-07-26T19:00:00Z,DOWN,NO,,1911.27,official-venue-resolution,false,false,false,,
hype,hype:1785092400000,1785092400000,1785093300000,2026-07-26T19:00:00Z,DOWN,NO,,58.9539,official-venue-resolution,false,false,false,,
sol,sol:1785092400000,1785092400000,1785093300000,2026-07-26T19:00:00Z,DOWN,NO,,75.2283,official-venue-resolution,false,false,false,,
xrp,xrp:1785092400000,1785092400000,1785093300000,2026-07-26T19:00:00Z,DOWN,NO,,1.1009,official-venue-resolution,false,false,false,,
bnb,bnb:1785093300000,1785093300000,1785094200000,2026-07-26T19:15:00Z,UP,YES,,572.95,official-venue-resolution,false,false,false,,
btc,btc:1785093300000,1785093300000,1785094200000,2026-07-26T19:15:00Z,UP,YES,,64664.65,official-venue-resolution,false,false,false,,
doge,doge:1785093300000,1785093300000,1785094200000,2026-07-26T19:15:00Z,UP,YES,,0.0725563,official-venue-resolution,false,false,false,,
eth,eth:1785093300000,1785093300000,1785094200000,2026-07-26T19:15:00Z,UP,YES,,1912.53,official-venue-resolution,false,false,false,,
hype,hype:1785093300000,1785093300000,1785094200000,2026-07-26T19:15:00Z,DOWN,NO,,58.8325,official-venue-resolution,false,false,false,,
sol,sol:1785093300000,1785093300000,1785094200000,2026-07-26T19:15:00Z,UP,YES,,75.245,official-venue-resolution,false,false,false,,
xrp,xrp:1785093300000,1785093300000,1785094200000,2026-07-26T19:15:00Z,UP,YES,,1.1018,official-venue-resolution,false,false,false,,
bnb,bnb:1785094200000,1785094200000,1785095100000,2026-07-26T19:30:00Z,UP,YES,,573.05,official-venue-resolution,false,false,false,,
btc,btc:1785094200000,1785094200000,1785095100000,2026-07-26T19:30:00Z,UP,YES,,64672.74,official-venue-resolution,false,false,false,,
doge,doge:1785094200000,1785094200000,1785095100000,2026-07-26T19:30:00Z,DOWN,NO,,0.0725515,official-venue-resolution,false,false,false,,
eth,eth:1785094200000,1785094200000,1785095100000,2026-07-26T19:30:00Z,UP,YES,,1913.79,official-venue-resolution,false,false,false,,
hype,hype:1785094200000,1785094200000,1785095100000,2026-07-26T19:30:00Z,UP,YES,,58.9744,official-venue-resolution,false,false,false,,
sol,sol:1785094200000,1785094200000,1785095100000,2026-07-26T19:30:00Z,DOWN,NO,,75.2382,official-venue-resolution,false,false,false,,
xrp,xrp:1785094200000,1785094200000,1785095100000,2026-07-26T19:30:00Z,DOWN,NO,,1.1017,official-venue-resolution,false,false,false,,
bnb,bnb:1785095100000,1785095100000,1785096000000,2026-07-26T19:45:00Z,UP,YES,,573.2,official-venue-resolution,false,false,false,,
btc,btc:1785095100000,1785095100000,1785096000000,2026-07-26T19:45:00Z,DOWN,NO,,64646.88,official-venue-resolution,false,false,false,,
doge,doge:1785095100000,1785095100000,1785096000000,2026-07-26T19:45:00Z,UP,YES,,0.0726042,official-venue-resolution,false,false,false,,
eth,eth:1785095100000,1785095100000,1785096000000,2026-07-26T19:45:00Z,DOWN,NO,,1912.92,official-venue-resolution,false,false,false,,
hype,hype:1785095100000,1785095100000,1785096000000,2026-07-26T19:45:00Z,UP,YES,,59.0124,official-venue-resolution,false,false,false,,
sol,sol:1785095100000,1785095100000,1785096000000,2026-07-26T19:45:00Z,UP,YES,,75.282,official-venue-resolution,false,false,false,,
xrp,xrp:1785095100000,1785095100000,1785096000000,2026-07-26T19:45:00Z,UP,NO,,1.1015,official-venue-resolution,true,false,true,,
bnb,bnb:1785096000000,1785096000000,1785096900000,2026-07-26T20:00:00Z,DOWN,NO,,573.02,official-venue-resolution,false,false,false,,
btc,btc:1785096000000,1785096000000,1785096900000,2026-07-26T20:00:00Z,UP,NO,,64644.8,official-venue-resolution,true,false,true,,
doge,doge:1785096000000,1785096000000,1785096900000,2026-07-26T20:00:00Z,UP,YES,,0.072644,official-venue-resolution,false,false,false,,
eth,eth:1785096000000,1785096000000,1785096900000,2026-07-26T20:00:00Z,DOWN,NO,,1911.9,official-venue-resolution,false,false,false,,
hype,hype:1785096000000,1785096000000,1785096900000,2026-07-26T20:00:00Z,DOWN,NO,,58.8809,official-venue-resolution,false,false,false,,
sol,sol:1785096000000,1785096000000,1785096900000,2026-07-26T20:00:00Z,UP,YES,,75.308,official-venue-resolution,false,false,false,,
xrp,xrp:1785096000000,1785096000000,1785096900000,2026-07-26T20:00:00Z,DOWN,NO,,1.1014,official-venue-resolution,false,false,false,,
bnb,bnb:1785096900000,1785096900000,1785097800000,2026-07-26T20:15:00Z,DOWN,NO,,572.86,official-venue-resolution,false,false,false,,
btc,btc:1785096900000,1785096900000,1785097800000,2026-07-26T20:15:00Z,DOWN,NO,,64597.53,official-venue-resolution,false,false,false,,
doge,doge:1785096900000,1785096900000,1785097800000,2026-07-26T20:15:00Z,UP,YES,,0.0727048,official-venue-resolution,false,false,false,,
eth,eth:1785096900000,1785096900000,1785097800000,2026-07-26T20:15:00Z,UP,YES,,1911.92,official-venue-resolution,false,false,false,,
hype,hype:1785096900000,1785096900000,1785097800000,2026-07-26T20:15:00Z,UP,YES,,58.9311,official-venue-resolution,false,false,false,,
sol,sol:1785096900000,1785096900000,1785097800000,2026-07-26T20:15:00Z,UP,YES,,75.3168,official-venue-resolution,false,false,false,,
xrp,xrp:1785096900000,1785096900000,1785097800000,2026-07-26T20:15:00Z,DOWN,NO,,1.1009,official-venue-resolution,false,false,false,,
bnb,bnb:1785097800000,1785097800000,1785098700000,2026-07-26T20:30:00Z,DOWN,YES,,572.86,official-venue-resolution,true,true,false,,
btc,btc:1785097800000,1785097800000,1785098700000,2026-07-26T20:30:00Z,UP,YES,,64612.9,official-venue-resolution,false,false,false,,
doge,doge:1785097800000,1785097800000,1785098700000,2026-07-26T20:30:00Z,DOWN,NO,,0.0726831,official-venue-resolution,false,false,false,,
eth,eth:1785097800000,1785097800000,1785098700000,2026-07-26T20:30:00Z,DOWN,NO,,1911.83,official-venue-resolution,false,false,false,,
hype,hype:1785097800000,1785097800000,1785098700000,2026-07-26T20:30:00Z,DOWN,NO,,58.8634,official-venue-resolution,false,false,false,,
sol,sol:1785097800000,1785097800000,1785098700000,2026-07-26T20:30:00Z,UP,NO,,75.31,official-venue-resolution,true,false,true,,
xrp,xrp:1785097800000,1785097800000,1785098700000,2026-07-26T20:30:00Z,DOWN,NO,,1.1005,official-venue-resolution,false,false,false,,
bnb,bnb:1785098700000,1785098700000,1785099600000,2026-07-26T20:45:00Z,DOWN,NO,,572.66,official-venue-resolution,false,false,false,,
btc,btc:1785098700000,1785098700000,1785099600000,2026-07-26T20:45:00Z,DOWN,NO,,64598.29,official-venue-resolution,false,false,false,,
doge,doge:1785098700000,1785098700000,1785099600000,2026-07-26T20:45:00Z,DOWN,NO,,0.0725397,official-venue-resolution,false,false,false,,
eth,eth:1785098700000,1785098700000,1785099600000,2026-07-26T20:45:00Z,UP,YES,,1912.16,official-venue-resolution,false,false,false,,
hype,hype:1785098700000,1785098700000,1785099600000,2026-07-26T20:45:00Z,UP,YES,,58.8808,official-venue-resolution,false,false,false,,
sol,sol:1785098700000,1785098700000,1785099600000,2026-07-26T20:45:00Z,DOWN,NO,,75.282,official-venue-resolution,false,false,false,,
xrp,xrp:1785098700000,1785098700000,1785099600000,2026-07-26T20:45:00Z,DOWN,NO,,1.1001,official-venue-resolution,false,false,false,,
bnb,bnb:1785099600000,1785099600000,1785100500000,2026-07-26T21:00:00Z,DOWN,NO,,572.62,official-venue-resolution,false,false,false,,
btc,btc:1785099600000,1785099600000,1785100500000,2026-07-26T21:00:00Z,UP,YES,,64640.12,official-venue-resolution,false,false,false,,
doge,doge:1785099600000,1785099600000,1785100500000,2026-07-26T21:00:00Z,DOWN,YES,,0.0725518,official-venue-resolution,true,true,false,,
eth,eth:1785099600000,1785099600000,1785100500000,2026-07-26T21:00:00Z,UP,YES,,1914.01,official-venue-resolution,false,false,false,,
hype,hype:1785099600000,1785099600000,1785100500000,2026-07-26T21:00:00Z,DOWN,YES,,58.8969,official-venue-resolution,true,true,false,,
sol,sol:1785099600000,1785099600000,1785100500000,2026-07-26T21:00:00Z,UP,YES,,75.3668,official-venue-resolution,false,false,false,,
xrp,xrp:1785099600000,1785099600000,1785100500000,2026-07-26T21:00:00Z,UP,YES,,1.1006,official-venue-resolution,false,false,false,,
bnb,bnb:1785100500000,1785100500000,1785101400000,2026-07-26T21:15:00Z,UP,YES,,573.23,official-venue-resolution,false,false,false,,
btc,btc:1785100500000,1785100500000,1785101400000,2026-07-26T21:15:00Z,UP,YES,,64760.67,official-venue-resolution,false,false,false,,
doge,doge:1785100500000,1785100500000,1785101400000,2026-07-26T21:15:00Z,UP,YES,,0.0727102,official-venue-resolution,false,false,false,,
eth,eth:1785100500000,1785100500000,1785101400000,2026-07-26T21:15:00Z,UP,YES,,1919.78,official-venue-resolution,false,false,false,,
hype,hype:1785100500000,1785100500000,1785101400000,2026-07-26T21:15:00Z,UP,YES,,59.0249,official-venue-resolution,false,false,false,,
sol,sol:1785100500000,1785100500000,1785101400000,2026-07-26T21:15:00Z,UP,YES,,75.5612,official-venue-resolution,false,false,false,,
xrp,xrp:1785100500000,1785100500000,1785101400000,2026-07-26T21:15:00Z,UP,YES,,1.1028,official-venue-resolution,false,false,false,,
bnb,bnb:1785101400000,1785101400000,1785102300000,2026-07-26T21:30:00Z,UP,YES,,573.3,official-venue-resolution,false,false,false,,
btc,btc:1785101400000,1785101400000,1785102300000,2026-07-26T21:30:00Z,DOWN,YES,,64763.41,official-venue-resolution,true,true,false,,
doge,doge:1785101400000,1785101400000,1785102300000,2026-07-26T21:30:00Z,DOWN,YES,,0.0727189,official-venue-resolution,true,true,false,,
eth,eth:1785101400000,1785101400000,1785102300000,2026-07-26T21:30:00Z,UP,YES,,1920.9,official-venue-resolution,false,false,false,,
hype,hype:1785101400000,1785101400000,1785102300000,2026-07-26T21:30:00Z,UP,YES,,59.0582,official-venue-resolution,false,false,false,,
sol,sol:1785101400000,1785101400000,1785102300000,2026-07-26T21:30:00Z,DOWN,NO,,75.5268,official-venue-resolution,false,false,false,,
xrp,xrp:1785101400000,1785101400000,1785102300000,2026-07-26T21:30:00Z,DOWN,NO,,1.1022,official-venue-resolution,false,false,false,,
bnb,bnb:1785102300000,1785102300000,1785103200000,2026-07-26T21:45:00Z,UP,YES,,573.4,official-venue-resolution,false,false,false,,
btc,btc:1785102300000,1785102300000,1785103200000,2026-07-26T21:45:00Z,UP,YES,,64797.72,official-venue-resolution,false,false,false,,
doge,doge:1785102300000,1785102300000,1785103200000,2026-07-26T21:45:00Z,UP,YES,,0.0727229,official-venue-resolution,false,false,false,,
eth,eth:1785102300000,1785102300000,1785103200000,2026-07-26T21:45:00Z,UP,YES,,1924.26,official-venue-resolution,false,false,false,,
hype,hype:1785102300000,1785102300000,1785103200000,2026-07-26T21:45:00Z,UP,YES,,59.1029,official-venue-resolution,false,false,false,,
sol,sol:1785102300000,1785102300000,1785103200000,2026-07-26T21:45:00Z,UP,YES,,75.5978,official-venue-resolution,false,false,false,,
xrp,xrp:1785102300000,1785102300000,1785103200000,2026-07-26T21:45:00Z,UP,YES,,1.1032,official-venue-resolution,false,false,false,,
bnb,bnb:1785103200000,1785103200000,1785104100000,2026-07-26T22:00:00Z,UP,YES,,575.14,official-venue-resolution,false,false,false,,
btc,btc:1785103200000,1785103200000,1785104100000,2026-07-26T22:00:00Z,UP,YES,,65151.65,official-venue-resolution,false,false,false,,
doge,doge:1785103200000,1785103200000,1785104100000,2026-07-26T22:00:00Z,UP,YES,,0.0730968,official-venue-resolution,false,false,false,,
eth,eth:1785103200000,1785103200000,1785104100000,2026-07-26T22:00:00Z,UP,YES,,1936.12,official-venue-resolution,false,false,false,,
hype,hype:1785103200000,1785103200000,1785104100000,2026-07-26T22:00:00Z,UP,YES,,59.3363,official-venue-resolution,false,false,false,,
sol,sol:1785103200000,1785103200000,1785104100000,2026-07-26T22:00:00Z,UP,YES,,76.044,official-venue-resolution,false,false,false,,
xrp,xrp:1785103200000,1785103200000,1785104100000,2026-07-26T22:00:00Z,UP,YES,,1.1081,official-venue-resolution,false,false,false,,
bnb,bnb:1785104100000,1785104100000,1785105000000,2026-07-26T22:15:00Z,DOWN,NO,,574.73,official-venue-resolution,false,false,false,,
btc,btc:1785104100000,1785104100000,1785105000000,2026-07-26T22:15:00Z,UP,YES,,65178.49,official-venue-resolution,false,false,false,,
doge,doge:1785104100000,1785104100000,1785105000000,2026-07-26T22:15:00Z,DOWN,NO,,0.0730526,official-venue-resolution,false,false,false,,
eth,eth:1785104100000,1785104100000,1785105000000,2026-07-26T22:15:00Z,UP,YES,,1936.64,official-venue-resolution,false,false,false,,
hype,hype:1785104100000,1785104100000,1785105000000,2026-07-26T22:15:00Z,UP,YES,,59.4904,official-venue-resolution,false,false,false,,
sol,sol:1785104100000,1785104100000,1785105000000,2026-07-26T22:15:00Z,UP,YES,,76.328,official-venue-resolution,false,false,false,,
xrp,xrp:1785104100000,1785104100000,1785105000000,2026-07-26T22:15:00Z,UP,YES,,1.1103,official-venue-resolution,false,false,false,,
bnb,bnb:1785105000000,1785105000000,1785105900000,2026-07-26T22:30:00Z,UP,YES,,575.84,official-venue-resolution,false,false,false,,
btc,btc:1785105000000,1785105000000,1785105900000,2026-07-26T22:30:00Z,UP,YES,,65413.03,official-venue-resolution,false,false,false,,
doge,doge:1785105000000,1785105000000,1785105900000,2026-07-26T22:30:00Z,UP,YES,,0.0732287,official-venue-resolution,false,false,false,,
eth,eth:1785105000000,1785105000000,1785105900000,2026-07-26T22:30:00Z,UP,YES,,1945.9,official-venue-resolution,false,false,false,,
hype,hype:1785105000000,1785105000000,1785105900000,2026-07-26T22:30:00Z,UP,YES,,59.6585,official-venue-resolution,false,false,false,,
sol,sol:1785105000000,1785105000000,1785105900000,2026-07-26T22:30:00Z,UP,YES,,76.6535,official-venue-resolution,false,false,false,,
xrp,xrp:1785105000000,1785105000000,1785105900000,2026-07-26T22:30:00Z,UP,YES,,1.1123,official-venue-resolution,false,false,false,,
bnb,bnb:1785105900000,1785105900000,1785106800000,2026-07-26T22:45:00Z,DOWN,NO,,575.35,official-venue-resolution,false,false,false,,
btc,btc:1785105900000,1785105900000,1785106800000,2026-07-26T22:45:00Z,DOWN,NO,,65351.73,official-venue-resolution,false,false,false,,
doge,doge:1785105900000,1785105900000,1785106800000,2026-07-26T22:45:00Z,UP,YES,,0.0732301,official-venue-resolution,false,false,false,,
eth,eth:1785105900000,1785105900000,1785106800000,2026-07-26T22:45:00Z,UP,YES,,1948.52,official-venue-resolution,false,false,false,,
hype,hype:1785105900000,1785105900000,1785106800000,2026-07-26T22:45:00Z,UP,YES,,59.7365,official-venue-resolution,false,false,false,,
sol,sol:1785105900000,1785105900000,1785106800000,2026-07-26T22:45:00Z,UP,YES,,76.6548,official-venue-resolution,false,false,false,,
xrp,xrp:1785105900000,1785105900000,1785106800000,2026-07-26T22:45:00Z,DOWN,NO,,1.1119,official-venue-resolution,false,false,false,,
bnb,bnb:1785106800000,1785106800000,1785107700000,2026-07-26T23:00:00Z,DOWN,NO,,574.8,official-venue-resolution,false,false,false,,
btc,btc:1785106800000,1785106800000,1785107700000,2026-07-26T23:00:00Z,UP,YES,,65367.21,official-venue-resolution,false,false,false,,
doge,doge:1785106800000,1785106800000,1785107700000,2026-07-26T23:00:00Z,UP,YES,,0.0732393,official-venue-resolution,false,false,false,,
eth,eth:1785106800000,1785106800000,1785107700000,2026-07-26T23:00:00Z,UP,YES,,1956.78,official-venue-resolution,false,false,false,,
hype,hype:1785106800000,1785106800000,1785107700000,2026-07-26T23:00:00Z,DOWN,NO,,59.6826,official-venue-resolution,false,false,false,,
sol,sol:1785106800000,1785106800000,1785107700000,2026-07-26T23:00:00Z,UP,YES,,76.773,official-venue-resolution,false,false,false,,
xrp,xrp:1785106800000,1785106800000,1785107700000,2026-07-26T23:00:00Z,UP,YES,,1.1121,official-venue-resolution,false,false,false,,
bnb,bnb:1785107700000,1785107700000,1785108600000,2026-07-26T23:15:00Z,DOWN,NO,,574.49,official-venue-resolution,false,false,false,,
btc,btc:1785107700000,1785107700000,1785108600000,2026-07-26T23:15:00Z,DOWN,NO,,65277.53,official-venue-resolution,false,false,false,,
doge,doge:1785107700000,1785107700000,1785108600000,2026-07-26T23:15:00Z,DOWN,NO,,0.0731565,official-venue-resolution,false,false,false,,
eth,eth:1785107700000,1785107700000,1785108600000,2026-07-26T23:15:00Z,DOWN,NO,,1951.95,official-venue-resolution,false,false,false,,
hype,hype:1785107700000,1785107700000,1785108600000,2026-07-26T23:15:00Z,DOWN,YES,,59.6832,official-venue-resolution,true,true,false,,
sol,sol:1785107700000,1785107700000,1785108600000,2026-07-26T23:15:00Z,DOWN,NO,,76.6273,official-venue-resolution,false,false,false,,
xrp,xrp:1785107700000,1785107700000,1785108600000,2026-07-26T23:15:00Z,DOWN,NO,,1.111,official-venue-resolution,false,false,false,,
bnb,bnb:1785108600000,1785108600000,1785109500000,2026-07-26T23:30:00Z,DOWN,NO,,574.38,official-venue-resolution,false,false,false,,
btc,btc:1785108600000,1785108600000,1785109500000,2026-07-26T23:30:00Z,UP,YES,,65345.17,official-venue-resolution,false,false,false,,
doge,doge:1785108600000,1785108600000,1785109500000,2026-07-26T23:30:00Z,UP,YES,,0.0732954,official-venue-resolution,false,false,false,,
eth,eth:1785108600000,1785108600000,1785109500000,2026-07-26T23:30:00Z,DOWN,YES,,1952.27,official-venue-resolution,true,true,false,,
hype,hype:1785108600000,1785108600000,1785109500000,2026-07-26T23:30:00Z,UP,YES,,59.8446,official-venue-resolution,false,false,false,,
sol,sol:1785108600000,1785108600000,1785109500000,2026-07-26T23:30:00Z,UP,YES,,76.6378,official-venue-resolution,false,false,false,,
xrp,xrp:1785108600000,1785108600000,1785109500000,2026-07-26T23:30:00Z,UP,YES,,1.1118,official-venue-resolution,false,false,false,,
bnb,bnb:1785109500000,1785109500000,1785110400000,2026-07-26T23:45:00Z,UP,YES,,574.9,official-venue-resolution,false,false,false,,
btc,btc:1785109500000,1785109500000,1785110400000,2026-07-26T23:45:00Z,DOWN,NO,,65338.7,official-venue-resolution,false,false,false,,
doge,doge:1785109500000,1785109500000,1785110400000,2026-07-26T23:45:00Z,UP,YES,,0.0733226,official-venue-resolution,false,false,false,,
eth,eth:1785109500000,1785109500000,1785110400000,2026-07-26T23:45:00Z,UP,YES,,1953.63,official-venue-resolution,false,false,false,,
hype,hype:1785109500000,1785109500000,1785110400000,2026-07-26T23:45:00Z,DOWN,NO,,59.6486,official-venue-resolution,false,false,false,,
sol,sol:1785109500000,1785109500000,1785110400000,2026-07-26T23:45:00Z,UP,YES,,76.688,official-venue-resolution,false,false,false,,
xrp,xrp:1785109500000,1785109500000,1785110400000,2026-07-26T23:45:00Z,UP,YES,,1.1122,official-venue-resolution,false,false,false,,
bnb,bnb:1785110400000,1785110400000,1785111300000,2026-07-27T00:00:00Z,DOWN,NO,,574.09,official-venue-resolution,false,false,false,,
btc,btc:1785110400000,1785110400000,1785111300000,2026-07-27T00:00:00Z,DOWN,NO,,65170.24,official-venue-resolution,false,false,false,,
doge,doge:1785110400000,1785110400000,1785111300000,2026-07-27T00:00:00Z,DOWN,NO,,0.0732546,official-venue-resolution,false,false,false,,
eth,eth:1785110400000,1785110400000,1785111300000,2026-07-27T00:00:00Z,DOWN,NO,,1947.8,official-venue-resolution,false,false,false,,
hype,hype:1785110400000,1785110400000,1785111300000,2026-07-27T00:00:00Z,DOWN,NO,,59.5783,official-venue-resolution,false,false,false,,
sol,sol:1785110400000,1785110400000,1785111300000,2026-07-27T00:00:00Z,DOWN,NO,,76.5538,official-venue-resolution,false,false,false,,
xrp,xrp:1785110400000,1785110400000,1785111300000,2026-07-27T00:00:00Z,DOWN,NO,,1.1107,official-venue-resolution,false,false,false,,
bnb,bnb:1785111300000,1785111300000,1785112200000,2026-07-27T00:15:00Z,DOWN,NO,,573.58,official-venue-resolution,false,false,false,,
btc,btc:1785111300000,1785111300000,1785112200000,2026-07-27T00:15:00Z,DOWN,NO,,65152.54,official-venue-resolution,false,false,false,,
doge,doge:1785111300000,1785111300000,1785112200000,2026-07-27T00:15:00Z,DOWN,NO,,0.0732003,official-venue-resolution,false,false,false,,
eth,eth:1785111300000,1785111300000,1785112200000,2026-07-27T00:15:00Z,DOWN,NO,,1943.99,official-venue-resolution,false,false,false,,
hype,hype:1785111300000,1785111300000,1785112200000,2026-07-27T00:15:00Z,DOWN,NO,,59.3924,official-venue-resolution,false,false,false,,
sol,sol:1785111300000,1785111300000,1785112200000,2026-07-27T00:15:00Z,DOWN,NO,,76.4495,official-venue-resolution,false,false,false,,
xrp,xrp:1785111300000,1785111300000,1785112200000,2026-07-27T00:15:00Z,DOWN,NO,,1.1091,official-venue-resolution,false,false,false,,
bnb,bnb:1785112200000,1785112200000,1785113100000,2026-07-27T00:30:00Z,DOWN,NO,,572.88,official-venue-resolution,false,false,false,,
btc,btc:1785112200000,1785112200000,1785113100000,2026-07-27T00:30:00Z,DOWN,NO,,65093.7,official-venue-resolution,false,false,false,,
doge,doge:1785112200000,1785112200000,1785113100000,2026-07-27T00:30:00Z,DOWN,NO,,0.0730018,official-venue-resolution,false,false,false,,
eth,eth:1785112200000,1785112200000,1785113100000,2026-07-27T00:30:00Z,DOWN,NO,,1940.7,official-venue-resolution,false,false,false,,
hype,hype:1785112200000,1785112200000,1785113100000,2026-07-27T00:30:00Z,UP,YES,,59.4363,official-venue-resolution,false,false,false,,
sol,sol:1785112200000,1785112200000,1785113100000,2026-07-27T00:30:00Z,DOWN,NO,,76.3692,official-venue-resolution,false,false,false,,
xrp,xrp:1785112200000,1785112200000,1785113100000,2026-07-27T00:30:00Z,DOWN,NO,,1.1082,official-venue-resolution,false,false,false,,
bnb,bnb:1785113100000,1785113100000,1785114000000,2026-07-27T00:45:00Z,DOWN,NO,,572.2,official-venue-resolution,false,false,false,,
btc,btc:1785113100000,1785113100000,1785114000000,2026-07-27T00:45:00Z,DOWN,NO,,65063.08,official-venue-resolution,false,false,false,,
doge,doge:1785113100000,1785113100000,1785114000000,2026-07-27T00:45:00Z,DOWN,NO,,0.0729561,official-venue-resolution,false,false,false,,
eth,eth:1785113100000,1785113100000,1785114000000,2026-07-27T00:45:00Z,UP,YES,,1940.78,official-venue-resolution,false,false,false,,
hype,hype:1785113100000,1785113100000,1785114000000,2026-07-27T00:45:00Z,DOWN,NO,,59.3123,official-venue-resolution,false,false,false,,
sol,sol:1785113100000,1785113100000,1785114000000,2026-07-27T00:45:00Z,DOWN,NO,,76.2672,official-venue-resolution,false,false,false,,
xrp,xrp:1785113100000,1785113100000,1785114000000,2026-07-27T00:45:00Z,DOWN,NO,,1.108,official-venue-resolution,false,false,false,,
bnb,bnb:1785114000000,1785114000000,1785114900000,2026-07-27T01:00:00Z,UP,YES,,572.39,official-venue-resolution,false,false,false,,
btc,btc:1785114000000,1785114000000,1785114900000,2026-07-27T01:00:00Z,DOWN,NO,,64996.16,official-venue-resolution,false,false,false,,
doge,doge:1785114000000,1785114000000,1785114900000,2026-07-27T01:00:00Z,DOWN,NO,,0.0728033,official-venue-resolution,false,false,false,,
eth,eth:1785114000000,1785114000000,1785114900000,2026-07-27T01:00:00Z,UP,YES,,1941.34,official-venue-resolution,false,false,false,,
hype,hype:1785114000000,1785114000000,1785114900000,2026-07-27T01:00:00Z,UP,YES,,59.445,official-venue-resolution,false,false,false,,
sol,sol:1785114000000,1785114000000,1785114900000,2026-07-27T01:00:00Z,DOWN,NO,,76.2098,official-venue-resolution,false,false,false,,
xrp,xrp:1785114000000,1785114000000,1785114900000,2026-07-27T01:00:00Z,DOWN,NO,,1.1073,official-venue-resolution,false,false,false,,
bnb,bnb:1785114900000,1785114900000,1785115800000,2026-07-27T01:15:00Z,UP,YES,,572.39,official-venue-resolution,false,false,false,,
btc,btc:1785114900000,1785114900000,1785115800000,2026-07-27T01:15:00Z,DOWN,NO,,64963.76,official-venue-resolution,false,false,false,,
doge,doge:1785114900000,1785114900000,1785115800000,2026-07-27T01:15:00Z,DOWN,NO,,0.0727415,official-venue-resolution,false,false,false,,
eth,eth:1785114900000,1785114900000,1785115800000,2026-07-27T01:15:00Z,DOWN,NO,,1940.06,official-venue-resolution,false,false,false,,
hype,hype:1785114900000,1785114900000,1785115800000,2026-07-27T01:15:00Z,DOWN,NO,,59.4369,official-venue-resolution,false,false,false,,
sol,sol:1785114900000,1785114900000,1785115800000,2026-07-27T01:15:00Z,DOWN,NO,,76.1673,official-venue-resolution,false,false,false,,
xrp,xrp:1785114900000,1785114900000,1785115800000,2026-07-27T01:15:00Z,DOWN,NO,,1.1046,official-venue-resolution,false,false,false,,
bnb,bnb:1785115800000,1785115800000,1785116700000,2026-07-27T01:30:00Z,DOWN,NO,,572.29,official-venue-resolution,false,false,false,,
btc,btc:1785115800000,1785115800000,1785116700000,2026-07-27T01:30:00Z,UP,YES,,65033.8,official-venue-resolution,false,false,false,,
doge,doge:1785115800000,1785115800000,1785116700000,2026-07-27T01:30:00Z,DOWN,NO,,0.0726631,official-venue-resolution,false,false,false,,
eth,eth:1785115800000,1785115800000,1785116700000,2026-07-27T01:30:00Z,UP,YES,,1940.56,official-venue-resolution,false,false,false,,
hype,hype:1785115800000,1785115800000,1785116700000,2026-07-27T01:30:00Z,DOWN,NO,,59.2804,official-venue-resolution,false,false,false,,
sol,sol:1785115800000,1785115800000,1785116700000,2026-07-27T01:30:00Z,UP,YES,,76.1982,official-venue-resolution,false,false,false,,
xrp,xrp:1785115800000,1785115800000,1785116700000,2026-07-27T01:30:00Z,DOWN,NO,,1.1042,official-venue-resolution,false,false,false,,
bnb,bnb:1785116700000,1785116700000,1785117600000,2026-07-27T01:45:00Z,UP,YES,,573.02,official-venue-resolution,false,false,false,,
btc,btc:1785116700000,1785116700000,1785117600000,2026-07-27T01:45:00Z,UP,YES,,65146.37,official-venue-resolution,false,false,false,,
doge,doge:1785116700000,1785116700000,1785117600000,2026-07-27T01:45:00Z,UP,YES,,0.0727737,official-venue-resolution,false,false,false,,
eth,eth:1785116700000,1785116700000,1785117600000,2026-07-27T01:45:00Z,UP,YES,,1946.17,official-venue-resolution,false,false,false,,
hype,hype:1785116700000,1785116700000,1785117600000,2026-07-27T01:45:00Z,UP,YES,,59.4983,official-venue-resolution,false,false,false,,
sol,sol:1785116700000,1785116700000,1785117600000,2026-07-27T01:45:00Z,UP,YES,,76.4557,official-venue-resolution,false,false,false,,
xrp,xrp:1785116700000,1785116700000,1785117600000,2026-07-27T01:45:00Z,UP,YES,,1.1069,official-venue-resolution,false,false,false,,
bnb,bnb:1785117600000,1785117600000,1785118500000,2026-07-27T02:00:00Z,DOWN,NO,,572.8,official-venue-resolution,false,false,false,,
btc,btc:1785117600000,1785117600000,1785118500000,2026-07-27T02:00:00Z,UP,YES,,65147.45,official-venue-resolution,false,false,false,,
doge,doge:1785117600000,1785117600000,1785118500000,2026-07-27T02:00:00Z,DOWN,NO,,0.0726833,official-venue-resolution,false,false,false,,
eth,eth:1785117600000,1785117600000,1785118500000,2026-07-27T02:00:00Z,DOWN,NO,,1945.05,official-venue-resolution,false,false,false,,
hype,hype:1785117600000,1785117600000,1785118500000,2026-07-27T02:00:00Z,DOWN,NO,,59.4698,official-venue-resolution,false,false,false,,
sol,sol:1785117600000,1785117600000,1785118500000,2026-07-27T02:00:00Z,DOWN,YES,,76.4578,official-venue-resolution,true,true,false,,
xrp,xrp:1785117600000,1785117600000,1785118500000,2026-07-27T02:00:00Z,DOWN,NO,,1.1066,official-venue-resolution,false,false,false,,
bnb,bnb:1785118500000,1785118500000,1785119400000,2026-07-27T02:15:00Z,UP,YES,,572.93,official-venue-resolution,false,false,false,,
btc,btc:1785118500000,1785118500000,1785119400000,2026-07-27T02:15:00Z,DOWN,NO,,65133.7,official-venue-resolution,false,false,false,,
doge,doge:1785118500000,1785118500000,1785119400000,2026-07-27T02:15:00Z,UP,YES,,0.072722,official-venue-resolution,false,false,false,,
eth,eth:1785118500000,1785118500000,1785119400000,2026-07-27T02:15:00Z,DOWN,NO,,1944.36,official-venue-resolution,false,false,false,,
hype,hype:1785118500000,1785118500000,1785119400000,2026-07-27T02:15:00Z,UP,YES,,59.5039,official-venue-resolution,false,false,false,,
sol,sol:1785118500000,1785118500000,1785119400000,2026-07-27T02:15:00Z,UP,YES,,76.5338,official-venue-resolution,false,false,false,,
xrp,xrp:1785118500000,1785118500000,1785119400000,2026-07-27T02:15:00Z,DOWN,NO,,1.1063,official-venue-resolution,false,false,false,,
bnb,bnb:1785119400000,1785119400000,1785120300000,2026-07-27T02:30:00Z,UP,YES,,573.58,official-venue-resolution,false,false,false,,
btc,btc:1785119400000,1785119400000,1785120300000,2026-07-27T02:30:00Z,UP,YES,,65195.91,official-venue-resolution,false,false,false,,
doge,doge:1785119400000,1785119400000,1785120300000,2026-07-27T02:30:00Z,DOWN,NO,,0.0727195,official-venue-resolution,false,false,false,,
eth,eth:1785119400000,1785119400000,1785120300000,2026-07-27T02:30:00Z,UP,YES,,1945.35,official-venue-resolution,false,false,false,,
hype,hype:1785119400000,1785119400000,1785120300000,2026-07-27T02:30:00Z,UP,YES,,59.6802,official-venue-resolution,false,false,false,,
sol,sol:1785119400000,1785119400000,1785120300000,2026-07-27T02:30:00Z,UP,YES,,76.5553,official-venue-resolution,false,false,false,,
xrp,xrp:1785119400000,1785119400000,1785120300000,2026-07-27T02:30:00Z,DOWN,NO,,1.106,official-venue-resolution,false,false,false,,
bnb,bnb:1785120300000,1785120300000,1785121200000,2026-07-27T02:45:00Z,DOWN,NO,,572.62,official-venue-resolution,false,false,false,,
btc,btc:1785120300000,1785120300000,1785121200000,2026-07-27T02:45:00Z,DOWN,NO,,65121.49,official-venue-resolution,false,false,false,,
doge,doge:1785120300000,1785120300000,1785121200000,2026-07-27T02:45:00Z,DOWN,NO,,0.0725524,official-venue-resolution,false,false,false,,
eth,eth:1785120300000,1785120300000,1785121200000,2026-07-27T02:45:00Z,DOWN,NO,,1941.88,official-venue-resolution,false,false,false,,
hype,hype:1785120300000,1785120300000,1785121200000,2026-07-27T02:45:00Z,DOWN,NO,,59.5775,official-venue-resolution,false,false,false,,
sol,sol:1785120300000,1785120300000,1785121200000,2026-07-27T02:45:00Z,DOWN,NO,,76.3943,official-venue-resolution,false,false,false,,
xrp,xrp:1785120300000,1785120300000,1785121200000,2026-07-27T02:45:00Z,DOWN,NO,,1.1048,official-venue-resolution,false,false,false,,
bnb,bnb:1785121200000,1785121200000,1785122100000,2026-07-27T03:00:00Z,UP,YES,,572.72,official-venue-resolution,false,false,false,,
btc,btc:1785121200000,1785121200000,1785122100000,2026-07-27T03:00:00Z,UP,YES,,65206.66,official-venue-resolution,false,false,false,,
doge,doge:1785121200000,1785121200000,1785122100000,2026-07-27T03:00:00Z,UP,NO,,0.0725508,official-venue-resolution,true,false,true,,
eth,eth:1785121200000,1785121200000,1785122100000,2026-07-27T03:00:00Z,UP,YES,,1943.53,official-venue-resolution,false,false,false,,
hype,hype:1785121200000,1785121200000,1785122100000,2026-07-27T03:00:00Z,UP,YES,,59.6416,official-venue-resolution,false,false,false,,
sol,sol:1785121200000,1785121200000,1785122100000,2026-07-27T03:00:00Z,DOWN,NO,,76.3612,official-venue-resolution,false,false,false,,
xrp,xrp:1785121200000,1785121200000,1785122100000,2026-07-27T03:00:00Z,DOWN,NO,,1.1046,official-venue-resolution,false,false,false,,
bnb,bnb:1785122100000,1785122100000,1785123000000,2026-07-27T03:15:00Z,DOWN,NO,,572.6,official-venue-resolution,false,false,false,,
btc,btc:1785122100000,1785122100000,1785123000000,2026-07-27T03:15:00Z,UP,YES,,65265.91,official-venue-resolution,false,false,false,,
doge,doge:1785122100000,1785122100000,1785123000000,2026-07-27T03:15:00Z,UP,YES,,0.072691,official-venue-resolution,false,false,false,,
eth,eth:1785122100000,1785122100000,1785123000000,2026-07-27T03:15:00Z,UP,YES,,1944.78,official-venue-resolution,false,false,false,,
hype,hype:1785122100000,1785122100000,1785123000000,2026-07-27T03:15:00Z,DOWN,NO,,59.5673,official-venue-resolution,false,false,false,,
sol,sol:1785122100000,1785122100000,1785123000000,2026-07-27T03:15:00Z,UP,YES,,76.4115,official-venue-resolution,false,false,false,,
xrp,xrp:1785122100000,1785122100000,1785123000000,2026-07-27T03:15:00Z,UP,YES,,1.105,official-venue-resolution,false,false,false,,
bnb,bnb:1785123000000,1785123000000,1785123900000,2026-07-27T03:30:00Z,UP,YES,,572.7,official-venue-resolution,false,false,false,,
btc,btc:1785123000000,1785123000000,1785123900000,2026-07-27T03:30:00Z,UP,YES,,65291.55,official-venue-resolution,false,false,false,,
doge,doge:1785123000000,1785123000000,1785123900000,2026-07-27T03:30:00Z,UP,YES,,0.0728367,official-venue-resolution,false,false,false,,
eth,eth:1785123000000,1785123000000,1785123900000,2026-07-27T03:30:00Z,UP,YES,,1945.54,official-venue-resolution,false,false,false,,
hype,hype:1785123000000,1785123000000,1785123900000,2026-07-27T03:30:00Z,UP,YES,,59.6542,official-venue-resolution,false,false,false,,
sol,sol:1785123000000,1785123000000,1785123900000,2026-07-27T03:30:00Z,UP,YES,,76.4398,official-venue-resolution,false,false,false,,
xrp,xrp:1785123000000,1785123000000,1785123900000,2026-07-27T03:30:00Z,UP,YES,,1.1061,official-venue-resolution,false,false,false,,
bnb,bnb:1785123900000,1785123900000,1785124800000,2026-07-27T03:45:00Z,UP,YES,,573.23,official-venue-resolution,false,false,false,,
btc,btc:1785123900000,1785123900000,1785124800000,2026-07-27T03:45:00Z,DOWN,NO,,65222.47,official-venue-resolution,false,false,false,,
doge,doge:1785123900000,1785123900000,1785124800000,2026-07-27T03:45:00Z,DOWN,NO,,0.072796,official-venue-resolution,false,false,false,,
eth,eth:1785123900000,1785123900000,1785124800000,2026-07-27T03:45:00Z,UP,YES,,1948.31,official-venue-resolution,false,false,false,,
hype,hype:1785123900000,1785123900000,1785124800000,2026-07-27T03:45:00Z,UP,YES,,59.9075,official-venue-resolution,false,false,false,,
sol,sol:1785123900000,1785123900000,1785124800000,2026-07-27T03:45:00Z,DOWN,NO,,76.3452,official-venue-resolution,false,false,false,,
xrp,xrp:1785123900000,1785123900000,1785124800000,2026-07-27T03:45:00Z,UP,YES,,1.1066,official-venue-resolution,false,false,false,,
bnb,bnb:1785124800000,1785124800000,1785125700000,2026-07-27T04:00:00Z,UP,YES,,573.27,official-venue-resolution,false,false,false,,
btc,btc:1785124800000,1785124800000,1785125700000,2026-07-27T04:00:00Z,UP,YES,,65248.52,official-venue-resolution,false,false,false,,
doge,doge:1785124800000,1785124800000,1785125700000,2026-07-27T04:00:00Z,DOWN,NO,,0.0727443,official-venue-resolution,false,false,false,,
eth,eth:1785124800000,1785124800000,1785125700000,2026-07-27T04:00:00Z,UP,YES,,1951.05,official-venue-resolution,false,false,false,,
hype,hype:1785124800000,1785124800000,1785125700000,2026-07-27T04:00:00Z,UP,YES,,59.9465,official-venue-resolution,false,false,false,,
sol,sol:1785124800000,1785124800000,1785125700000,2026-07-27T04:00:00Z,UP,NO,,76.338,official-venue-resolution,true,false,true,,
xrp,xrp:1785124800000,1785124800000,1785125700000,2026-07-27T04:00:00Z,DOWN,NO,,1.1057,official-venue-resolution,false,false,false,,
bnb,bnb:1785125700000,1785125700000,1785126600000,2026-07-27T04:15:00Z,DOWN,NO,,573.06,official-venue-resolution,false,false,false,,
btc,btc:1785125700000,1785125700000,1785126600000,2026-07-27T04:15:00Z,UP,YES,,65260.64,official-venue-resolution,false,false,false,,
doge,doge:1785125700000,1785125700000,1785126600000,2026-07-27T04:15:00Z,DOWN,YES,,0.0727633,official-venue-resolution,true,true,false,,
eth,eth:1785125700000,1785125700000,1785126600000,2026-07-27T04:15:00Z,UP,YES,,1952.4,official-venue-resolution,false,false,false,,
hype,hype:1785125700000,1785125700000,1785126600000,2026-07-27T04:15:00Z,UP,YES,,60.2033,official-venue-resolution,false,false,false,,
sol,sol:1785125700000,1785125700000,1785126600000,2026-07-27T04:15:00Z,DOWN,NO,,76.3208,official-venue-resolution,false,false,false,,
xrp,xrp:1785125700000,1785125700000,1785126600000,2026-07-27T04:15:00Z,UP,YES,,1.1064,official-venue-resolution,false,false,false,,
bnb,bnb:1785126600000,1785126600000,1785127500000,2026-07-27T04:30:00Z,UP,YES,,573.26,official-venue-resolution,false,false,false,,
btc,btc:1785126600000,1785126600000,1785127500000,2026-07-27T04:30:00Z,UP,YES,,65327.69,official-venue-resolution,false,false,false,,
doge,doge:1785126600000,1785126600000,1785127500000,2026-07-27T04:30:00Z,UP,YES,,0.0728217,official-venue-resolution,false,false,false,,
eth,eth:1785126600000,1785126600000,1785127500000,2026-07-27T04:30:00Z,UP,YES,,1956.27,official-venue-resolution,false,false,false,,
hype,hype:1785126600000,1785126600000,1785127500000,2026-07-27T04:30:00Z,UP,YES,,60.4429,official-venue-resolution,false,false,false,,
sol,sol:1785126600000,1785126600000,1785127500000,2026-07-27T04:30:00Z,UP,YES,,76.3523,official-venue-resolution,false,false,false,,
xrp,xrp:1785126600000,1785126600000,1785127500000,2026-07-27T04:30:00Z,UP,YES,,1.108,official-venue-resolution,false,false,false,,
bnb,bnb:1785127500000,1785127500000,1785128400000,2026-07-27T04:45:00Z,UP,YES,,573.49,official-venue-resolution,false,false,false,,
btc,btc:1785127500000,1785127500000,1785128400000,2026-07-27T04:45:00Z,DOWN,NO,,65235.55,official-venue-resolution,false,false,false,,
doge,doge:1785127500000,1785127500000,1785128400000,2026-07-27T04:45:00Z,DOWN,NO,,0.0727369,official-venue-resolution,false,false,false,,
eth,eth:1785127500000,1785127500000,1785128400000,2026-07-27T04:45:00Z,DOWN,NO,,1952.06,official-venue-resolution,false,false,false,,
hype,hype:1785127500000,1785127500000,1785128400000,2026-07-27T04:45:00Z,DOWN,NO,,60.2049,official-venue-resolution,false,false,false,,
sol,sol:1785127500000,1785127500000,1785128400000,2026-07-27T04:45:00Z,DOWN,NO,,76.2557,official-venue-resolution,false,false,false,,
xrp,xrp:1785127500000,1785127500000,1785128400000,2026-07-27T04:45:00Z,DOWN,NO,,1.1056,official-venue-resolution,false,false,false,,
bnb,bnb:1785128400000,1785128400000,1785129300000,2026-07-27T05:00:00Z,UP,YES,,573.76,official-venue-resolution,false,false,false,,
btc,btc:1785128400000,1785128400000,1785129300000,2026-07-27T05:00:00Z,UP,YES,,65328.75,official-venue-resolution,false,false,false,,
doge,doge:1785128400000,1785128400000,1785129300000,2026-07-27T05:00:00Z,UP,YES,,0.0728863,official-venue-resolution,false,false,false,,
eth,eth:1785128400000,1785128400000,1785129300000,2026-07-27T05:00:00Z,UP,YES,,1955.37,official-venue-resolution,false,false,false,,
hype,hype:1785128400000,1785128400000,1785129300000,2026-07-27T05:00:00Z,UP,YES,,60.4586,official-venue-resolution,false,false,false,,
sol,sol:1785128400000,1785128400000,1785129300000,2026-07-27T05:00:00Z,UP,YES,,76.3903,official-venue-resolution,false,false,false,,
xrp,xrp:1785128400000,1785128400000,1785129300000,2026-07-27T05:00:00Z,UP,YES,,1.1073,official-venue-resolution,false,false,false,,
bnb,bnb:1785129300000,1785129300000,1785130200000,2026-07-27T05:15:00Z,UP,YES,,574.16,official-venue-resolution,false,false,false,,
btc,btc:1785129300000,1785129300000,1785130200000,2026-07-27T05:15:00Z,UP,YES,,65353.83,official-venue-resolution,false,false,false,,
doge,doge:1785129300000,1785129300000,1785130200000,2026-07-27T05:15:00Z,DOWN,NO,,0.0727975,official-venue-resolution,false,false,false,,
eth,eth:1785129300000,1785129300000,1785130200000,2026-07-27T05:15:00Z,UP,YES,,1957.39,official-venue-resolution,false,false,false,,
hype,hype:1785129300000,1785129300000,1785130200000,2026-07-27T05:15:00Z,DOWN,NO,,60.3012,official-venue-resolution,false,false,false,,
sol,sol:1785129300000,1785129300000,1785130200000,2026-07-27T05:15:00Z,DOWN,NO,,76.3702,official-venue-resolution,false,false,false,,
xrp,xrp:1785129300000,1785129300000,1785130200000,2026-07-27T05:15:00Z,UP,YES,,1.108,official-venue-resolution,false,false,false,,
bnb,bnb:1785130200000,1785130200000,1785131100000,2026-07-27T05:30:00Z,DOWN,YES,,574.33,official-venue-resolution,true,true,false,,
btc,btc:1785130200000,1785130200000,1785131100000,2026-07-27T05:30:00Z,DOWN,NO,,65343.63,official-venue-resolution,false,false,false,,
doge,doge:1785130200000,1785130200000,1785131100000,2026-07-27T05:30:00Z,DOWN,NO,,0.0727209,official-venue-resolution,false,false,false,,
eth,eth:1785130200000,1785130200000,1785131100000,2026-07-27T05:30:00Z,UP,YES,,1959.1,official-venue-resolution,false,false,false,,
hype,hype:1785130200000,1785130200000,1785131100000,2026-07-27T05:30:00Z,DOWN,NO,,60.1457,official-venue-resolution,false,false,false,,
sol,sol:1785130200000,1785130200000,1785131100000,2026-07-27T05:30:00Z,DOWN,NO,,76.3215,official-venue-resolution,false,false,false,,
xrp,xrp:1785130200000,1785130200000,1785131100000,2026-07-27T05:30:00Z,DOWN,YES,,1.108,official-venue-resolution,true,true,false,,
bnb,bnb:1785131100000,1785131100000,1785132000000,2026-07-27T05:45:00Z,UP,YES,,575.11,official-venue-resolution,false,false,false,,
btc,btc:1785131100000,1785131100000,1785132000000,2026-07-27T05:45:00Z,UP,YES,,65417.12,official-venue-resolution,false,false,false,,
doge,doge:1785131100000,1785131100000,1785132000000,2026-07-27T05:45:00Z,UP,YES,,0.0729268,official-venue-resolution,false,false,false,,
eth,eth:1785131100000,1785131100000,1785132000000,2026-07-27T05:45:00Z,UP,YES,,1964.92,official-venue-resolution,false,false,false,,
hype,hype:1785131100000,1785131100000,1785132000000,2026-07-27T05:45:00Z,DOWN,NO,,60.1339,official-venue-resolution,false,false,false,,
sol,sol:1785131100000,1785131100000,1785132000000,2026-07-27T05:45:00Z,UP,YES,,76.5177,official-venue-resolution,false,false,false,,
xrp,xrp:1785131100000,1785131100000,1785132000000,2026-07-27T05:45:00Z,UP,YES,,1.1094,official-venue-resolution,false,false,false,,
bnb,bnb:1785132000000,1785132000000,1785132900000,2026-07-27T06:00:00Z,UP,YES,,575.35,official-venue-resolution,false,false,false,,
btc,btc:1785132000000,1785132000000,1785132900000,2026-07-27T06:00:00Z,UP,YES,,65541.82,official-venue-resolution,false,false,false,,
doge,doge:1785132000000,1785132000000,1785132900000,2026-07-27T06:00:00Z,UP,YES,,0.073164,official-venue-resolution,false,false,false,,
eth,eth:1785132000000,1785132000000,1785132900000,2026-07-27T06:00:00Z,UP,YES,,1968.27,official-venue-resolution,false,false,false,,
hype,hype:1785132000000,1785132000000,1785132900000,2026-07-27T06:00:00Z,UP,YES,,60.176,official-venue-resolution,false,false,false,,
sol,sol:1785132000000,1785132000000,1785132900000,2026-07-27T06:00:00Z,UP,YES,,76.8183,official-venue-resolution,false,false,false,,
xrp,xrp:1785132000000,1785132000000,1785132900000,2026-07-27T06:00:00Z,UP,YES,,1.1115,official-venue-resolution,false,false,false,,
bnb,bnb:1785132900000,1785132900000,1785133800000,2026-07-27T06:15:00Z,DOWN,NO,,574.53,official-venue-resolution,false,false,false,,
btc,btc:1785132900000,1785132900000,1785133800000,2026-07-27T06:15:00Z,DOWN,NO,,65430.51,official-venue-resolution,false,false,false,,
doge,doge:1785132900000,1785132900000,1785133800000,2026-07-27T06:15:00Z,DOWN,NO,,0.0729964,official-venue-resolution,false,false,false,,
eth,eth:1785132900000,1785132900000,1785133800000,2026-07-27T06:15:00Z,DOWN,NO,,1964.47,official-venue-resolution,false,false,false,,
hype,hype:1785132900000,1785132900000,1785133800000,2026-07-27T06:15:00Z,DOWN,NO,,60.0546,official-venue-resolution,false,false,false,,
sol,sol:1785132900000,1785132900000,1785133800000,2026-07-27T06:15:00Z,DOWN,NO,,76.631,official-venue-resolution,false,false,false,,
xrp,xrp:1785132900000,1785132900000,1785133800000,2026-07-27T06:15:00Z,DOWN,NO,,1.1102,official-venue-resolution,false,false,false,,
bnb,bnb:1785133800000,1785133800000,1785134700000,2026-07-27T06:30:00Z,UP,YES,,575.31,official-venue-resolution,false,false,false,,
btc,btc:1785133800000,1785133800000,1785134700000,2026-07-27T06:30:00Z,UP,YES,,65480.33,official-venue-resolution,false,false,false,,
doge,doge:1785133800000,1785133800000,1785134700000,2026-07-27T06:30:00Z,UP,YES,,0.0731228,official-venue-resolution,false,false,false,,
eth,eth:1785133800000,1785133800000,1785134700000,2026-07-27T06:30:00Z,UP,YES,,1971,official-venue-resolution,false,false,false,,
hype,hype:1785133800000,1785133800000,1785134700000,2026-07-27T06:30:00Z,UP,YES,,60.2268,official-venue-resolution,false,false,false,,
sol,sol:1785133800000,1785133800000,1785134700000,2026-07-27T06:30:00Z,UP,YES,,76.7862,official-venue-resolution,false,false,false,,
xrp,xrp:1785133800000,1785133800000,1785134700000,2026-07-27T06:30:00Z,UP,YES,,1.1114,official-venue-resolution,false,false,false,,
bnb,bnb:1785134700000,1785134700000,1785135600000,2026-07-27T06:45:00Z,DOWN,NO,,574.8,official-venue-resolution,false,false,false,,
btc,btc:1785134700000,1785134700000,1785135600000,2026-07-27T06:45:00Z,DOWN,NO,,65368.76,official-venue-resolution,false,false,false,,
doge,doge:1785134700000,1785134700000,1785135600000,2026-07-27T06:45:00Z,DOWN,NO,,0.0729707,official-venue-resolution,false,false,false,,
eth,eth:1785134700000,1785134700000,1785135600000,2026-07-27T06:45:00Z,DOWN,NO,,1967.58,official-venue-resolution,false,false,false,,
hype,hype:1785134700000,1785134700000,1785135600000,2026-07-27T06:45:00Z,DOWN,NO,,60.1353,official-venue-resolution,false,false,false,,
sol,sol:1785134700000,1785134700000,1785135600000,2026-07-27T06:45:00Z,DOWN,NO,,76.687,official-venue-resolution,false,false,false,,
xrp,xrp:1785134700000,1785134700000,1785135600000,2026-07-27T06:45:00Z,DOWN,NO,,1.1105,official-venue-resolution,false,false,false,,
bnb,bnb:1785135600000,1785135600000,1785136500000,2026-07-27T07:00:00Z,UP,YES,,574.84,official-venue-resolution,false,false,false,,
btc,btc:1785135600000,1785135600000,1785136500000,2026-07-27T07:00:00Z,UP,YES,,65370.95,official-venue-resolution,false,false,false,,
doge,doge:1785135600000,1785135600000,1785136500000,2026-07-27T07:00:00Z,UP,NO,,0.0729672,official-venue-resolution,true,false,true,,
eth,eth:1785135600000,1785135600000,1785136500000,2026-07-27T07:00:00Z,UP,YES,,1969.74,official-venue-resolution,false,false,false,,
hype,hype:1785135600000,1785135600000,1785136500000,2026-07-27T07:00:00Z,DOWN,NO,,59.9752,official-venue-resolution,false,false,false,,
sol,sol:1785135600000,1785135600000,1785136500000,2026-07-27T07:00:00Z,DOWN,NO,,76.6432,official-venue-resolution,false,false,false,,
xrp,xrp:1785135600000,1785135600000,1785136500000,2026-07-27T07:00:00Z,UP,NO,,1.1102,official-venue-resolution,true,false,true,,
bnb,bnb:1785136500000,1785136500000,1785137400000,2026-07-27T07:15:00Z,DOWN,NO,,574.8,official-venue-resolution,false,false,false,,
btc,btc:1785136500000,1785136500000,1785137400000,2026-07-27T07:15:00Z,DOWN,NO,,65365.97,official-venue-resolution,false,false,false,,
doge,doge:1785136500000,1785136500000,1785137400000,2026-07-27T07:15:00Z,DOWN,NO,,0.0728931,official-venue-resolution,false,false,false,,
eth,eth:1785136500000,1785136500000,1785137400000,2026-07-27T07:15:00Z,DOWN,NO,,1968.56,official-venue-resolution,false,false,false,,
hype,hype:1785136500000,1785136500000,1785137400000,2026-07-27T07:15:00Z,DOWN,NO,,59.9631,official-venue-resolution,false,false,false,,
sol,sol:1785136500000,1785136500000,1785137400000,2026-07-27T07:15:00Z,DOWN,NO,,76.5285,official-venue-resolution,false,false,false,,
xrp,xrp:1785136500000,1785136500000,1785137400000,2026-07-27T07:15:00Z,DOWN,NO,,1.1091,official-venue-resolution,false,false,false,,
bnb,bnb:1785137400000,1785137400000,1785138300000,2026-07-27T07:30:00Z,DOWN,NO,,574.6,official-venue-resolution,false,false,false,,
btc,btc:1785137400000,1785137400000,1785138300000,2026-07-27T07:30:00Z,DOWN,NO,,65225.64,official-venue-resolution,false,false,false,,
doge,doge:1785137400000,1785137400000,1785138300000,2026-07-27T07:30:00Z,DOWN,NO,,0.0727467,official-venue-resolution,false,false,false,,
eth,eth:1785137400000,1785137400000,1785138300000,2026-07-27T07:30:00Z,DOWN,NO,,1964.85,official-venue-resolution,false,false,false,,
hype,hype:1785137400000,1785137400000,1785138300000,2026-07-27T07:30:00Z,UP,YES,,59.9683,official-venue-resolution,false,false,false,,
sol,sol:1785137400000,1785137400000,1785138300000,2026-07-27T07:30:00Z,DOWN,NO,,76.4617,official-venue-resolution,false,false,false,,
xrp,xrp:1785137400000,1785137400000,1785138300000,2026-07-27T07:30:00Z,DOWN,NO,,1.1069,official-venue-resolution,false,false,false,,
bnb,bnb:1785138300000,1785138300000,1785139200000,2026-07-27T07:45:00Z,DOWN,NO,,574.43,official-venue-resolution,false,false,false,,
btc,btc:1785138300000,1785138300000,1785139200000,2026-07-27T07:45:00Z,DOWN,NO,,65184.59,official-venue-resolution,false,false,false,,
doge,doge:1785138300000,1785138300000,1785139200000,2026-07-27T07:45:00Z,UP,YES,,0.0728207,official-venue-resolution,false,false,false,,
eth,eth:1785138300000,1785138300000,1785139200000,2026-07-27T07:45:00Z,DOWN,NO,,1963.53,official-venue-resolution,false,false,false,,
hype,hype:1785138300000,1785138300000,1785139200000,2026-07-27T07:45:00Z,DOWN,YES,,59.99,official-venue-resolution,true,true,false,,
sol,sol:1785138300000,1785138300000,1785139200000,2026-07-27T07:45:00Z,DOWN,NO,,76.4303,official-venue-resolution,false,false,false,,
xrp,xrp:1785138300000,1785138300000,1785139200000,2026-07-27T07:45:00Z,DOWN,YES,,1.1071,official-venue-resolution,true,true,false,,
bnb,bnb:1785139200000,1785139200000,1785140100000,2026-07-27T08:00:00Z,DOWN,YES,,574.44,official-venue-resolution,true,true,false,,
btc,btc:1785139200000,1785139200000,1785140100000,2026-07-27T08:00:00Z,DOWN,NO,,65145.03,official-venue-resolution,false,false,false,,
doge,doge:1785139200000,1785139200000,1785140100000,2026-07-27T08:00:00Z,DOWN,NO,,0.07259,official-venue-resolution,false,false,false,,
eth,eth:1785139200000,1785139200000,1785140100000,2026-07-27T08:00:00Z,UP,YES,,1963.9,official-venue-resolution,false,false,false,,
hype,hype:1785139200000,1785139200000,1785140100000,2026-07-27T08:00:00Z,DOWN,NO,,59.9124,official-venue-resolution,false,false,false,,
sol,sol:1785139200000,1785139200000,1785140100000,2026-07-27T08:00:00Z,DOWN,NO,,76.3325,official-venue-resolution,false,false,false,,
xrp,xrp:1785139200000,1785139200000,1785140100000,2026-07-27T08:00:00Z,DOWN,NO,,1.1061,official-venue-resolution,false,false,false,,
bnb,bnb:1785140100000,1785140100000,1785141000000,2026-07-27T08:15:00Z,UP,YES,,574.79,official-venue-resolution,false,false,false,,
btc,btc:1785140100000,1785140100000,1785141000000,2026-07-27T08:15:00Z,UP,YES,,65179.58,official-venue-resolution,false,false,false,,
doge,doge:1785140100000,1785140100000,1785141000000,2026-07-27T08:15:00Z,UP,YES,,0.072639,official-venue-resolution,false,false,false,,
eth,eth:1785140100000,1785140100000,1785141000000,2026-07-27T08:15:00Z,UP,YES,,1966.18,official-venue-resolution,false,false,false,,
hype,hype:1785140100000,1785140100000,1785141000000,2026-07-27T08:15:00Z,UP,YES,,60.2648,official-venue-resolution,false,false,false,,
sol,sol:1785140100000,1785140100000,1785141000000,2026-07-27T08:15:00Z,UP,YES,,76.335,official-venue-resolution,false,false,false,,
xrp,xrp:1785140100000,1785140100000,1785141000000,2026-07-27T08:15:00Z,UP,YES,,1.107,official-venue-resolution,false,false,false,,
bnb,bnb:1785141000000,1785141000000,1785141900000,2026-07-27T08:30:00Z,DOWN,NO,,574.52,official-venue-resolution,false,false,false,,
btc,btc:1785141000000,1785141000000,1785141900000,2026-07-27T08:30:00Z,DOWN,NO,,65114.16,official-venue-resolution,false,false,false,,
doge,doge:1785141000000,1785141000000,1785141900000,2026-07-27T08:30:00Z,DOWN,NO,,0.072544,official-venue-resolution,false,false,false,,
eth,eth:1785141000000,1785141000000,1785141900000,2026-07-27T08:30:00Z,DOWN,NO,,1964.42,official-venue-resolution,false,false,false,,
hype,hype:1785141000000,1785141000000,1785141900000,2026-07-27T08:30:00Z,UP,YES,,60.2729,official-venue-resolution,false,false,false,,
sol,sol:1785141000000,1785141000000,1785141900000,2026-07-27T08:30:00Z,DOWN,NO,,76.2577,official-venue-resolution,false,false,false,,
xrp,xrp:1785141000000,1785141000000,1785141900000,2026-07-27T08:30:00Z,DOWN,NO,,1.1061,official-venue-resolution,false,false,false,,
bnb,bnb:1785141900000,1785141900000,1785142800000,2026-07-27T08:45:00Z,DOWN,NO,,573.4,official-venue-resolution,false,false,false,,
btc,btc:1785141900000,1785141900000,1785142800000,2026-07-27T08:45:00Z,UP,YES,,65117.21,official-venue-resolution,false,false,false,,
doge,doge:1785141900000,1785141900000,1785142800000,2026-07-27T08:45:00Z,UP,YES,,0.0725661,official-venue-resolution,false,false,false,,
eth,eth:1785141900000,1785141900000,1785142800000,2026-07-27T08:45:00Z,DOWN,NO,,1963.91,official-venue-resolution,false,false,false,,
hype,hype:1785141900000,1785141900000,1785142800000,2026-07-27T08:45:00Z,DOWN,NO,,60.1736,official-venue-resolution,false,false,false,,
sol,sol:1785141900000,1785141900000,1785142800000,2026-07-27T08:45:00Z,UP,NO,,76.2553,official-venue-resolution,true,false,true,,
xrp,xrp:1785141900000,1785141900000,1785142800000,2026-07-27T08:45:00Z,UP,YES,,1.1062,official-venue-resolution,false,false,false,,
bnb,bnb:1785142800000,1785142800000,1785143700000,2026-07-27T09:00:00Z,DOWN,NO,,571.88,official-venue-resolution,false,false,false,,
btc,btc:1785142800000,1785142800000,1785143700000,2026-07-27T09:00:00Z,DOWN,NO,,65074.57,official-venue-resolution,false,false,false,,
doge,doge:1785142800000,1785142800000,1785143700000,2026-07-27T09:00:00Z,DOWN,NO,,0.0722748,official-venue-resolution,false,false,false,,
eth,eth:1785142800000,1785142800000,1785143700000,2026-07-27T09:00:00Z,DOWN,NO,,1956.75,official-venue-resolution,false,false,false,,
hype,hype:1785142800000,1785142800000,1785143700000,2026-07-27T09:00:00Z,DOWN,NO,,60.0639,official-venue-resolution,false,false,false,,
sol,sol:1785142800000,1785142800000,1785143700000,2026-07-27T09:00:00Z,DOWN,NO,,76.1478,official-venue-resolution,false,false,false,,
xrp,xrp:1785142800000,1785142800000,1785143700000,2026-07-27T09:00:00Z,DOWN,NO,,1.1047,official-venue-resolution,false,false,false,,
bnb,bnb:1785143700000,1785143700000,1785144600000,2026-07-27T09:15:00Z,UP,YES,,572.14,official-venue-resolution,false,false,false,,
btc,btc:1785143700000,1785143700000,1785144600000,2026-07-27T09:15:00Z,UP,YES,,65164.87,official-venue-resolution,false,false,false,,
doge,doge:1785143700000,1785143700000,1785144600000,2026-07-27T09:15:00Z,UP,YES,,0.0724206,official-venue-resolution,false,false,false,,
eth,eth:1785143700000,1785143700000,1785144600000,2026-07-27T09:15:00Z,UP,YES,,1958.92,official-venue-resolution,false,false,false,,
hype,hype:1785143700000,1785143700000,1785144600000,2026-07-27T09:15:00Z,UP,YES,,60.1246,official-venue-resolution,false,false,false,,
sol,sol:1785143700000,1785143700000,1785144600000,2026-07-27T09:15:00Z,UP,YES,,76.2898,official-venue-resolution,false,false,false,,
xrp,xrp:1785143700000,1785143700000,1785144600000,2026-07-27T09:15:00Z,UP,YES,,1.1062,official-venue-resolution,false,false,false,,
bnb,bnb:1785144600000,1785144600000,1785145500000,2026-07-27T09:30:00Z,UP,YES,,572.56,official-venue-resolution,false,false,false,,
btc,btc:1785144600000,1785144600000,1785145500000,2026-07-27T09:30:00Z,UP,YES,,65242.06,official-venue-resolution,false,false,false,,
doge,doge:1785144600000,1785144600000,1785145500000,2026-07-27T09:30:00Z,UP,YES,,0.0726305,official-venue-resolution,false,false,false,,
eth,eth:1785144600000,1785144600000,1785145500000,2026-07-27T09:30:00Z,UP,YES,,1965.03,official-venue-resolution,false,false,false,,
hype,hype:1785144600000,1785144600000,1785145500000,2026-07-27T09:30:00Z,UP,YES,,60.2059,official-venue-resolution,false,false,false,,
sol,sol:1785144600000,1785144600000,1785145500000,2026-07-27T09:30:00Z,UP,YES,,76.392,official-venue-resolution,false,false,false,,
xrp,xrp:1785144600000,1785144600000,1785145500000,2026-07-27T09:30:00Z,UP,YES,,1.1076,official-venue-resolution,false,false,false,,
bnb,bnb:1785145500000,1785145500000,1785146400000,2026-07-27T09:45:00Z,DOWN,NO,,572.28,official-venue-resolution,false,false,false,,
btc,btc:1785145500000,1785145500000,1785146400000,2026-07-27T09:45:00Z,DOWN,NO,,65211.09,official-venue-resolution,false,false,false,,
doge,doge:1785145500000,1785145500000,1785146400000,2026-07-27T09:45:00Z,DOWN,YES,,0.0726324,official-venue-resolution,true,true,false,,
eth,eth:1785145500000,1785145500000,1785146400000,2026-07-27T09:45:00Z,DOWN,NO,,1964.04,official-venue-resolution,false,false,false,,
hype,hype:1785145500000,1785145500000,1785146400000,2026-07-27T09:45:00Z,DOWN,NO,,60.0811,official-venue-resolution,false,false,false,,
sol,sol:1785145500000,1785145500000,1785146400000,2026-07-27T09:45:00Z,UP,YES,,76.429,official-venue-resolution,false,false,false,,
xrp,xrp:1785145500000,1785145500000,1785146400000,2026-07-27T09:45:00Z,DOWN,NO,,1.1074,official-venue-resolution,false,false,false,,
bnb,bnb:1785146400000,1785146400000,1785147300000,2026-07-27T10:00:00Z,DOWN,NO,,572.01,official-venue-resolution,false,false,false,,
btc,btc:1785146400000,1785146400000,1785147300000,2026-07-27T10:00:00Z,DOWN,NO,,65190.87,official-venue-resolution,false,false,false,,
doge,doge:1785146400000,1785146400000,1785147300000,2026-07-27T10:00:00Z,UP,YES,,0.0727112,official-venue-resolution,false,false,false,,
eth,eth:1785146400000,1785146400000,1785147300000,2026-07-27T10:00:00Z,DOWN,NO,,1963.07,official-venue-resolution,false,false,false,,
hype,hype:1785146400000,1785146400000,1785147300000,2026-07-27T10:00:00Z,DOWN,NO,,60.048,official-venue-resolution,false,false,false,,
sol,sol:1785146400000,1785146400000,1785147300000,2026-07-27T10:00:00Z,UP,NO,,76.4212,official-venue-resolution,true,false,true,,
xrp,xrp:1785146400000,1785146400000,1785147300000,2026-07-27T10:00:00Z,UP,NO,,1.1073,official-venue-resolution,true,false,true,,
bnb,bnb:1785147300000,1785147300000,1785148200000,2026-07-27T10:15:00Z,UP,YES,,572.36,official-venue-resolution,false,false,false,,
btc,btc:1785147300000,1785147300000,1785148200000,2026-07-27T10:15:00Z,UP,YES,,65294.58,official-venue-resolution,false,false,false,,
doge,doge:1785147300000,1785147300000,1785148200000,2026-07-27T10:15:00Z,DOWN,NO,,0.0727023,official-venue-resolution,false,false,false,,
eth,eth:1785147300000,1785147300000,1785148200000,2026-07-27T10:15:00Z,UP,YES,,1964.95,official-venue-resolution,false,false,false,,
hype,hype:1785147300000,1785147300000,1785148200000,2026-07-27T10:15:00Z,UP,YES,,60.1165,official-venue-resolution,false,false,false,,
sol,sol:1785147300000,1785147300000,1785148200000,2026-07-27T10:15:00Z,UP,YES,,76.504,official-venue-resolution,false,false,false,,
xrp,xrp:1785147300000,1785147300000,1785148200000,2026-07-27T10:15:00Z,UP,YES,,1.1076,official-venue-resolution,false,false,false,,
bnb,bnb:1785148200000,1785148200000,1785149100000,2026-07-27T10:30:00Z,UP,YES,,573.65,official-venue-resolution,false,false,false,,
btc,btc:1785148200000,1785148200000,1785149100000,2026-07-27T10:30:00Z,UP,YES,,65352.85,official-venue-resolution,false,false,false,,
doge,doge:1785148200000,1785148200000,1785149100000,2026-07-27T10:30:00Z,UP,YES,,0.0727465,official-venue-resolution,false,false,false,,
eth,eth:1785148200000,1785148200000,1785149100000,2026-07-27T10:30:00Z,UP,YES,,1969.19,official-venue-resolution,false,false,false,,
hype,hype:1785148200000,1785148200000,1785149100000,2026-07-27T10:30:00Z,UP,YES,,60.3109,official-venue-resolution,false,false,false,,
sol,sol:1785148200000,1785148200000,1785149100000,2026-07-27T10:30:00Z,UP,YES,,76.5837,official-venue-resolution,false,false,false,,
xrp,xrp:1785148200000,1785148200000,1785149100000,2026-07-27T10:30:00Z,UP,YES,,1.1082,official-venue-resolution,false,false,false,,
bnb,bnb:1785149100000,1785149100000,1785150000000,2026-07-27T10:45:00Z,DOWN,NO,,573.39,official-venue-resolution,false,false,false,,
btc,btc:1785149100000,1785149100000,1785150000000,2026-07-27T10:45:00Z,DOWN,NO,,65283.56,official-venue-resolution,false,false,false,,
doge,doge:1785149100000,1785149100000,1785150000000,2026-07-27T10:45:00Z,UP,NO,,0.0727276,official-venue-resolution,true,false,true,,
eth,eth:1785149100000,1785149100000,1785150000000,2026-07-27T10:45:00Z,DOWN,NO,,1965.89,official-venue-resolution,false,false,false,,
hype,hype:1785149100000,1785149100000,1785150000000,2026-07-27T10:45:00Z,UP,YES,,60.3836,official-venue-resolution,false,false,false,,
sol,sol:1785149100000,1785149100000,1785150000000,2026-07-27T10:45:00Z,DOWN,NO,,76.5413,official-venue-resolution,false,false,false,,
xrp,xrp:1785149100000,1785149100000,1785150000000,2026-07-27T10:45:00Z,DOWN,NO,,1.1072,official-venue-resolution,false,false,false,,
bnb,bnb:1785150000000,1785150000000,1785150900000,2026-07-27T11:00:00Z,DOWN,NO,,573.22,official-venue-resolution,false,false,false,,
btc,btc:1785150000000,1785150000000,1785150900000,2026-07-27T11:00:00Z,DOWN,NO,,65201.98,official-venue-resolution,false,false,false,,
doge,doge:1785150000000,1785150000000,1785150900000,2026-07-27T11:00:00Z,DOWN,NO,,0.0727253,official-venue-resolution,false,false,false,,
eth,eth:1785150000000,1785150000000,1785150900000,2026-07-27T11:00:00Z,DOWN,NO,,1963.8,official-venue-resolution,false,false,false,,
hype,hype:1785150000000,1785150000000,1785150900000,2026-07-27T11:00:00Z,DOWN,NO,,60.3716,official-venue-resolution,false,false,false,,
sol,sol:1785150000000,1785150000000,1785150900000,2026-07-27T11:00:00Z,DOWN,NO,,76.5037,official-venue-resolution,false,false,false,,
xrp,xrp:1785150000000,1785150000000,1785150900000,2026-07-27T11:00:00Z,UP,YES,,1.1081,official-venue-resolution,false,false,false,,
bnb,bnb:1785150900000,1785150900000,1785151800000,2026-07-27T11:15:00Z,DOWN,NO,,572.97,official-venue-resolution,false,false,false,,
btc,btc:1785150900000,1785150900000,1785151800000,2026-07-27T11:15:00Z,DOWN,NO,,65125.05,official-venue-resolution,false,false,false,,
doge,doge:1785150900000,1785150900000,1785151800000,2026-07-27T11:15:00Z,DOWN,NO,,0.0726753,official-venue-resolution,false,false,false,,
eth,eth:1785150900000,1785150900000,1785151800000,2026-07-27T11:15:00Z,DOWN,NO,,1960.94,official-venue-resolution,false,false,false,,
hype,hype:1785150900000,1785150900000,1785151800000,2026-07-27T11:15:00Z,DOWN,NO,,59.9198,official-venue-resolution,false,false,false,,
sol,sol:1785150900000,1785150900000,1785151800000,2026-07-27T11:15:00Z,DOWN,YES,,76.527,official-venue-resolution,true,true,false,,
xrp,xrp:1785150900000,1785150900000,1785151800000,2026-07-27T11:15:00Z,DOWN,NO,,1.1056,official-venue-resolution,false,false,false,,
bnb,bnb:1785151800000,1785151800000,1785152700000,2026-07-27T11:30:00Z,UP,YES,,572.99,official-venue-resolution,false,false,false,,
btc,btc:1785151800000,1785151800000,1785152700000,2026-07-27T11:30:00Z,UP,NO,,65110.95,official-venue-resolution,true,false,true,,
doge,doge:1785151800000,1785151800000,1785152700000,2026-07-27T11:30:00Z,UP,NO,,0.0726491,official-venue-resolution,true,false,true,,
eth,eth:1785151800000,1785151800000,1785152700000,2026-07-27T11:30:00Z,UP,NO,,1958.78,official-venue-resolution,true,false,true,,
hype,hype:1785151800000,1785151800000,1785152700000,2026-07-27T11:30:00Z,UP,YES,,59.9774,official-venue-resolution,false,false,false,,
sol,sol:1785151800000,1785151800000,1785152700000,2026-07-27T11:30:00Z,UP,YES,,76.5585,official-venue-resolution,false,false,false,,
xrp,xrp:1785151800000,1785151800000,1785152700000,2026-07-27T11:30:00Z,UP,YES,,1.1057,official-venue-resolution,false,false,false,,
bnb,bnb:1785152700000,1785152700000,1785153600000,2026-07-27T11:45:00Z,DOWN,NO,,572.73,official-venue-resolution,false,false,false,,
btc,btc:1785152700000,1785152700000,1785153600000,2026-07-27T11:45:00Z,DOWN,NO,,65052.32,official-venue-resolution,false,false,false,,
doge,doge:1785152700000,1785152700000,1785153600000,2026-07-27T11:45:00Z,DOWN,NO,,0.0725285,official-venue-resolution,false,false,false,,
eth,eth:1785152700000,1785152700000,1785153600000,2026-07-27T11:45:00Z,DOWN,NO,,1958.5,official-venue-resolution,false,false,false,,
hype,hype:1785152700000,1785152700000,1785153600000,2026-07-27T11:45:00Z,DOWN,NO,,59.8461,official-venue-resolution,false,false,false,,
sol,sol:1785152700000,1785152700000,1785153600000,2026-07-27T11:45:00Z,DOWN,NO,,76.4592,official-venue-resolution,false,false,false,,
xrp,xrp:1785152700000,1785152700000,1785153600000,2026-07-27T11:45:00Z,DOWN,NO,,1.1048,official-venue-resolution,false,false,false,,
bnb,bnb:1785153600000,1785153600000,1785154500000,2026-07-27T12:00:00Z,DOWN,NO,,572.7,official-venue-resolution,false,false,false,,
btc,btc:1785153600000,1785153600000,1785154500000,2026-07-27T12:00:00Z,DOWN,NO,,65048.56,official-venue-resolution,false,false,false,,
doge,doge:1785153600000,1785153600000,1785154500000,2026-07-27T12:00:00Z,DOWN,NO,,0.0725175,official-venue-resolution,false,false,false,,
eth,eth:1785153600000,1785153600000,1785154500000,2026-07-27T12:00:00Z,DOWN,NO,,1955.06,official-venue-resolution,false,false,false,,
hype,hype:1785153600000,1785153600000,1785154500000,2026-07-27T12:00:00Z,UP,YES,,59.8717,official-venue-resolution,false,false,false,,
sol,sol:1785153600000,1785153600000,1785154500000,2026-07-27T12:00:00Z,UP,YES,,76.518,official-venue-resolution,false,false,false,,
xrp,xrp:1785153600000,1785153600000,1785154500000,2026-07-27T12:00:00Z,DOWN,NO,,1.1029,official-venue-resolution,false,false,false,,
bnb,bnb:1785154500000,1785154500000,1785155400000,2026-07-27T12:15:00Z,DOWN,NO,,571.9,official-venue-resolution,false,false,false,,
btc,btc:1785154500000,1785154500000,1785155400000,2026-07-27T12:15:00Z,DOWN,NO,,64975.03,official-venue-resolution,false,false,false,,
doge,doge:1785154500000,1785154500000,1785155400000,2026-07-27T12:15:00Z,UP,NO,,0.0725128,official-venue-resolution,true,false,true,,
eth,eth:1785154500000,1785154500000,1785155400000,2026-07-27T12:15:00Z,DOWN,NO,,1947.61,official-venue-resolution,false,false,false,,
hype,hype:1785154500000,1785154500000,1785155400000,2026-07-27T12:15:00Z,DOWN,NO,,59.5832,official-venue-resolution,false,false,false,,
sol,sol:1785154500000,1785154500000,1785155400000,2026-07-27T12:15:00Z,DOWN,NO,,76.3633,official-venue-resolution,false,false,false,,
xrp,xrp:1785154500000,1785154500000,1785155400000,2026-07-27T12:15:00Z,DOWN,NO,,1.1014,official-venue-resolution,false,false,false,,
bnb,bnb:1785155400000,1785155400000,1785156300000,2026-07-27T12:30:00Z,UP,YES,,572.23,official-venue-resolution,false,false,false,,
btc,btc:1785155400000,1785155400000,1785156300000,2026-07-27T12:30:00Z,UP,YES,,64990.42,official-venue-resolution,false,false,false,,
doge,doge:1785155400000,1785155400000,1785156300000,2026-07-27T12:30:00Z,UP,YES,,0.072697,official-venue-resolution,false,false,false,,
eth,eth:1785155400000,1785155400000,1785156300000,2026-07-27T12:30:00Z,UP,YES,,1951.63,official-venue-resolution,false,false,false,,
hype,hype:1785155400000,1785155400000,1785156300000,2026-07-27T12:30:00Z,UP,YES,,59.7298,official-venue-resolution,false,false,false,,
sol,sol:1785155400000,1785155400000,1785156300000,2026-07-27T12:30:00Z,UP,YES,,76.7213,official-venue-resolution,false,false,false,,
xrp,xrp:1785155400000,1785155400000,1785156300000,2026-07-27T12:30:00Z,UP,YES,,1.1033,official-venue-resolution,false,false,false,,
bnb,bnb:1785156300000,1785156300000,1785157200000,2026-07-27T12:45:00Z,UP,YES,,573.13,official-venue-resolution,false,false,false,,
btc,btc:1785156300000,1785156300000,1785157200000,2026-07-27T12:45:00Z,UP,YES,,65021.99,official-venue-resolution,false,false,false,,
doge,doge:1785156300000,1785156300000,1785157200000,2026-07-27T12:45:00Z,UP,YES,,0.0728591,official-venue-resolution,false,false,false,,
eth,eth:1785156300000,1785156300000,1785157200000,2026-07-27T12:45:00Z,UP,YES,,1955.52,official-venue-resolution,false,false,false,,
hype,hype:1785156300000,1785156300000,1785157200000,2026-07-27T12:45:00Z,UP,YES,,59.7829,official-venue-resolution,false,false,false,,
sol,sol:1785156300000,1785156300000,1785157200000,2026-07-27T12:45:00Z,DOWN,YES,,76.7883,official-venue-resolution,true,true,false,,
xrp,xrp:1785156300000,1785156300000,1785157200000,2026-07-27T12:45:00Z,UP,YES,,1.1042,official-venue-resolution,false,false,false,,
bnb,bnb:1785157200000,1785157200000,1785158100000,2026-07-27T13:00:00Z,UP,YES,,573.72,official-venue-resolution,false,false,false,,
btc,btc:1785157200000,1785157200000,1785158100000,2026-07-27T13:00:00Z,DOWN,NO,,64929.24,official-venue-resolution,false,false,false,,
doge,doge:1785157200000,1785157200000,1785158100000,2026-07-27T13:00:00Z,DOWN,NO,,0.0726571,official-venue-resolution,false,false,false,,
eth,eth:1785157200000,1785157200000,1785158100000,2026-07-27T13:00:00Z,DOWN,NO,,1953.23,official-venue-resolution,false,false,false,,
hype,hype:1785157200000,1785157200000,1785158100000,2026-07-27T13:00:00Z,DOWN,NO,,59.5422,official-venue-resolution,false,false,false,,
sol,sol:1785157200000,1785157200000,1785158100000,2026-07-27T13:00:00Z,DOWN,NO,,76.5898,official-venue-resolution,false,false,false,,
xrp,xrp:1785157200000,1785157200000,1785158100000,2026-07-27T13:00:00Z,DOWN,NO,,1.1028,official-venue-resolution,false,false,false,,
bnb,bnb:1785158100000,1785158100000,1785159000000,2026-07-27T13:15:00Z,DOWN,NO,,572.63,official-venue-resolution,false,false,false,,
btc,btc:1785158100000,1785158100000,1785159000000,2026-07-27T13:15:00Z,DOWN,NO,,64892.81,official-venue-resolution,false,false,false,,
doge,doge:1785158100000,1785158100000,1785159000000,2026-07-27T13:15:00Z,DOWN,NO,,0.0724609,official-venue-resolution,false,false,false,,
eth,eth:1785158100000,1785158100000,1785159000000,2026-07-27T13:15:00Z,DOWN,NO,,1950.8,official-venue-resolution,false,false,false,,
hype,hype:1785158100000,1785158100000,1785159000000,2026-07-27T13:15:00Z,DOWN,NO,,59.3469,official-venue-resolution,false,false,false,,
sol,sol:1785158100000,1785158100000,1785159000000,2026-07-27T13:15:00Z,DOWN,NO,,76.4487,official-venue-resolution,false,false,false,,
xrp,xrp:1785158100000,1785158100000,1785159000000,2026-07-27T13:15:00Z,DOWN,NO,,1.1022,official-venue-resolution,false,false,false,,
bnb,bnb:1785159000000,1785159000000,1785159900000,2026-07-27T13:30:00Z,UP,YES,,576.3,official-venue-resolution,false,false,false,,
btc,btc:1785159000000,1785159000000,1785159900000,2026-07-27T13:30:00Z,UP,YES,,65600.71,official-venue-resolution,false,false,false,,
doge,doge:1785159000000,1785159000000,1785159900000,2026-07-27T13:30:00Z,UP,YES,,0.0730828,official-venue-resolution,false,false,false,,
eth,eth:1785159000000,1785159000000,1785159900000,2026-07-27T13:30:00Z,UP,YES,,1973.97,official-venue-resolution,false,false,false,,
hype,hype:1785159000000,1785159000000,1785159900000,2026-07-27T13:30:00Z,UP,YES,,59.9145,official-venue-resolution,false,false,false,,
sol,sol:1785159000000,1785159000000,1785159900000,2026-07-27T13:30:00Z,UP,YES,,77.3023,official-venue-resolution,false,false,false,,
xrp,xrp:1785159000000,1785159000000,1785159900000,2026-07-27T13:30:00Z,UP,YES,,1.1118,official-venue-resolution,false,false,false,,
bnb,bnb:1785159900000,1785159900000,1785160800000,2026-07-27T13:45:00Z,DOWN,NO,,574.11,official-venue-resolution,false,false,false,,
btc,btc:1785159900000,1785159900000,1785160800000,2026-07-27T13:45:00Z,DOWN,NO,,65164.74,official-venue-resolution,false,false,false,,
doge,doge:1785159900000,1785159900000,1785160800000,2026-07-27T13:45:00Z,DOWN,NO,,0.0727003,official-venue-resolution,false,false,false,,
eth,eth:1785159900000,1785159900000,1785160800000,2026-07-27T13:45:00Z,DOWN,NO,,1958.76,official-venue-resolution,false,false,false,,
hype,hype:1785159900000,1785159900000,1785160800000,2026-07-27T13:45:00Z,DOWN,NO,,59.4754,official-venue-resolution,false,false,false,,
sol,sol:1785159900000,1785159900000,1785160800000,2026-07-27T13:45:00Z,DOWN,NO,,76.807,official-venue-resolution,false,false,false,,
xrp,xrp:1785159900000,1785159900000,1785160800000,2026-07-27T13:45:00Z,DOWN,NO,,1.1067,official-venue-resolution,false,false,false,,
bnb,bnb:1785160800000,1785160800000,1785161700000,2026-07-27T14:00:00Z,UP,YES,,574.42,official-venue-resolution,false,false,false,,
btc,btc:1785160800000,1785160800000,1785161700000,2026-07-27T14:00:00Z,UP,YES,,65298.01,official-venue-resolution,false,false,false,,
doge,doge:1785160800000,1785160800000,1785161700000,2026-07-27T14:00:00Z,DOWN,NO,,0.0725815,official-venue-resolution,false,false,false,,
eth,eth:1785160800000,1785160800000,1785161700000,2026-07-27T14:00:00Z,UP,YES,,1962.14,official-venue-resolution,false,false,false,,
hype,hype:1785160800000,1785160800000,1785161700000,2026-07-27T14:00:00Z,DOWN,NO,,59.2073,official-venue-resolution,false,false,false,,
sol,sol:1785160800000,1785160800000,1785161700000,2026-07-27T14:00:00Z,UP,YES,,76.838,official-venue-resolution,false,false,false,,
xrp,xrp:1785160800000,1785160800000,1785161700000,2026-07-27T14:00:00Z,DOWN,NO,,1.1056,official-venue-resolution,false,false,false,,
bnb,bnb:1785161700000,1785161700000,1785162600000,2026-07-27T14:15:00Z,DOWN,NO,,569.81,official-venue-resolution,false,false,false,,
btc,btc:1785161700000,1785161700000,1785162600000,2026-07-27T14:15:00Z,DOWN,NO,,64861.12,official-venue-resolution,false,false,false,,
doge,doge:1785161700000,1785161700000,1785162600000,2026-07-27T14:15:00Z,DOWN,NO,,0.0718297,official-venue-resolution,false,false,false,,
eth,eth:1785161700000,1785161700000,1785162600000,2026-07-27T14:15:00Z,DOWN,NO,,1938.37,official-venue-resolution,false,false,false,,
hype,hype:1785161700000,1785161700000,1785162600000,2026-07-27T14:15:00Z,DOWN,NO,,58.0715,official-venue-resolution,false,false,false,,
sol,sol:1785161700000,1785161700000,1785162600000,2026-07-27T14:15:00Z,DOWN,NO,,75.8033,official-venue-resolution,false,false,false,,
xrp,xrp:1785161700000,1785161700000,1785162600000,2026-07-27T14:15:00Z,DOWN,NO,,1.0967,official-venue-resolution,false,false,false,,
bnb,bnb:1785162600000,1785162600000,1785163500000,2026-07-27T14:30:00Z,DOWN,NO,,566.14,official-venue-resolution,false,false,false,,
btc,btc:1785162600000,1785162600000,1785163500000,2026-07-27T14:30:00Z,DOWN,NO,,64456.61,official-venue-resolution,false,false,false,,
doge,doge:1785162600000,1785162600000,1785163500000,2026-07-27T14:30:00Z,DOWN,NO,,0.0709747,official-venue-resolution,false,false,false,,
eth,eth:1785162600000,1785162600000,1785163500000,2026-07-27T14:30:00Z,DOWN,NO,,1921.07,official-venue-resolution,false,false,false,,
hype,hype:1785162600000,1785162600000,1785163500000,2026-07-27T14:30:00Z,DOWN,NO,,57.8119,official-venue-resolution,false,false,false,,
sol,sol:1785162600000,1785162600000,1785163500000,2026-07-27T14:30:00Z,DOWN,NO,,75.1323,official-venue-resolution,false,false,false,,
xrp,xrp:1785162600000,1785162600000,1785163500000,2026-07-27T14:30:00Z,DOWN,NO,,1.0864,official-venue-resolution,false,false,false,,
bnb,bnb:1785163500000,1785163500000,1785164400000,2026-07-27T14:45:00Z,UP,YES,,567.27,official-venue-resolution,false,false,false,,
btc,btc:1785163500000,1785163500000,1785164400000,2026-07-27T14:45:00Z,UP,YES,,64602.86,official-venue-resolution,false,false,false,,
doge,doge:1785163500000,1785163500000,1785164400000,2026-07-27T14:45:00Z,UP,YES,,0.0713384,official-venue-resolution,false,false,false,,
eth,eth:1785163500000,1785163500000,1785164400000,2026-07-27T14:45:00Z,UP,YES,,1929.57,official-venue-resolution,false,false,false,,
hype,hype:1785163500000,1785163500000,1785164400000,2026-07-27T14:45:00Z,UP,YES,,58.1335,official-venue-resolution,false,false,false,,
sol,sol:1785163500000,1785163500000,1785164400000,2026-07-27T14:45:00Z,UP,YES,,75.3958,official-venue-resolution,false,false,false,,
xrp,xrp:1785163500000,1785163500000,1785164400000,2026-07-27T14:45:00Z,UP,YES,,1.0892,official-venue-resolution,false,false,false,,
bnb,bnb:1785164400000,1785164400000,1785165300000,2026-07-27T15:00:00Z,UP,YES,,567.71,official-venue-resolution,false,false,false,,
btc,btc:1785164400000,1785164400000,1785165300000,2026-07-27T15:00:00Z,UP,YES,,64664.92,official-venue-resolution,false,false,false,,
doge,doge:1785164400000,1785164400000,1785165300000,2026-07-27T15:00:00Z,UP,YES,,0.0714403,official-venue-resolution,false,false,false,,
eth,eth:1785164400000,1785164400000,1785165300000,2026-07-27T15:00:00Z,UP,YES,,1931.5,official-venue-resolution,false,false,false,,
hype,hype:1785164400000,1785164400000,1785165300000,2026-07-27T15:00:00Z,DOWN,NO,,58.0693,official-venue-resolution,false,false,false,,
sol,sol:1785164400000,1785164400000,1785165300000,2026-07-27T15:00:00Z,UP,YES,,75.4813,official-venue-resolution,false,false,false,,
xrp,xrp:1785164400000,1785164400000,1785165300000,2026-07-27T15:00:00Z,UP,YES,,1.0902,official-venue-resolution,false,false,false,,
bnb,bnb:1785165300000,1785165300000,1785166200000,2026-07-27T15:15:00Z,UP,YES,,569.01,official-venue-resolution,false,false,false,,
btc,btc:1785165300000,1785165300000,1785166200000,2026-07-27T15:15:00Z,DOWN,NO,,64558.57,official-venue-resolution,false,false,false,,
doge,doge:1785165300000,1785165300000,1785166200000,2026-07-27T15:15:00Z,UP,YES,,0.0714452,official-venue-resolution,false,false,false,,
eth,eth:1785165300000,1785165300000,1785166200000,2026-07-27T15:15:00Z,DOWN,NO,,1928.41,official-venue-resolution,false,false,false,,
hype,hype:1785165300000,1785165300000,1785166200000,2026-07-27T15:15:00Z,DOWN,NO,,57.7282,official-venue-resolution,false,false,false,,
sol,sol:1785165300000,1785165300000,1785166200000,2026-07-27T15:15:00Z,DOWN,NO,,75.2652,official-venue-resolution,false,false,false,,
xrp,xrp:1785165300000,1785165300000,1785166200000,2026-07-27T15:15:00Z,DOWN,NO,,1.0883,official-venue-resolution,false,false,false,,
bnb,bnb:1785166200000,1785166200000,1785167100000,2026-07-27T15:30:00Z,DOWN,NO,,568.53,official-venue-resolution,false,false,false,,
btc,btc:1785166200000,1785166200000,1785167100000,2026-07-27T15:30:00Z,DOWN,NO,,64515.27,official-venue-resolution,false,false,false,,
doge,doge:1785166200000,1785166200000,1785167100000,2026-07-27T15:30:00Z,DOWN,YES,,0.0714873,official-venue-resolution,true,true,false,,
eth,eth:1785166200000,1785166200000,1785167100000,2026-07-27T15:30:00Z,UP,YES,,1929.05,official-venue-resolution,false,false,false,,
hype,hype:1785166200000,1785166200000,1785167100000,2026-07-27T15:30:00Z,DOWN,NO,,57.6652,official-venue-resolution,false,false,false,,
sol,sol:1785166200000,1785166200000,1785167100000,2026-07-27T15:30:00Z,UP,YES,,75.3682,official-venue-resolution,false,false,false,,
xrp,xrp:1785166200000,1785166200000,1785167100000,2026-07-27T15:30:00Z,DOWN,YES,,1.0888,official-venue-resolution,true,true,false,,
bnb,bnb:1785167100000,1785167100000,1785168000000,2026-07-27T15:45:00Z,DOWN,NO,,568.15,official-venue-resolution,false,false,false,,
btc,btc:1785167100000,1785167100000,1785168000000,2026-07-27T15:45:00Z,DOWN,NO,,64485.45,official-venue-resolution,false,false,false,,
doge,doge:1785167100000,1785167100000,1785168000000,2026-07-27T15:45:00Z,DOWN,NO,,0.0712925,official-venue-resolution,false,false,false,,
eth,eth:1785167100000,1785167100000,1785168000000,2026-07-27T15:45:00Z,DOWN,NO,,1926.1,official-venue-resolution,false,false,false,,
hype,hype:1785167100000,1785167100000,1785168000000,2026-07-27T15:45:00Z,DOWN,NO,,57.3793,official-venue-resolution,false,false,false,,
sol,sol:1785167100000,1785167100000,1785168000000,2026-07-27T15:45:00Z,DOWN,NO,,75.2428,official-venue-resolution,false,false,false,,
xrp,xrp:1785167100000,1785167100000,1785168000000,2026-07-27T15:45:00Z,DOWN,NO,,1.0857,official-venue-resolution,false,false,false,,
bnb,bnb:1785168000000,1785168000000,1785168900000,2026-07-27T16:00:00Z,UP,YES,,568.56,official-venue-resolution,false,false,false,,
btc,btc:1785168000000,1785168000000,1785168900000,2026-07-27T16:00:00Z,UP,YES,,64545.03,official-venue-resolution,false,false,false,,
doge,doge:1785168000000,1785168000000,1785168900000,2026-07-27T16:00:00Z,UP,YES,,0.0713795,official-venue-resolution,false,false,false,,
eth,eth:1785168000000,1785168000000,1785168900000,2026-07-27T16:00:00Z,UP,NO,,1926,official-venue-resolution,true,false,true,,
hype,hype:1785168000000,1785168000000,1785168900000,2026-07-27T16:00:00Z,DOWN,NO,,57.3436,official-venue-resolution,false,false,false,,
sol,sol:1785168000000,1785168000000,1785168900000,2026-07-27T16:00:00Z,UP,NO,,75.208,official-venue-resolution,true,false,true,,
xrp,xrp:1785168000000,1785168000000,1785168900000,2026-07-27T16:00:00Z,UP,YES,,1.0875,official-venue-resolution,false,false,false,,
bnb,bnb:1785168900000,1785168900000,1785169800000,2026-07-27T16:15:00Z,UP,YES,,570.72,official-venue-resolution,false,false,false,,
btc,btc:1785168900000,1785168900000,1785169800000,2026-07-27T16:15:00Z,UP,YES,,64671.16,official-venue-resolution,false,false,false,,
doge,doge:1785168900000,1785168900000,1785169800000,2026-07-27T16:15:00Z,UP,YES,,0.071785,official-venue-resolution,false,false,false,,
eth,eth:1785168900000,1785168900000,1785169800000,2026-07-27T16:15:00Z,UP,YES,,1935.4,official-venue-resolution,false,false,false,,
hype,hype:1785168900000,1785168900000,1785169800000,2026-07-27T16:15:00Z,UP,YES,,57.7258,official-venue-resolution,false,false,false,,
sol,sol:1785168900000,1785168900000,1785169800000,2026-07-27T16:15:00Z,UP,YES,,75.6248,official-venue-resolution,false,false,false,,
xrp,xrp:1785168900000,1785168900000,1785169800000,2026-07-27T16:15:00Z,UP,YES,,1.0924,official-venue-resolution,false,false,false,,
bnb,bnb:1785169800000,1785169800000,1785170700000,2026-07-27T16:30:00Z,UP,YES,,571.49,official-venue-resolution,false,false,false,,
btc,btc:1785169800000,1785169800000,1785170700000,2026-07-27T16:30:00Z,UP,YES,,64848.76,official-venue-resolution,false,false,false,,
doge,doge:1785169800000,1785169800000,1785170700000,2026-07-27T16:30:00Z,UP,YES,,0.0720409,official-venue-resolution,false,false,false,,
eth,eth:1785169800000,1785169800000,1785170700000,2026-07-27T16:30:00Z,UP,YES,,1940.14,official-venue-resolution,false,false,false,,
hype,hype:1785169800000,1785169800000,1785170700000,2026-07-27T16:30:00Z,DOWN,NO,,57.6694,official-venue-resolution,false,false,false,,
sol,sol:1785169800000,1785169800000,1785170700000,2026-07-27T16:30:00Z,UP,YES,,75.7493,official-venue-resolution,false,false,false,,
xrp,xrp:1785169800000,1785169800000,1785170700000,2026-07-27T16:30:00Z,UP,YES,,1.0937,official-venue-resolution,false,false,false,,
bnb,bnb:1785170700000,1785170700000,1785171600000,2026-07-27T16:45:00Z,DOWN,NO,,571.44,official-venue-resolution,false,false,false,,
btc,btc:1785170700000,1785170700000,1785171600000,2026-07-27T16:45:00Z,DOWN,NO,,64838.44,official-venue-resolution,false,false,false,,
doge,doge:1785170700000,1785170700000,1785171600000,2026-07-27T16:45:00Z,DOWN,NO,,0.0720399,official-venue-resolution,false,false,false,,
eth,eth:1785170700000,1785170700000,1785171600000,2026-07-27T16:45:00Z,DOWN,NO,,1938.32,official-venue-resolution,false,false,false,,
hype,hype:1785170700000,1785170700000,1785171600000,2026-07-27T16:45:00Z,DOWN,NO,,57.5742,official-venue-resolution,false,false,false,,
sol,sol:1785170700000,1785170700000,1785171600000,2026-07-27T16:45:00Z,UP,YES,,75.8798,official-venue-resolution,false,false,false,,
xrp,xrp:1785170700000,1785170700000,1785171600000,2026-07-27T16:45:00Z,DOWN,NO,,1.0926,official-venue-resolution,false,false,false,,
bnb,bnb:1785171600000,1785171600000,1785172500000,2026-07-27T17:00:00Z,UP,YES,,571.81,official-venue-resolution,false,false,false,,
btc,btc:1785171600000,1785171600000,1785172500000,2026-07-27T17:00:00Z,DOWN,NO,,64825.66,official-venue-resolution,false,false,false,,
doge,doge:1785171600000,1785171600000,1785172500000,2026-07-27T17:00:00Z,UP,YES,,0.0721303,official-venue-resolution,false,false,false,,
eth,eth:1785171600000,1785171600000,1785172500000,2026-07-27T17:00:00Z,DOWN,NO,,1937.3,official-venue-resolution,false,false,false,,
hype,hype:1785171600000,1785171600000,1785172500000,2026-07-27T17:00:00Z,UP,YES,,57.6843,official-venue-resolution,false,false,false,,
sol,sol:1785171600000,1785171600000,1785172500000,2026-07-27T17:00:00Z,UP,YES,,75.883,official-venue-resolution,false,false,false,,
xrp,xrp:1785171600000,1785171600000,1785172500000,2026-07-27T17:00:00Z,UP,YES,,1.0929,official-venue-resolution,false,false,false,,
bnb,bnb:1785172500000,1785172500000,1785173400000,2026-07-27T17:15:00Z,UP,YES,,573.55,official-venue-resolution,false,false,false,,
btc,btc:1785172500000,1785172500000,1785173400000,2026-07-27T17:15:00Z,UP,YES,,64938.13,official-venue-resolution,false,false,false,,
doge,doge:1785172500000,1785172500000,1785173400000,2026-07-27T17:15:00Z,DOWN,NO,,0.0720769,official-venue-resolution,false,false,false,,
eth,eth:1785172500000,1785172500000,1785173400000,2026-07-27T17:15:00Z,UP,YES,,1940.6,official-venue-resolution,false,false,false,,
hype,hype:1785172500000,1785172500000,1785173400000,2026-07-27T17:15:00Z,DOWN,NO,,57.5041,official-venue-resolution,false,false,false,,
sol,sol:1785172500000,1785172500000,1785173400000,2026-07-27T17:15:00Z,UP,YES,,75.9672,official-venue-resolution,false,false,false,,
xrp,xrp:1785172500000,1785172500000,1785173400000,2026-07-27T17:15:00Z,DOWN,YES,,1.0929,official-venue-resolution,true,true,false,,
bnb,bnb:1785173400000,1785173400000,1785174300000,2026-07-27T17:30:00Z,UP,YES,,573.75,official-venue-resolution,false,false,false,,
btc,btc:1785173400000,1785173400000,1785174300000,2026-07-27T17:30:00Z,DOWN,YES,,64942.36,official-venue-resolution,true,true,false,,
doge,doge:1785173400000,1785173400000,1785174300000,2026-07-27T17:30:00Z,DOWN,NO,,0.0720462,official-venue-resolution,false,false,false,,
eth,eth:1785173400000,1785173400000,1785174300000,2026-07-27T17:30:00Z,UP,YES,,1940.82,official-venue-resolution,false,false,false,,
hype,hype:1785173400000,1785173400000,1785174300000,2026-07-27T17:30:00Z,UP,YES,,57.5286,official-venue-resolution,false,false,false,,
sol,sol:1785173400000,1785173400000,1785174300000,2026-07-27T17:30:00Z,DOWN,NO,,75.9142,official-venue-resolution,false,false,false,,
xrp,xrp:1785173400000,1785173400000,1785174300000,2026-07-27T17:30:00Z,UP,YES,,1.0939,official-venue-resolution,false,false,false,,
bnb,bnb:1785174300000,1785174300000,1785175200000,2026-07-27T17:45:00Z,UP,YES,,574.33,official-venue-resolution,false,false,false,,
btc,btc:1785174300000,1785174300000,1785175200000,2026-07-27T17:45:00Z,UP,YES,,64951.86,official-venue-resolution,false,false,false,,
doge,doge:1785174300000,1785174300000,1785175200000,2026-07-27T17:45:00Z,UP,YES,,0.0720501,official-venue-resolution,false,false,false,,
eth,eth:1785174300000,1785174300000,1785175200000,2026-07-27T17:45:00Z,UP,YES,,1941.73,official-venue-resolution,false,false,false,,
hype,hype:1785174300000,1785174300000,1785175200000,2026-07-27T17:45:00Z,DOWN,NO,,57.1824,official-venue-resolution,false,false,false,,
sol,sol:1785174300000,1785174300000,1785175200000,2026-07-27T17:45:00Z,DOWN,NO,,75.8358,official-venue-resolution,false,false,false,,
xrp,xrp:1785174300000,1785174300000,1785175200000,2026-07-27T17:45:00Z,DOWN,NO,,1.0931,official-venue-resolution,false,false,false,,
bnb,bnb:1785175200000,1785175200000,1785176100000,2026-07-27T18:00:00Z,DOWN,NO,,574.28,official-venue-resolution,false,false,false,,
btc,btc:1785175200000,1785175200000,1785176100000,2026-07-27T18:00:00Z,DOWN,NO,,64908.12,official-venue-resolution,false,false,false,,
doge,doge:1785175200000,1785175200000,1785176100000,2026-07-27T18:00:00Z,DOWN,NO,,0.0718962,official-venue-resolution,false,false,false,,
eth,eth:1785175200000,1785175200000,1785176100000,2026-07-27T18:00:00Z,DOWN,NO,,1940.16,official-venue-resolution,false,false,false,,
hype,hype:1785175200000,1785175200000,1785176100000,2026-07-27T18:00:00Z,DOWN,NO,,56.8024,official-venue-resolution,false,false,false,,
sol,sol:1785175200000,1785175200000,1785176100000,2026-07-27T18:00:00Z,DOWN,NO,,75.7292,official-venue-resolution,false,false,false,,
xrp,xrp:1785175200000,1785175200000,1785176100000,2026-07-27T18:00:00Z,DOWN,NO,,1.0927,official-venue-resolution,false,false,false,,
bnb,bnb:1785176100000,1785176100000,1785177000000,2026-07-27T18:15:00Z,UP,YES,,574.47,official-venue-resolution,false,false,false,,
btc,btc:1785176100000,1785176100000,1785177000000,2026-07-27T18:15:00Z,DOWN,NO,,64841.9,official-venue-resolution,false,false,false,,
doge,doge:1785176100000,1785176100000,1785177000000,2026-07-27T18:15:00Z,DOWN,NO,,0.0717692,official-venue-resolution,false,false,false,,
eth,eth:1785176100000,1785176100000,1785177000000,2026-07-27T18:15:00Z,DOWN,NO,,1936.59,official-venue-resolution,false,false,false,,
hype,hype:1785176100000,1785176100000,1785177000000,2026-07-27T18:15:00Z,DOWN,NO,,56.7061,official-venue-resolution,false,false,false,,
sol,sol:1785176100000,1785176100000,1785177000000,2026-07-27T18:15:00Z,DOWN,NO,,75.5395,official-venue-resolution,false,false,false,,
xrp,xrp:1785176100000,1785176100000,1785177000000,2026-07-27T18:15:00Z,DOWN,NO,,1.0903,official-venue-resolution,false,false,false,,
bnb,bnb:1785177000000,1785177000000,1785177900000,2026-07-27T18:30:00Z,DOWN,NO,,574.11,official-venue-resolution,false,false,false,,
btc,btc:1785177000000,1785177000000,1785177900000,2026-07-27T18:30:00Z,DOWN,NO,,64788.28,official-venue-resolution,false,false,false,,
doge,doge:1785177000000,1785177000000,1785177900000,2026-07-27T18:30:00Z,DOWN,NO,,0.0716632,official-venue-resolution,false,false,false,,
eth,eth:1785177000000,1785177000000,1785177900000,2026-07-27T18:30:00Z,DOWN,NO,,1934.25,official-venue-resolution,false,false,false,,
hype,hype:1785177000000,1785177000000,1785177900000,2026-07-27T18:30:00Z,DOWN,NO,,56.4303,official-venue-resolution,false,false,false,,
sol,sol:1785177000000,1785177000000,1785177900000,2026-07-27T18:30:00Z,DOWN,NO,,75.4155,official-venue-resolution,false,false,false,,
xrp,xrp:1785177000000,1785177000000,1785177900000,2026-07-27T18:30:00Z,DOWN,NO,,1.0876,official-venue-resolution,false,false,false,,
bnb,bnb:1785177900000,1785177900000,1785178800000,2026-07-27T18:45:00Z,UP,YES,,575.09,official-venue-resolution,false,false,false,,
btc,btc:1785177900000,1785177900000,1785178800000,2026-07-27T18:45:00Z,UP,YES,,64803.99,official-venue-resolution,false,false,false,,
doge,doge:1785177900000,1785177900000,1785178800000,2026-07-27T18:45:00Z,UP,YES,,0.0717328,official-venue-resolution,false,false,false,,
eth,eth:1785177900000,1785177900000,1785178800000,2026-07-27T18:45:00Z,UP,YES,,1937.34,official-venue-resolution,false,false,false,,
hype,hype:1785177900000,1785177900000,1785178800000,2026-07-27T18:45:00Z,UP,YES,,56.6556,official-venue-resolution,false,false,false,,
sol,sol:1785177900000,1785177900000,1785178800000,2026-07-27T18:45:00Z,UP,YES,,75.5365,official-venue-resolution,false,false,false,,
xrp,xrp:1785177900000,1785177900000,1785178800000,2026-07-27T18:45:00Z,UP,YES,,1.0891,official-venue-resolution,false,false,false,,
bnb,bnb:1785178800000,1785178800000,1785179700000,2026-07-27T19:00:00Z,UP,YES,,575.18,official-venue-resolution,false,false,false,,
btc,btc:1785178800000,1785178800000,1785179700000,2026-07-27T19:00:00Z,UP,YES,,64907.88,official-venue-resolution,false,false,false,,
doge,doge:1785178800000,1785178800000,1785179700000,2026-07-27T19:00:00Z,UP,YES,,0.0719818,official-venue-resolution,false,false,false,,
eth,eth:1785178800000,1785178800000,1785179700000,2026-07-27T19:00:00Z,UP,YES,,1946.54,official-venue-resolution,false,false,false,,
hype,hype:1785178800000,1785178800000,1785179700000,2026-07-27T19:00:00Z,UP,YES,,56.7931,official-venue-resolution,false,false,false,,
sol,sol:1785178800000,1785178800000,1785179700000,2026-07-27T19:00:00Z,UP,YES,,75.8185,official-venue-resolution,false,false,false,,
xrp,xrp:1785178800000,1785178800000,1785179700000,2026-07-27T19:00:00Z,UP,YES,,1.0916,official-venue-resolution,false,false,false,,
bnb,bnb:1785179700000,1785179700000,1785180600000,2026-07-27T19:15:00Z,DOWN,NO,,574.8,official-venue-resolution,false,false,false,,
btc,btc:1785179700000,1785179700000,1785180600000,2026-07-27T19:15:00Z,UP,NO,,64907.12,official-venue-resolution,true,false,true,,
doge,doge:1785179700000,1785179700000,1785180600000,2026-07-27T19:15:00Z,DOWN,NO,,0.0719193,official-venue-resolution,false,false,false,,
eth,eth:1785179700000,1785179700000,1785180600000,2026-07-27T19:15:00Z,UP,YES,,1947.94,official-venue-resolution,false,false,false,,
hype,hype:1785179700000,1785179700000,1785180600000,2026-07-27T19:15:00Z,UP,YES,,56.9895,official-venue-resolution,false,false,false,,
sol,sol:1785179700000,1785179700000,1785180600000,2026-07-27T19:15:00Z,DOWN,NO,,75.765,official-venue-resolution,false,false,false,,
xrp,xrp:1785179700000,1785179700000,1785180600000,2026-07-27T19:15:00Z,DOWN,NO,,1.0907,official-venue-resolution,false,false,false,,
bnb,bnb:1785180600000,1785180600000,1785181500000,2026-07-27T19:30:00Z,UP,YES,,575.18,official-venue-resolution,false,false,false,,
btc,btc:1785180600000,1785180600000,1785181500000,2026-07-27T19:30:00Z,DOWN,YES,,64916.04,official-venue-resolution,true,true,false,,
doge,doge:1785180600000,1785180600000,1785181500000,2026-07-27T19:30:00Z,DOWN,YES,,0.0719209,official-venue-resolution,true,true,false,,
eth,eth:1785180600000,1785180600000,1785181500000,2026-07-27T19:30:00Z,UP,YES,,1949.3,official-venue-resolution,false,false,false,,
hype,hype:1785180600000,1785180600000,1785181500000,2026-07-27T19:30:00Z,UP,YES,,57.0319,official-venue-resolution,false,false,false,,
sol,sol:1785180600000,1785180600000,1785181500000,2026-07-27T19:30:00Z,DOWN,YES,,75.781,official-venue-resolution,true,true,false,,
xrp,xrp:1785180600000,1785180600000,1785181500000,2026-07-27T19:30:00Z,UP,YES,,1.0926,official-venue-resolution,false,false,false,,
bnb,bnb:1785181500000,1785181500000,1785182400000,2026-07-27T19:45:00Z,UP,YES,,575.24,official-venue-resolution,false,false,false,,
btc,btc:1785181500000,1785181500000,1785182400000,2026-07-27T19:45:00Z,UP,NO,,64902.54,official-venue-resolution,true,false,true,,
doge,doge:1785181500000,1785181500000,1785182400000,2026-07-27T19:45:00Z,UP,NO,,,official-venue-resolution,true,false,true,,
eth,eth:1785181500000,1785181500000,1785182400000,2026-07-27T19:45:00Z,DOWN,NO,,1947.15,official-venue-resolution,false,false,false,,
hype,hype:1785181500000,1785181500000,1785182400000,2026-07-27T19:45:00Z,UP,YES,,57.2562,official-venue-resolution,false,false,false,,
sol,sol:1785181500000,1785181500000,1785182400000,2026-07-27T19:45:00Z,UP,YES,,75.97,official-venue-resolution,false,false,false,,
xrp,xrp:1785181500000,1785181500000,1785182400000,2026-07-27T19:45:00Z,DOWN,NO,,1.0911,official-venue-resolution,false,false,false,,
bnb,bnb:1785182400000,1785182400000,1785183300000,2026-07-27T20:00:00Z,DOWN,YES,,575.3,official-venue-resolution,true,true,false,,
btc,btc:1785182400000,1785182400000,1785183300000,2026-07-27T20:00:00Z,DOWN,NO,,64891.3,official-venue-resolution,false,false,false,,
doge,doge:1785182400000,1785182400000,1785183300000,2026-07-27T20:00:00Z,DOWN,NO,,0.0718621,official-venue-resolution,false,false,false,,
eth,eth:1785182400000,1785182400000,1785183300000,2026-07-27T20:00:00Z,DOWN,NO,,1944.24,official-venue-resolution,false,false,false,,
hype,hype:1785182400000,1785182400000,1785183300000,2026-07-27T20:00:00Z,DOWN,NO,,56.9896,official-venue-resolution,false,false,false,,
sol,sol:1785182400000,1785182400000,1785183300000,2026-07-27T20:00:00Z,DOWN,NO,,75.8395,official-venue-resolution,false,false,false,,
xrp,xrp:1785182400000,1785182400000,1785183300000,2026-07-27T20:00:00Z,DOWN,NO,,1.0907,official-venue-resolution,false,false,false,,
bnb,bnb:1785183300000,1785183300000,1785184200000,2026-07-27T20:15:00Z,DOWN,NO,,575.26,official-venue-resolution,false,false,false,,
btc,btc:1785183300000,1785183300000,1785184200000,2026-07-27T20:15:00Z,UP,YES,,64941.19,official-venue-resolution,false,false,false,,
doge,doge:1785183300000,1785183300000,1785184200000,2026-07-27T20:15:00Z,UP,YES,,0.0720233,official-venue-resolution,false,false,false,,
eth,eth:1785183300000,1785183300000,1785184200000,2026-07-27T20:15:00Z,UP,YES,,1945.45,official-venue-resolution,false,false,false,,
hype,hype:1785183300000,1785183300000,1785184200000,2026-07-27T20:15:00Z,UP,YES,,57.1384,official-venue-resolution,false,false,false,,
sol,sol:1785183300000,1785183300000,1785184200000,2026-07-27T20:15:00Z,UP,YES,,76.0348,official-venue-resolution,false,false,false,,
xrp,xrp:1785183300000,1785183300000,1785184200000,2026-07-27T20:15:00Z,UP,YES,,1.091,official-venue-resolution,false,false,false,,
bnb,bnb:1785184200000,1785184200000,1785185100000,2026-07-27T20:30:00Z,DOWN,NO,,574.39,official-venue-resolution,false,false,false,,
btc,btc:1785184200000,1785184200000,1785185100000,2026-07-27T20:30:00Z,DOWN,NO,,64887.65,official-venue-resolution,false,false,false,,
doge,doge:1785184200000,1785184200000,1785185100000,2026-07-27T20:30:00Z,DOWN,NO,,0.0719571,official-venue-resolution,false,false,false,,
eth,eth:1785184200000,1785184200000,1785185100000,2026-07-27T20:30:00Z,DOWN,NO,,1943.54,official-venue-resolution,false,false,false,,
hype,hype:1785184200000,1785184200000,1785185100000,2026-07-27T20:30:00Z,DOWN,NO,,56.9977,official-venue-resolution,false,false,false,,
sol,sol:1785184200000,1785184200000,1785185100000,2026-07-27T20:30:00Z,DOWN,NO,,75.8242,official-venue-resolution,false,false,false,,
xrp,xrp:1785184200000,1785184200000,1785185100000,2026-07-27T20:30:00Z,DOWN,NO,,1.0893,official-venue-resolution,false,false,false,,
bnb,bnb:1785185100000,1785185100000,1785186000000,2026-07-27T20:45:00Z,DOWN,NO,,574.17,official-venue-resolution,false,false,false,,
btc,btc:1785185100000,1785185100000,1785186000000,2026-07-27T20:45:00Z,UP,YES,,64898.33,official-venue-resolution,false,false,false,,
doge,doge:1785185100000,1785185100000,1785186000000,2026-07-27T20:45:00Z,UP,YES,,0.0720527,official-venue-resolution,false,false,false,,
eth,eth:1785185100000,1785185100000,1785186000000,2026-07-27T20:45:00Z,UP,YES,,1945.03,official-venue-resolution,false,false,false,,
hype,hype:1785185100000,1785185100000,1785186000000,2026-07-27T20:45:00Z,UP,YES,,57.1916,official-venue-resolution,false,false,false,,
sol,sol:1785185100000,1785185100000,1785186000000,2026-07-27T20:45:00Z,UP,YES,,75.9292,official-venue-resolution,false,false,false,,
xrp,xrp:1785185100000,1785185100000,1785186000000,2026-07-27T20:45:00Z,UP,YES,,1.0901,official-venue-resolution,false,false,false,,
bnb,bnb:1785186000000,1785186000000,1785186900000,2026-07-27T21:00:00Z,UP,YES,,574.36,official-venue-resolution,false,false,false,,
btc,btc:1785186000000,1785186000000,1785186900000,2026-07-27T21:00:00Z,DOWN,NO,,64846.12,official-venue-resolution,false,false,false,,
doge,doge:1785186000000,1785186000000,1785186900000,2026-07-27T21:00:00Z,DOWN,NO,,0.0720384,official-venue-resolution,false,false,false,,
eth,eth:1785186000000,1785186000000,1785186900000,2026-07-27T21:00:00Z,UP,YES,,1946.51,official-venue-resolution,false,false,false,,
hype,hype:1785186000000,1785186000000,1785186900000,2026-07-27T21:00:00Z,DOWN,NO,,57.0802,official-venue-resolution,false,false,false,,
sol,sol:1785186000000,1785186000000,1785186900000,2026-07-27T21:00:00Z,DOWN,NO,,75.8525,official-venue-resolution,false,false,false,,
xrp,xrp:1785186000000,1785186000000,1785186900000,2026-07-27T21:00:00Z,UP,YES,,1.0903,official-venue-resolution,false,false,false,,
bnb,bnb:1785186900000,1785186900000,1785187800000,2026-07-27T21:15:00Z,DOWN,NO,,573.45,official-venue-resolution,false,false,false,,
btc,btc:1785186900000,1785186900000,1785187800000,2026-07-27T21:15:00Z,DOWN,NO,,64778.59,official-venue-resolution,false,false,false,,
doge,doge:1785186900000,1785186900000,1785187800000,2026-07-27T21:15:00Z,DOWN,NO,,0.0718107,official-venue-resolution,false,false,false,,
eth,eth:1785186900000,1785186900000,1785187800000,2026-07-27T21:15:00Z,DOWN,NO,,1943.43,official-venue-resolution,false,false,false,,
hype,hype:1785186900000,1785186900000,1785187800000,2026-07-27T21:15:00Z,DOWN,NO,,56.8268,official-venue-resolution,false,false,false,,
sol,sol:1785186900000,1785186900000,1785187800000,2026-07-27T21:15:00Z,DOWN,NO,,75.562,official-venue-resolution,false,false,false,,
xrp,xrp:1785186900000,1785186900000,1785187800000,2026-07-27T21:15:00Z,DOWN,NO,,1.0879,official-venue-resolution,false,false,false,,
bnb,bnb:1785187800000,1785187800000,1785188700000,2026-07-27T21:30:00Z,UP,NO,,573.3,official-venue-resolution,true,false,true,,
btc,btc:1785187800000,1785187800000,1785188700000,2026-07-27T21:30:00Z,DOWN,NO,,64761.43,official-venue-resolution,false,false,false,,
doge,doge:1785187800000,1785187800000,1785188700000,2026-07-27T21:30:00Z,UP,NO,,0.0718086,official-venue-resolution,true,false,true,,
eth,eth:1785187800000,1785187800000,1785188700000,2026-07-27T21:30:00Z,DOWN,NO,,1940.97,official-venue-resolution,false,false,false,,
hype,hype:1785187800000,1785187800000,1785188700000,2026-07-27T21:30:00Z,DOWN,NO,,56.7552,official-venue-resolution,false,false,false,,
sol,sol:1785187800000,1785187800000,1785188700000,2026-07-27T21:30:00Z,UP,NO,,75.5265,official-venue-resolution,true,false,true,,
xrp,xrp:1785187800000,1785187800000,1785188700000,2026-07-27T21:30:00Z,DOWN,NO,,1.0867,official-venue-resolution,false,false,false,,
bnb,bnb:1785188700000,1785188700000,1785189600000,2026-07-27T21:45:00Z,UP,YES,,573.54,official-venue-resolution,false,false,false,,
btc,btc:1785188700000,1785188700000,1785189600000,2026-07-27T21:45:00Z,DOWN,YES,,64771.27,official-venue-resolution,true,true,false,,
doge,doge:1785188700000,1785188700000,1785189600000,2026-07-27T21:45:00Z,UP,YES,,0.0718421,official-venue-resolution,false,false,false,,
eth,eth:1785188700000,1785188700000,1785189600000,2026-07-27T21:45:00Z,DOWN,NO,,1940.68,official-venue-resolution,false,false,false,,
hype,hype:1785188700000,1785188700000,1785189600000,2026-07-27T21:45:00Z,DOWN,NO,,56.6744,official-venue-resolution,false,false,false,,
sol,sol:1785188700000,1785188700000,1785189600000,2026-07-27T21:45:00Z,UP,YES,,75.59,official-venue-resolution,false,false,false,,
xrp,xrp:1785188700000,1785188700000,1785189600000,2026-07-27T21:45:00Z,DOWN,NO,,1.0862,official-venue-resolution,false,false,false,,
bnb,bnb:1785189600000,1785189600000,1785190500000,2026-07-27T22:00:00Z,DOWN,NO,,573.08,official-venue-resolution,false,false,false,,
btc,btc:1785189600000,1785189600000,1785190500000,2026-07-27T22:00:00Z,DOWN,NO,,64656.74,official-venue-resolution,false,false,false,,
doge,doge:1785189600000,1785189600000,1785190500000,2026-07-27T22:00:00Z,DOWN,NO,,0.0716853,official-venue-resolution,false,false,false,,
eth,eth:1785189600000,1785189600000,1785190500000,2026-07-27T22:00:00Z,DOWN,NO,,1936.16,official-venue-resolution,false,false,false,,
hype,hype:1785189600000,1785189600000,1785190500000,2026-07-27T22:00:00Z,DOWN,NO,,56.4939,official-venue-resolution,false,false,false,,
sol,sol:1785189600000,1785189600000,1785190500000,2026-07-27T22:00:00Z,DOWN,NO,,75.3323,official-venue-resolution,false,false,false,,
xrp,xrp:1785189600000,1785189600000,1785190500000,2026-07-27T22:00:00Z,DOWN,NO,,1.0834,official-venue-resolution,false,false,false,,
bnb,bnb:1785190500000,1785190500000,1785191400000,2026-07-27T22:15:00Z,DOWN,NO,,572.06,official-venue-resolution,false,false,false,,
btc,btc:1785190500000,1785190500000,1785191400000,2026-07-27T22:15:00Z,DOWN,NO,,64547.43,official-venue-resolution,false,false,false,,
doge,doge:1785190500000,1785190500000,1785191400000,2026-07-27T22:15:00Z,DOWN,NO,,0.0715434,official-venue-resolution,false,false,false,,
eth,eth:1785190500000,1785190500000,1785191400000,2026-07-27T22:15:00Z,DOWN,NO,,1928.38,official-venue-resolution,false,false,false,,
hype,hype:1785190500000,1785190500000,1785191400000,2026-07-27T22:15:00Z,DOWN,NO,,56.4224,official-venue-resolution,false,false,false,,
sol,sol:1785190500000,1785190500000,1785191400000,2026-07-27T22:15:00Z,DOWN,NO,,75.1813,official-venue-resolution,false,false,false,,
xrp,xrp:1785190500000,1785190500000,1785191400000,2026-07-27T22:15:00Z,DOWN,NO,,1.0794,official-venue-resolution,false,false,false,,
bnb,bnb:1785191400000,1785191400000,1785192300000,2026-07-27T22:30:00Z,DOWN,NO,,568.65,official-venue-resolution,false,false,false,,
btc,btc:1785191400000,1785191400000,1785192300000,2026-07-27T22:30:00Z,DOWN,NO,,64160.27,official-venue-resolution,false,false,false,,
doge,doge:1785191400000,1785191400000,1785192300000,2026-07-27T22:30:00Z,DOWN,NO,,0.0710091,official-venue-resolution,false,false,false,,
eth,eth:1785191400000,1785191400000,1785192300000,2026-07-27T22:30:00Z,DOWN,NO,,1912.02,official-venue-resolution,false,false,false,,
hype,hype:1785191400000,1785191400000,1785192300000,2026-07-27T22:30:00Z,UP,NO,,56.3926,official-venue-resolution,true,false,true,,
sol,sol:1785191400000,1785191400000,1785192300000,2026-07-27T22:30:00Z,DOWN,NO,,74.6903,official-venue-resolution,false,false,false,,
xrp,xrp:1785191400000,1785191400000,1785192300000,2026-07-27T22:30:00Z,DOWN,NO,,1.0714,official-venue-resolution,false,false,false,,
bnb,bnb:1785192300000,1785192300000,1785193200000,2026-07-27T22:45:00Z,DOWN,NO,,566.25,official-venue-resolution,false,false,false,,
btc,btc:1785192300000,1785192300000,1785193200000,2026-07-27T22:45:00Z,DOWN,NO,,63772.29,official-venue-resolution,false,false,false,,
doge,doge:1785192300000,1785192300000,1785193200000,2026-07-27T22:45:00Z,DOWN,NO,,0.0704725,official-venue-resolution,false,false,false,,
eth,eth:1785192300000,1785192300000,1785193200000,2026-07-27T22:45:00Z,DOWN,NO,,1893.62,official-venue-resolution,false,false,false,,
hype,hype:1785192300000,1785192300000,1785193200000,2026-07-27T22:45:00Z,DOWN,NO,,56.1886,official-venue-resolution,false,false,false,,
sol,sol:1785192300000,1785192300000,1785193200000,2026-07-27T22:45:00Z,DOWN,NO,,74.079,official-venue-resolution,false,false,false,,
xrp,xrp:1785192300000,1785192300000,1785193200000,2026-07-27T22:45:00Z,DOWN,NO,,1.0668,official-venue-resolution,false,false,false,,
bnb,bnb:1785193200000,1785193200000,1785194100000,2026-07-27T23:00:00Z,UP,YES,,566.54,official-venue-resolution,false,false,false,,
btc,btc:1785193200000,1785193200000,1785194100000,2026-07-27T23:00:00Z,UP,NO,,63757.34,official-venue-resolution,true,false,true,,
doge,doge:1785193200000,1785193200000,1785194100000,2026-07-27T23:00:00Z,DOWN,NO,,0.0703599,official-venue-resolution,false,false,false,,
eth,eth:1785193200000,1785193200000,1785194100000,2026-07-27T23:00:00Z,DOWN,NO,,1888.79,official-venue-resolution,false,false,false,,
hype,hype:1785193200000,1785193200000,1785194100000,2026-07-27T23:00:00Z,DOWN,NO,,56.0591,official-venue-resolution,false,false,false,,
sol,sol:1785193200000,1785193200000,1785194100000,2026-07-27T23:00:00Z,UP,NO,,74.0373,official-venue-resolution,true,false,true,,
xrp,xrp:1785193200000,1785193200000,1785194100000,2026-07-27T23:00:00Z,DOWN,NO,,1.065,official-venue-resolution,false,false,false,,
bnb,bnb:1785194100000,1785194100000,1785195000000,2026-07-27T23:15:00Z,UP,YES,,567.49,official-venue-resolution,false,false,false,,
btc,btc:1785194100000,1785194100000,1785195000000,2026-07-27T23:15:00Z,UP,YES,,63835.8,official-venue-resolution,false,false,false,,
doge,doge:1785194100000,1785194100000,1785195000000,2026-07-27T23:15:00Z,UP,YES,,0.0705717,official-venue-resolution,false,false,false,,
eth,eth:1785194100000,1785194100000,1785195000000,2026-07-27T23:15:00Z,UP,YES,,1891.93,official-venue-resolution,false,false,false,,
hype,hype:1785194100000,1785194100000,1785195000000,2026-07-27T23:15:00Z,UP,YES,,56.4284,official-venue-resolution,false,false,false,,
sol,sol:1785194100000,1785194100000,1785195000000,2026-07-27T23:15:00Z,UP,YES,,74.2455,official-venue-resolution,false,false,false,,
xrp,xrp:1785194100000,1785194100000,1785195000000,2026-07-27T23:15:00Z,UP,YES,,1.0654,official-venue-resolution,false,false,false,,
bnb,bnb:1785195000000,1785195000000,1785195900000,2026-07-27T23:30:00Z,DOWN,NO,,565.62,official-venue-resolution,false,false,false,,
btc,btc:1785195000000,1785195000000,1785195900000,2026-07-27T23:30:00Z,DOWN,NO,,63627.38,official-venue-resolution,false,false,false,,
doge,doge:1785195000000,1785195000000,1785195900000,2026-07-27T23:30:00Z,DOWN,NO,,0.070331,official-venue-resolution,false,false,false,,
eth,eth:1785195000000,1785195000000,1785195900000,2026-07-27T23:30:00Z,DOWN,NO,,1886.1,official-venue-resolution,false,false,false,,
hype,hype:1785195000000,1785195000000,1785195900000,2026-07-27T23:30:00Z,DOWN,NO,,55.8803,official-venue-resolution,false,false,false,,
sol,sol:1785195000000,1785195000000,1785195900000,2026-07-27T23:30:00Z,DOWN,NO,,73.9728,official-venue-resolution,false,false,false,,
xrp,xrp:1785195000000,1785195000000,1785195900000,2026-07-27T23:30:00Z,DOWN,NO,,1.0632,official-venue-resolution,false,false,false,,
bnb,bnb:1785195900000,1785195900000,1785196800000,2026-07-27T23:45:00Z,UP,YES,,565.94,official-venue-resolution,false,false,false,,
btc,btc:1785195900000,1785195900000,1785196800000,2026-07-27T23:45:00Z,UP,YES,,63703.28,official-venue-resolution,false,false,false,,
doge,doge:1785195900000,1785195900000,1785196800000,2026-07-27T23:45:00Z,DOWN,YES,,0.0703522,official-venue-resolution,true,true,false,,
eth,eth:1785195900000,1785195900000,1785196800000,2026-07-27T23:45:00Z,UP,YES,,1890.87,official-venue-resolution,false,false,false,,
hype,hype:1785195900000,1785195900000,1785196800000,2026-07-27T23:45:00Z,UP,YES,,56.0514,official-venue-resolution,false,false,false,,
sol,sol:1785195900000,1785195900000,1785196800000,2026-07-27T23:45:00Z,UP,YES,,74.1538,official-venue-resolution,false,false,false,,
xrp,xrp:1785195900000,1785195900000,1785196800000,2026-07-27T23:45:00Z,UP,YES,,1.0653,official-venue-resolution,false,false,false,,
bnb,bnb:1785196800000,1785196800000,1785197700000,2026-07-28T00:00:00Z,DOWN,NO,,565.44,official-venue-resolution,false,false,false,,
btc,btc:1785196800000,1785196800000,1785197700000,2026-07-28T00:00:00Z,DOWN,NO,,63585.35,official-venue-resolution,false,false,false,,
doge,doge:1785196800000,1785196800000,1785197700000,2026-07-28T00:00:00Z,UP,NO,,0.0702902,official-venue-resolution,true,false,true,,
eth,eth:1785196800000,1785196800000,1785197700000,2026-07-28T00:00:00Z,DOWN,NO,,1883.93,official-venue-resolution,false,false,false,,
hype,hype:1785196800000,1785196800000,1785197700000,2026-07-28T00:00:00Z,UP,NO,,56.0153,official-venue-resolution,true,false,true,,
sol,sol:1785196800000,1785196800000,1785197700000,2026-07-28T00:00:00Z,DOWN,NO,,73.9463,official-venue-resolution,false,false,false,,
xrp,xrp:1785196800000,1785196800000,1785197700000,2026-07-28T00:00:00Z,DOWN,NO,,1.0622,official-venue-resolution,false,false,false,,
bnb,bnb:1785197700000,1785197700000,1785198600000,2026-07-28T00:15:00Z,UP,YES,,565.88,official-venue-resolution,false,false,false,,
btc,btc:1785197700000,1785197700000,1785198600000,2026-07-28T00:15:00Z,UP,YES,,63631.54,official-venue-resolution,false,false,false,,
doge,doge:1785197700000,1785197700000,1785198600000,2026-07-28T00:15:00Z,UP,YES,,0.070359,official-venue-resolution,false,false,false,,
eth,eth:1785197700000,1785197700000,1785198600000,2026-07-28T00:15:00Z,DOWN,NO,,1881.26,official-venue-resolution,false,false,false,,
hype,hype:1785197700000,1785197700000,1785198600000,2026-07-28T00:15:00Z,DOWN,YES,,56.0618,official-venue-resolution,true,true,false,,
sol,sol:1785197700000,1785197700000,1785198600000,2026-07-28T00:15:00Z,DOWN,NO,,73.8918,official-venue-resolution,false,false,false,,
xrp,xrp:1785197700000,1785197700000,1785198600000,2026-07-28T00:15:00Z,UP,YES,,1.0626,official-venue-resolution,false,false,false,,
bnb,bnb:1785198600000,1785198600000,1785199500000,2026-07-28T00:30:00Z,UP,YES,,566.48,official-venue-resolution,false,false,false,,
btc,btc:1785198600000,1785198600000,1785199500000,2026-07-28T00:30:00Z,DOWN,NO,,63578.08,official-venue-resolution,false,false,false,,
doge,doge:1785198600000,1785198600000,1785199500000,2026-07-28T00:30:00Z,DOWN,NO,,0.0702916,official-venue-resolution,false,false,false,,
eth,eth:1785198600000,1785198600000,1785199500000,2026-07-28T00:30:00Z,UP,YES,,1883.79,official-venue-resolution,false,false,false,,
hype,hype:1785198600000,1785198600000,1785199500000,2026-07-28T00:30:00Z,UP,YES,,56.1966,official-venue-resolution,false,false,false,,
sol,sol:1785198600000,1785198600000,1785199500000,2026-07-28T00:30:00Z,DOWN,YES,,73.9322,official-venue-resolution,true,true,false,,
xrp,xrp:1785198600000,1785198600000,1785199500000,2026-07-28T00:30:00Z,DOWN,NO,,1.0623,official-venue-resolution,false,false,false,,
bnb,bnb:1785199500000,1785199500000,1785200400000,2026-07-28T00:45:00Z,DOWN,NO,,565.41,official-venue-resolution,false,false,false,,
btc,btc:1785199500000,1785199500000,1785200400000,2026-07-28T00:45:00Z,DOWN,NO,,63424.86,official-venue-resolution,false,false,false,,
doge,doge:1785199500000,1785199500000,1785200400000,2026-07-28T00:45:00Z,DOWN,NO,,0.0698597,official-venue-resolution,false,false,false,,
eth,eth:1785199500000,1785199500000,1785200400000,2026-07-28T00:45:00Z,DOWN,NO,,1877.14,official-venue-resolution,false,false,false,,
hype,hype:1785199500000,1785199500000,1785200400000,2026-07-28T00:45:00Z,DOWN,NO,,56.1339,official-venue-resolution,false,false,false,,
sol,sol:1785199500000,1785199500000,1785200400000,2026-07-28T00:45:00Z,DOWN,NO,,73.6413,official-venue-resolution,false,false,false,,
xrp,xrp:1785199500000,1785199500000,1785200400000,2026-07-28T00:45:00Z,DOWN,NO,,1.0582,official-venue-resolution,false,false,false,,
bnb,bnb:1785200400000,1785200400000,1785201300000,2026-07-28T01:00:00Z,DOWN,NO,,564.38,official-venue-resolution,false,false,false,,
btc,btc:1785200400000,1785200400000,1785201300000,2026-07-28T01:00:00Z,DOWN,NO,,63166.52,official-venue-resolution,false,false,false,,
doge,doge:1785200400000,1785200400000,1785201300000,2026-07-28T01:00:00Z,DOWN,NO,,0.0696304,official-venue-resolution,false,false,false,,
eth,eth:1785200400000,1785200400000,1785201300000,2026-07-28T01:00:00Z,DOWN,NO,,1874.42,official-venue-resolution,false,false,false,,
hype,hype:1785200400000,1785200400000,1785201300000,2026-07-28T01:00:00Z,DOWN,NO,,55.8212,official-venue-resolution,false,false,false,,
sol,sol:1785200400000,1785200400000,1785201300000,2026-07-28T01:00:00Z,DOWN,NO,,73.2253,official-venue-resolution,false,false,false,,
xrp,xrp:1785200400000,1785200400000,1785201300000,2026-07-28T01:00:00Z,UP,YES,,1.0584,official-venue-resolution,false,false,false,,
bnb,bnb:1785201300000,1785201300000,1785202200000,2026-07-28T01:15:00Z,UP,YES,,565.53,official-venue-resolution,false,false,false,,
btc,btc:1785201300000,1785201300000,1785202200000,2026-07-28T01:15:00Z,UP,YES,,63255.52,official-venue-resolution,false,false,false,,
doge,doge:1785201300000,1785201300000,1785202200000,2026-07-28T01:15:00Z,UP,YES,,0.0697456,official-venue-resolution,false,false,false,,
eth,eth:1785201300000,1785201300000,1785202200000,2026-07-28T01:15:00Z,UP,YES,,1876.7,official-venue-resolution,false,false,false,,
hype,hype:1785201300000,1785201300000,1785202200000,2026-07-28T01:15:00Z,UP,YES,,56.1081,official-venue-resolution,false,false,false,,
sol,sol:1785201300000,1785201300000,1785202200000,2026-07-28T01:15:00Z,UP,YES,,73.3078,official-venue-resolution,false,false,false,,
xrp,xrp:1785201300000,1785201300000,1785202200000,2026-07-28T01:15:00Z,UP,YES,,1.0595,official-venue-resolution,false,false,false,,
bnb,bnb:1785202200000,1785202200000,1785203100000,2026-07-28T01:30:00Z,DOWN,NO,,565.25,official-venue-resolution,false,false,false,,
btc,btc:1785202200000,1785202200000,1785203100000,2026-07-28T01:30:00Z,DOWN,NO,,63140.94,official-venue-resolution,false,false,false,,
doge,doge:1785202200000,1785202200000,1785203100000,2026-07-28T01:30:00Z,DOWN,NO,,0.0696808,official-venue-resolution,false,false,false,,
eth,eth:1785202200000,1785202200000,1785203100000,2026-07-28T01:30:00Z,DOWN,NO,,1874.09,official-venue-resolution,false,false,false,,
hype,hype:1785202200000,1785202200000,1785203100000,2026-07-28T01:30:00Z,UP,YES,,56.2289,official-venue-resolution,false,false,false,,
sol,sol:1785202200000,1785202200000,1785203100000,2026-07-28T01:30:00Z,DOWN,NO,,73.2097,official-venue-resolution,false,false,false,,
xrp,xrp:1785202200000,1785202200000,1785203100000,2026-07-28T01:30:00Z,DOWN,NO,,1.058,official-venue-resolution,false,false,false,,
bnb,bnb:1785203100000,1785203100000,1785204000000,2026-07-28T01:45:00Z,DOWN,NO,,564.95,official-venue-resolution,false,false,false,,
btc,btc:1785203100000,1785203100000,1785204000000,2026-07-28T01:45:00Z,UP,YES,,63170.4,official-venue-resolution,false,false,false,,
doge,doge:1785203100000,1785203100000,1785204000000,2026-07-28T01:45:00Z,DOWN,YES,,0.0696877,official-venue-resolution,true,true,false,,
eth,eth:1785203100000,1785203100000,1785204000000,2026-07-28T01:45:00Z,UP,YES,,1874.27,official-venue-resolution,false,false,false,,
hype,hype:1785203100000,1785203100000,1785204000000,2026-07-28T01:45:00Z,UP,YES,,56.2422,official-venue-resolution,false,false,false,,
sol,sol:1785203100000,1785203100000,1785204000000,2026-07-28T01:45:00Z,DOWN,NO,,73.144,official-venue-resolution,false,false,false,,
xrp,xrp:1785203100000,1785203100000,1785204000000,2026-07-28T01:45:00Z,DOWN,NO,,1.0572,official-venue-resolution,false,false,false,,
bnb,bnb:1785204000000,1785204000000,1785204900000,2026-07-28T02:00:00Z,DOWN,NO,,564.76,official-venue-resolution,false,false,false,,
btc,btc:1785204000000,1785204000000,1785204900000,2026-07-28T02:00:00Z,UP,YES,,63199.04,official-venue-resolution,false,false,false,,
doge,doge:1785204000000,1785204000000,1785204900000,2026-07-28T02:00:00Z,UP,YES,,0.0698536,official-venue-resolution,false,false,false,,
eth,eth:1785204000000,1785204000000,1785204900000,2026-07-28T02:00:00Z,UP,YES,,1875.51,official-venue-resolution,false,false,false,,
hype,hype:1785204000000,1785204000000,1785204900000,2026-07-28T02:00:00Z,UP,YES,,56.3843,official-venue-resolution,false,false,false,,
sol,sol:1785204000000,1785204000000,1785204900000,2026-07-28T02:00:00Z,UP,YES,,73.2565,official-venue-resolution,false,false,false,,
xrp,xrp:1785204000000,1785204000000,1785204900000,2026-07-28T02:00:00Z,UP,YES,,1.0576,official-venue-resolution,false,false,false,,
bnb,bnb:1785204900000,1785204900000,1785205800000,2026-07-28T02:15:00Z,UP,YES,,564.98,official-venue-resolution,false,false,false,,
btc,btc:1785204900000,1785204900000,1785205800000,2026-07-28T02:15:00Z,DOWN,NO,,63179.44,official-venue-resolution,false,false,false,,
doge,doge:1785204900000,1785204900000,1785205800000,2026-07-28T02:15:00Z,UP,YES,,0.0700021,official-venue-resolution,false,false,false,,
eth,eth:1785204900000,1785204900000,1785205800000,2026-07-28T02:15:00Z,UP,YES,,1876.3,official-venue-resolution,false,false,false,,
hype,hype:1785204900000,1785204900000,1785205800000,2026-07-28T02:15:00Z,DOWN,NO,,56.2876,official-venue-resolution,false,false,false,,
sol,sol:1785204900000,1785204900000,1785205800000,2026-07-28T02:15:00Z,UP,YES,,73.3198,official-venue-resolution,false,false,false,,
xrp,xrp:1785204900000,1785204900000,1785205800000,2026-07-28T02:15:00Z,UP,YES,,1.0578,official-venue-resolution,false,false,false,,
bnb,bnb:1785205800000,1785205800000,1785206700000,2026-07-28T02:30:00Z,DOWN,NO,,564.42,official-venue-resolution,false,false,false,,
btc,btc:1785205800000,1785205800000,1785206700000,2026-07-28T02:30:00Z,DOWN,NO,,63073.16,official-venue-resolution,false,false,false,,
doge,doge:1785205800000,1785205800000,1785206700000,2026-07-28T02:30:00Z,UP,YES,,0.0700619,official-venue-resolution,false,false,false,,
eth,eth:1785205800000,1785205800000,1785206700000,2026-07-28T02:30:00Z,DOWN,NO,,1873.26,official-venue-resolution,false,false,false,,
hype,hype:1785205800000,1785205800000,1785206700000,2026-07-28T02:30:00Z,DOWN,NO,,55.8523,official-venue-resolution,false,false,false,,
sol,sol:1785205800000,1785205800000,1785206700000,2026-07-28T02:30:00Z,DOWN,NO,,73.2042,official-venue-resolution,false,false,false,,
xrp,xrp:1785205800000,1785205800000,1785206700000,2026-07-28T02:30:00Z,DOWN,NO,,1.0564,official-venue-resolution,false,false,false,,
bnb,bnb:1785206700000,1785206700000,1785207600000,2026-07-28T02:45:00Z,UP,YES,,564.94,official-venue-resolution,false,false,false,,
btc,btc:1785206700000,1785206700000,1785207600000,2026-07-28T02:45:00Z,UP,YES,,63124.48,official-venue-resolution,false,false,false,,
doge,doge:1785206700000,1785206700000,1785207600000,2026-07-28T02:45:00Z,DOWN,YES,,0.070141,official-venue-resolution,true,true,false,,
eth,eth:1785206700000,1785206700000,1785207600000,2026-07-28T02:45:00Z,UP,YES,,1874.5,official-venue-resolution,false,false,false,,
hype,hype:1785206700000,1785206700000,1785207600000,2026-07-28T02:45:00Z,DOWN,NO,,55.812,official-venue-resolution,false,false,false,,
sol,sol:1785206700000,1785206700000,1785207600000,2026-07-28T02:45:00Z,UP,YES,,73.3197,official-venue-resolution,false,false,false,,
xrp,xrp:1785206700000,1785206700000,1785207600000,2026-07-28T02:45:00Z,UP,YES,,1.0569,official-venue-resolution,false,false,false,,
bnb,bnb:1785207600000,1785207600000,1785208500000,2026-07-28T03:00:00Z,UP,YES,,565.26,official-venue-resolution,false,false,false,,
btc,btc:1785207600000,1785207600000,1785208500000,2026-07-28T03:00:00Z,UP,YES,,63210.47,official-venue-resolution,false,false,false,,
doge,doge:1785207600000,1785207600000,1785208500000,2026-07-28T03:00:00Z,DOWN,NO,,0.0699562,official-venue-resolution,false,false,false,,
eth,eth:1785207600000,1785207600000,1785208500000,2026-07-28T03:00:00Z,UP,YES,,1875.49,official-venue-resolution,false,false,false,,
hype,hype:1785207600000,1785207600000,1785208500000,2026-07-28T03:00:00Z,UP,YES,,55.9321,official-venue-resolution,false,false,false,,
sol,sol:1785207600000,1785207600000,1785208500000,2026-07-28T03:00:00Z,DOWN,NO,,73.2693,official-venue-resolution,false,false,false,,
xrp,xrp:1785207600000,1785207600000,1785208500000,2026-07-28T03:00:00Z,UP,YES,,1.0574,official-venue-resolution,false,false,false,,
bnb,bnb:1785208500000,1785208500000,1785209400000,2026-07-28T03:15:00Z,UP,YES,,565.87,official-venue-resolution,false,false,false,,
btc,btc:1785208500000,1785208500000,1785209400000,2026-07-28T03:15:00Z,UP,YES,,63224.21,official-venue-resolution,false,false,false,,
doge,doge:1785208500000,1785208500000,1785209400000,2026-07-28T03:15:00Z,UP,YES,,0.0700536,official-venue-resolution,false,false,false,,
eth,eth:1785208500000,1785208500000,1785209400000,2026-07-28T03:15:00Z,UP,YES,,1876.28,official-venue-resolution,false,false,false,,
hype,hype:1785208500000,1785208500000,1785209400000,2026-07-28T03:15:00Z,UP,YES,,55.9759,official-venue-resolution,false,false,false,,
sol,sol:1785208500000,1785208500000,1785209400000,2026-07-28T03:15:00Z,DOWN,NO,,73.2092,official-venue-resolution,false,false,false,,
xrp,xrp:1785208500000,1785208500000,1785209400000,2026-07-28T03:15:00Z,UP,YES,,1.0575,official-venue-resolution,false,false,false,,
bnb,bnb:1785209400000,1785209400000,1785210300000,2026-07-28T03:30:00Z,UP,YES,,566.39,official-venue-resolution,false,false,false,,
btc,btc:1785209400000,1785209400000,1785210300000,2026-07-28T03:30:00Z,UP,YES,,63297.2,official-venue-resolution,false,false,false,,
doge,doge:1785209400000,1785209400000,1785210300000,2026-07-28T03:30:00Z,UP,YES,,0.0701642,official-venue-resolution,false,false,false,,
eth,eth:1785209400000,1785209400000,1785210300000,2026-07-28T03:30:00Z,UP,YES,,1880.47,official-venue-resolution,false,false,false,,
hype,hype:1785209400000,1785209400000,1785210300000,2026-07-28T03:30:00Z,UP,YES,,56.1063,official-venue-resolution,false,false,false,,
sol,sol:1785209400000,1785209400000,1785210300000,2026-07-28T03:30:00Z,UP,YES,,73.2935,official-venue-resolution,false,false,false,,
xrp,xrp:1785209400000,1785209400000,1785210300000,2026-07-28T03:30:00Z,UP,YES,,1.0592,official-venue-resolution,false,false,false,,
bnb,bnb:1785210300000,1785210300000,1785211200000,2026-07-28T03:45:00Z,DOWN,NO,,566.16,official-venue-resolution,false,false,false,,
btc,btc:1785210300000,1785210300000,1785211200000,2026-07-28T03:45:00Z,DOWN,NO,,63260.73,official-venue-resolution,false,false,false,,
doge,doge:1785210300000,1785210300000,1785211200000,2026-07-28T03:45:00Z,UP,NO,,0.0701176,official-venue-resolution,true,false,true,,
eth,eth:1785210300000,1785210300000,1785211200000,2026-07-28T03:45:00Z,DOWN,NO,,1879.23,official-venue-resolution,false,false,false,,
hype,hype:1785210300000,1785210300000,1785211200000,2026-07-28T03:45:00Z,UP,YES,,56.1478,official-venue-resolution,false,false,false,,
sol,sol:1785210300000,1785210300000,1785211200000,2026-07-28T03:45:00Z,DOWN,NO,,73.186,official-venue-resolution,false,false,false,,
xrp,xrp:1785210300000,1785210300000,1785211200000,2026-07-28T03:45:00Z,DOWN,NO,,1.0574,official-venue-resolution,false,false,false,,
bnb,bnb:1785211200000,1785211200000,1785212100000,2026-07-28T04:00:00Z,DOWN,NO,,565.78,official-venue-resolution,false,false,false,,
btc,btc:1785211200000,1785211200000,1785212100000,2026-07-28T04:00:00Z,DOWN,NO,,63260.45,official-venue-resolution,false,false,false,,
doge,doge:1785211200000,1785211200000,1785212100000,2026-07-28T04:00:00Z,DOWN,YES,,0.0701314,official-venue-resolution,true,true,false,,
eth,eth:1785211200000,1785211200000,1785212100000,2026-07-28T04:00:00Z,DOWN,NO,,1879.02,official-venue-resolution,false,false,false,,
hype,hype:1785211200000,1785211200000,1785212100000,2026-07-28T04:00:00Z,UP,YES,,56.1792,official-venue-resolution,false,false,false,,
sol,sol:1785211200000,1785211200000,1785212100000,2026-07-28T04:00:00Z,DOWN,NO,,73.107,official-venue-resolution,false,false,false,,
xrp,xrp:1785211200000,1785211200000,1785212100000,2026-07-28T04:00:00Z,DOWN,NO,,1.0573,official-venue-resolution,false,false,false,,
bnb,bnb:1785212100000,1785212100000,1785213000000,2026-07-28T04:15:00Z,DOWN,NO,,565.18,official-venue-resolution,false,false,false,,
btc,btc:1785212100000,1785212100000,1785213000000,2026-07-28T04:15:00Z,DOWN,NO,,63230.46,official-venue-resolution,false,false,false,,
doge,doge:1785212100000,1785212100000,1785213000000,2026-07-28T04:15:00Z,DOWN,NO,,0.0699935,official-venue-resolution,false,false,false,,
eth,eth:1785212100000,1785212100000,1785213000000,2026-07-28T04:15:00Z,DOWN,NO,,1877.84,official-venue-resolution,false,false,false,,
hype,hype:1785212100000,1785212100000,1785213000000,2026-07-28T04:15:00Z,DOWN,YES,,56.1832,official-venue-resolution,true,true,false,,
sol,sol:1785212100000,1785212100000,1785213000000,2026-07-28T04:15:00Z,DOWN,NO,,73.083,official-venue-resolution,false,false,false,,
xrp,xrp:1785212100000,1785212100000,1785213000000,2026-07-28T04:15:00Z,DOWN,NO,,1.0566,official-venue-resolution,false,false,false,,
bnb,bnb:1785213000000,1785213000000,1785213900000,2026-07-28T04:30:00Z,UP,NO,564.76876,564.95,official-venue-resolution,true,false,true,,
btc,btc:1785213000000,1785213000000,1785213900000,2026-07-28T04:30:00Z,DOWN,NO,,63211.37,official-venue-resolution,false,false,false,,
doge,doge:1785213000000,1785213000000,1785213900000,2026-07-28T04:30:00Z,UP,NO,,0.069939,official-venue-resolution,true,false,true,,
eth,eth:1785213000000,1785213000000,1785213900000,2026-07-28T04:30:00Z,DOWN,NO,,1877.1,official-venue-resolution,false,false,false,,
hype,hype:1785213000000,1785213000000,1785213900000,2026-07-28T04:30:00Z,UP,YES,,56.2043,official-venue-resolution,false,false,false,,
sol,sol:1785213000000,1785213000000,1785213900000,2026-07-28T04:30:00Z,UP,YES,73.08594761318793,73.0898,official-venue-resolution,false,false,false,,
xrp,xrp:1785213000000,1785213000000,1785213900000,2026-07-28T04:30:00Z,DOWN,NO,1.055300137308037,1.0557,official-venue-resolution,false,false,false,,
bnb,bnb:1785213900000,1785213900000,1785214800000,2026-07-28T04:45:00Z,DOWN,NO,564.48828,564.77,official-venue-resolution,false,false,false,,
btc,btc:1785213900000,1785213900000,1785214800000,2026-07-28T04:45:00Z,UP,YES,63283.59935627384,63277.33,official-venue-resolution,false,false,false,,
doge,doge:1785213900000,1785213900000,1785214800000,2026-07-28T04:45:00Z,DOWN,YES,0.06995700018872342,0.0700172,official-venue-resolution,true,true,false,,
eth,eth:1785213900000,1785213900000,1785214800000,2026-07-28T04:45:00Z,DOWN,YES,1877.216888837602,1877.12,official-venue-resolution,true,true,false,,
hype,hype:1785213900000,1785213900000,1785214800000,2026-07-28T04:45:00Z,DOWN,YES,56.194055000000006,56.2123,official-venue-resolution,true,true,false,,
sol,sol:1785213900000,1785213900000,1785214800000,2026-07-28T04:45:00Z,UP,YES,73.13621829707947,73.1408,official-venue-resolution,false,false,false,,
xrp,xrp:1785213900000,1785213900000,1785214800000,2026-07-28T04:45:00Z,UP,YES,1.05548760231341,1.0558,official-venue-resolution,false,false,false,,
bnb,bnb:1785214800000,1785214800000,1785215700000,2026-07-28T05:00:00.000Z,UP,YES,565.02106,565.26,official-venue-apis-recovered,false,false,false,false,false
btc,btc:1785214800000,1785214800000,1785215700000,2026-07-28T05:00:00.000Z,UP,YES,63381.288879825,63387.41,official-venue-apis-recovered,false,false,false,false,false
doge,doge:1785214800000,1785214800000,1785215700000,2026-07-28T05:00:00.000Z,DOWN,NO,0.069930375,0.0699582,official-venue-apis-recovered,false,false,false,false,false
eth,eth:1785214800000,1785214800000,1785215700000,2026-07-28T05:00:00.000Z,UP,YES,1880.6501,1880.99,official-venue-apis-recovered,false,false,false,false,false
hype,hype:1785214800000,1785214800000,1785215700000,2026-07-28T05:00:00.000Z,UP,YES,56.317726,56.3311,official-venue-apis-recovered,false,false,false,false,false
sol,sol:1785214800000,1785214800000,1785215700000,2026-07-28T05:00:00.000Z,UP,YES,73.26442347484188,73.2713,official-venue-apis-recovered,false,false,false,false,false
xrp,xrp:1785214800000,1785214800000,1785215700000,2026-07-28T05:00:00.000Z,UP,YES,1.0580191122759763,1.0583,official-venue-apis-recovered,false,false,false,false,false
bnb,bnb:1785215700000,1785215700000,1785216600000,2026-07-28T05:15:00.000Z,UP,YES,565.5707639388991,565.81,official-venue-apis-recovered,false,false,false,false,false
btc,btc:1785215700000,1785215700000,1785216600000,2026-07-28T05:15:00.000Z,UP,YES,63471.4840370126,63470.33,official-venue-apis-recovered,false,false,false,false,false
doge,doge:1785215700000,1785215700000,1785216600000,2026-07-28T05:15:00.000Z,DOWN,NO,0.06990080989168486,0.0698953,official-venue-apis-recovered,false,false,false,false,false
eth,eth:1785215700000,1785215700000,1785216600000,2026-07-28T05:15:00.000Z,UP,YES,1884.21,1883.97,official-venue-apis-recovered,false,false,false,false,false
hype,hype:1785215700000,1785215700000,1785216600000,2026-07-28T05:15:00.000Z,DOWN,NO,56.213832999999994,56.2213,official-venue-apis-recovered,false,false,false,false,false
sol,sol:1785215700000,1785215700000,1785216600000,2026-07-28T05:15:00.000Z,UP,YES,73.35214809603983,73.3618,official-venue-apis-recovered,false,false,false,false,false
xrp,xrp:1785215700000,1785215700000,1785216600000,2026-07-28T05:15:00.000Z,UP,YES,1.058508575035051,1.0588,official-venue-apis-recovered,false,false,false,false,false
bnb,bnb:1785216600000,1785216600000,1785217500000,2026-07-28T05:30:00.000Z,UP,YES,566.0673666911855,566.2,official-venue-apis-recovered,false,false,false,false,false
btc,btc:1785216600000,1785216600000,1785217500000,2026-07-28T05:30:00.000Z,UP,YES,63476.493615499654,63479.07,official-venue-apis-recovered,false,false,false,false,false
doge,doge:1785216600000,1785216600000,1785217500000,2026-07-28T05:30:00.000Z,UP,YES,0.07001749,0.0700248,official-venue-apis-recovered,false,false,false,false,false
eth,eth:1785216600000,1785216600000,1785217500000,2026-07-28T05:30:00.000Z,UP,YES,1885.9897946847634,1885.81,official-venue-apis-recovered,false,false,false,false,false
hype,hype:1785216600000,1785216600000,1785217500000,2026-07-28T05:30:00.000Z,DOWN,NO,55.607722,55.6109,official-venue-apis-recovered,false,false,false,false,false
sol,sol:1785216600000,1785216600000,1785217500000,2026-07-28T05:30:00.000Z,UP,YES,73.37141156245417,73.3658,official-venue-apis-recovered,false,false,false,false,false
xrp,xrp:1785216600000,1785216600000,1785217500000,2026-07-28T05:30:00.000Z,UP,YES,1.058818023830932,1.0591,official-venue-apis-recovered,false,false,false,false,false
bnb,bnb:1785217500000,1785217500000,1785218400000,2026-07-28T05:45:00.000Z,DOWN,NO,564.9893464743301,565.5,official-venue-apis-recovered,false,false,false,false,false
btc,btc:1785217500000,1785217500000,1785218400000,2026-07-28T05:45:00.000Z,DOWN,NO,63382.67041628777,63404.26,official-venue-apis-recovered,false,false,false,false,false
doge,doge:1785217500000,1785217500000,1785218400000,2026-07-28T05:45:00.000Z,DOWN,NO,0.069933559,0.0699491,official-venue-apis-recovered,false,false,false,false,false
eth,eth:1785217500000,1785217500000,1785218400000,2026-07-28T05:45:00.000Z,DOWN,NO,1881.3151093119977,1882.03,official-venue-apis-recovered,false,false,false,false,false
hype,hype:1785217500000,1785217500000,1785218400000,2026-07-28T05:45:00.000Z,DOWN,NO,55.166854,55.2035,official-venue-apis-recovered,false,false,false,false,false
sol,sol:1785217500000,1785217500000,1785218400000,2026-07-28T05:45:00.000Z,DOWN,NO,73.18971556288315,73.2065,official-venue-apis-recovered,false,false,false,false,false
xrp,xrp:1785217500000,1785217500000,1785218400000,2026-07-28T05:45:00.000Z,DOWN,NO,1.05691269691238,1.0574,official-venue-apis-recovered,false,false,false,false,false
bnb,bnb:1785218400000,1785218400000,1785219300000,2026-07-28T06:00:00.000Z,DOWN,NO,563.9910663399357,564.41,official-venue-apis-recovered,false,false,false,false,false
btc,btc:1785218400000,1785218400000,1785219300000,2026-07-28T06:00:00.000Z,DOWN,NO,63352.17303909403,63366.57,official-venue-apis-recovered,false,false,false,false,false
doge,doge:1785218400000,1785218400000,1785219300000,2026-07-28T06:00:00.000Z,DOWN,NO,0.069858833,0.0698754,official-venue-apis-recovered,false,false,false,false,false
eth,eth:1785218400000,1785218400000,1785219300000,2026-07-28T06:00:00.000Z,DOWN,NO,1877.8610404737576,1878.63,official-venue-apis-recovered,false,false,false,false,false
hype,hype:1785218400000,1785218400000,1785219300000,2026-07-28T06:00:00.000Z,DOWN,NO,54.73254629846515,54.8335,official-venue-apis-recovered,false,false,false,false,false
sol,sol:1785218400000,1785218400000,1785219300000,2026-07-28T06:00:00.000Z,DOWN,NO,73.11794549,73.1302,official-venue-apis-recovered,false,false,false,false,false
xrp,xrp:1785218400000,1785218400000,1785219300000,2026-07-28T06:00:00.000Z,DOWN,NO,1.05507872,1.0555,official-venue-apis-recovered,false,false,false,false,false
bnb,bnb:1785219300000,1785219300000,1785220200000,2026-07-28T06:15:00.000Z,UP,YES,564.17517,564.5,official-venue-apis-recovered,false,false,false,false,false
btc,btc:1785219300000,1785219300000,1785220200000,2026-07-28T06:15:00.000Z,UP,YES,63449.438396082194,63459.41,official-venue-apis-recovered,false,false,false,false,false
doge,doge:1785219300000,1785219300000,1785220200000,2026-07-28T06:15:00.000Z,UP,YES,0.070094125,0.0700851,official-venue-apis-recovered,false,false,false,false,false
eth,eth:1785219300000,1785219300000,1785220200000,2026-07-28T06:15:00.000Z,UP,YES,1881.0490196627586,1881.38,official-venue-apis-recovered,false,false,false,false,false
hype,hype:1785219300000,1785219300000,1785220200000,2026-07-28T06:15:00.000Z,UP,YES,55.190075281609396,55.2305,official-venue-apis-recovered,false,false,false,false,false
sol,sol:1785219300000,1785219300000,1785220200000,2026-07-28T06:15:00.000Z,UP,YES,73.27344641940456,73.2802,official-venue-apis-recovered,false,false,false,false,false
xrp,xrp:1785219300000,1785219300000,1785220200000,2026-07-28T06:15:00.000Z,UP,YES,1.0564104480275576,1.0568,official-venue-apis-recovered,false,false,false,false,false
bnb,bnb:1785220200000,1785220200000,1785221100000,2026-07-28T06:30:00.000Z,UP,YES,564.3090546133137,564.65,official-venue-apis-recovered,false,false,false,false,false
btc,btc:1785220200000,1785220200000,1785221100000,2026-07-28T06:30:00.000Z,UP,YES,63507.090778781174,63518.87,official-venue-apis-recovered,false,false,false,false,false
doge,doge:1785220200000,1785220200000,1785221100000,2026-07-28T06:30:00.000Z,UP,YES,0.0702719,0.0702765,official-venue-apis-recovered,false,false,false,false,false
eth,eth:1785220200000,1785220200000,1785221100000,2026-07-28T06:30:00.000Z,UP,YES,1884.0088382923063,1884.56,official-venue-apis-recovered,false,false,false,false,false
hype,hype:1785220200000,1785220200000,1785221100000,2026-07-28T06:30:00.000Z,UP,YES,55.407495000000004,55.4531,official-venue-apis-recovered,false,false,false,false,false
sol,sol:1785220200000,1785220200000,1785221100000,2026-07-28T06:30:00.000Z,UP,YES,73.39439990817337,73.405,official-venue-apis-recovered,false,false,false,false,false
xrp,xrp:1785220200000,1785220200000,1785221100000,2026-07-28T06:30:00.000Z,UP,YES,1.058784867377818,,official-venue-apis-recovered,false,false,false,false,false
bnb,bnb:1785221100000,1785221100000,1785222000000,2026-07-28T06:45:00.000Z,UP,YES,564.79805,565.08,official-venue-apis-recovered,false,false,false,false,false
btc,btc:1785221100000,1785221100000,1785222000000,2026-07-28T06:45:00.000Z,UP,YES,63564.965230450005,63571.28,official-venue-apis-recovered,false,false,false,false,false
doge,doge:1785221100000,1785221100000,1785222000000,2026-07-28T06:45:00.000Z,UP,YES,0.07032992,0.0703254,official-venue-apis-recovered,false,false,false,false,false
eth,eth:1785221100000,1785221100000,1785222000000,2026-07-28T06:45:00.000Z,UP,YES,1886.4357591169212,1886.17,official-venue-apis-recovered,false,false,false,false,false
hype,hype:1785221100000,1785221100000,1785222000000,2026-07-28T06:45:00.000Z,UP,YES,55.46115391166767,55.4931,official-venue-apis-recovered,false,false,false,false,false
sol,sol:1785221100000,1785221100000,1785222000000,2026-07-28T06:45:00.000Z,DOWN,NO,73.36298541034391,73.3723,official-venue-apis-recovered,false,false,false,false,false
xrp,xrp:1785221100000,1785221100000,1785222000000,2026-07-28T06:45:00.000Z,UP,NO,1.0588489482801249,1.0591,official-venue-apis-recovered,true,false,true,false,false
bnb,bnb:1785222000000,1785222000000,1785222900000,2026-07-28T07:00:00.000Z,DOWN,NO,564.6515896472972,564.85,official-venue-apis-recovered,false,false,false,false,false
btc,btc:1785222000000,1785222000000,1785222900000,2026-07-28T07:00:00.000Z,DOWN,NO,63513.04453680078,63495.22,official-venue-apis-recovered,false,false,false,false,false
doge,doge:1785222000000,1785222000000,1785222900000,2026-07-28T07:00:00.000Z,UP,NO,0.07033141,0.0703237,official-venue-apis-recovered,true,false,true,false,false
eth,eth:1785222000000,1785222000000,1785222900000,2026-07-28T07:00:00.000Z,DOWN,NO,1885.097769425,1884.94,official-venue-apis-recovered,false,false,false,false,false
hype,hype:1785222000000,1785222000000,1785222900000,2026-07-28T07:00:00.000Z,DOWN,NO,55.27197329745911,55.2639,official-venue-apis-recovered,false,false,false,false,false
sol,sol:1785222000000,1785222000000,1785222900000,2026-07-28T07:00:00.000Z,UP,NO,73.36333071140007,73.3583,official-venue-apis-recovered,true,false,true,false,false
xrp,xrp:1785222000000,1785222000000,1785222900000,2026-07-28T07:00:00.000Z,DOWN,NO,1.0587645618408084,1.0587,official-venue-apis-recovered,false,false,false,false,false
bnb,bnb:1785222900000,1785222900000,1785223800000,2026-07-28T07:15:00.000Z,DOWN,YES,564.5643689501828,565.07,official-venue-apis-recovered,true,true,false,false,false
btc,btc:1785222900000,1785222900000,1785223800000,2026-07-28T07:15:00.000Z,DOWN,YES,63501.17983985838,63501.93,official-venue-apis-recovered,true,true,false,false,false
doge,doge:1785222900000,1785222900000,1785223800000,2026-07-28T07:15:00.000Z,DOWN,NO,0.07025445048532127,0.0703038,official-venue-apis-recovered,false,false,false,false,false
eth,eth:1785222900000,1785222900000,1785223800000,2026-07-28T07:15:00.000Z,DOWN,NO,1883.2151134070318,1883.62,official-venue-apis-recovered,false,false,false,false,false
hype,hype:1785222900000,1785222900000,1785223800000,2026-07-28T07:15:00.000Z,UP,YES,55.284448,55.3169,official-venue-apis-recovered,false,false,false,false,false
sol,sol:1785222900000,1785222900000,1785223800000,2026-07-28T07:15:00.000Z,DOWN,YES,73.34757826793894,73.361,official-venue-apis-recovered,true,true,false,false,false
xrp,xrp:1785222900000,1785222900000,1785223800000,2026-07-28T07:15:00.000Z,DOWN,NO,1.057119865,1.0575,official-venue-apis-recovered,false,false,false,false,false
bnb,bnb:1785223800000,1785223800000,1785224700000,2026-07-28T07:30:00.000Z,UP,YES,565.0300527448992,565.39,official-venue-apis-recovered,false,false,false,false,false
btc,btc:1785223800000,1785223800000,1785224700000,2026-07-28T07:30:00.000Z,DOWN,NO,63416.92994534,63426.33,official-venue-apis-recovered,false,false,false,false,false
doge,doge:1785223800000,1785223800000,1785224700000,2026-07-28T07:30:00.000Z,DOWN,NO,0.07015055293685715,0.0701661,official-venue-apis-recovered,false,false,false,false,false
eth,eth:1785223800000,1785223800000,1785224700000,2026-07-28T07:30:00.000Z,DOWN,NO,1881.6161680912342,1881.92,official-venue-apis-recovered,false,false,false,false,false
hype,hype:1785223800000,1785223800000,1785224700000,2026-07-28T07:30:00.000Z,DOWN,NO,54.99819088059218,55.0339,official-venue-apis-recovered,false,false,false,false,false
sol,sol:1785223800000,1785223800000,1785224700000,2026-07-28T07:30:00.000Z,DOWN,NO,73.15211178540308,73.166,official-venue-apis-recovered,false,false,false,false,false
xrp,xrp:1785223800000,1785223800000,1785224700000,2026-07-28T07:30:00.000Z,DOWN,NO,1.05493315294956,1.0553,official-venue-apis-recovered,false,false,false,false,false
bnb,bnb:1785224700000,1785224700000,1785225600000,2026-07-28T07:45:00.000Z,UP,YES,565.2244,565.47,official-venue-apis-recovered,false,false,false,false,false
btc,btc:1785224700000,1785224700000,1785225600000,2026-07-28T07:45:00.000Z,UP,YES,63434.99102717894,63438.95,official-venue-apis-recovered,false,false,false,false,false
doge,doge:1785224700000,1785224700000,1785225600000,2026-07-28T07:45:00.000Z,DOWN,NO,0.07006144478201791,0.0700867,official-venue-apis-recovered,false,false,false,false,false
eth,eth:1785224700000,1785224700000,1785225600000,2026-07-28T07:45:00.000Z,UP,YES,1881.8598109252953,1882.08,official-venue-apis-recovered,false,false,false,false,false
hype,hype:1785224700000,1785224700000,1785225600000,2026-07-28T07:45:00.000Z,UP,YES,55.311132,55.3042,official-venue-apis-recovered,false,false,false,false,false
sol,sol:1785224700000,1785224700000,1785225600000,2026-07-28T07:45:00.000Z,UP,YES,73.20643928112376,73.22,official-venue-apis-recovered,false,false,false,false,false
xrp,xrp:1785224700000,1785224700000,1785225600000,2026-07-28T07:45:00.000Z,UP,NO,1.0549347486544554,1.0552,official-venue-apis-recovered,true,false,true,false,false
bnb,bnb:1785225600000,1785225600000,1785226500000,2026-07-28T08:00:00.000Z,DOWN,NO,564.6395913632421,565.12,official-venue-apis-recovered,false,false,false,false,false
btc,btc:1785225600000,1785225600000,1785226500000,2026-07-28T08:00:00.000Z,DOWN,NO,63365.17548180409,63379.57,official-venue-apis-recovered,false,false,false,false,false
doge,doge:1785225600000,1785225600000,1785226500000,2026-07-28T08:00:00.000Z,UP,NO,0.0700734440651288,0.0700857,official-venue-apis-recovered,true,false,true,false,false
eth,eth:1785225600000,1785225600000,1785226500000,2026-07-28T08:00:00.000Z,DOWN,NO,1878.5909828924998,1879.06,official-venue-apis-recovered,false,false,false,false,false
hype,hype:1785225600000,1785225600000,1785226500000,2026-07-28T08:00:00.000Z,DOWN,NO,55.18962193208488,55.1997,official-venue-apis-recovered,false,false,false,false,false
sol,sol:1785225600000,1785225600000,1785226500000,2026-07-28T08:00:00.000Z,DOWN,NO,73.20400209291353,73.217,official-venue-apis-recovered,false,false,false,false,false
xrp,xrp:1785225600000,1785225600000,1785226500000,2026-07-28T08:00:00.000Z,DOWN,NO,1.0536555619493522,1.054,official-venue-apis-recovered,false,false,false,false,false
bnb,bnb:1785226500000,1785226500000,1785227400000,2026-07-28T08:15:00.000Z,UP,NO,564.6410951419268,565.04,official-venue-apis-recovered,true,false,true,false,false
btc,btc:1785226500000,1785226500000,1785227400000,2026-07-28T08:15:00.000Z,UP,YES,63404.80573897647,63415.78,official-venue-apis-recovered,false,false,false,false,false
doge,doge:1785226500000,1785226500000,1785227400000,2026-07-28T08:15:00.000Z,UP,YES,0.0701702957046799,0.0701763,official-venue-apis-recovered,false,false,false,false,false
eth,eth:1785226500000,1785226500000,1785227400000,2026-07-28T08:15:00.000Z,UP,YES,1882.4767026397146,1882.98,official-venue-apis-recovered,false,false,false,false,false
hype,hype:1785226500000,1785226500000,1785227400000,2026-07-28T08:15:00.000Z,DOWN,YES,55.18314299785202,55.2143,official-venue-apis-recovered,true,true,false,false,false
sol,sol:1785226500000,1785226500000,1785227400000,2026-07-28T08:15:00.000Z,UP,YES,73.22516675705148,73.2543,official-venue-apis-recovered,false,false,false,false,false
xrp,xrp:1785226500000,1785226500000,1785227400000,2026-07-28T08:15:00.000Z,UP,YES,1.0551470875140587,1.0555,official-venue-apis-recovered,false,false,false,false,false
bnb,bnb:1785227400000,1785227400000,1785228300000,2026-07-28T08:30:00.000Z,UP,YES,565.263815185134,565.57,official-venue-apis-recovered,false,false,false,false,false
btc,btc:1785227400000,1785227400000,1785228300000,2026-07-28T08:30:00.000Z,UP,YES,63428.04744499,63440.67,official-venue-apis-recovered,false,false,false,false,false
doge,doge:1785227400000,1785227400000,1785228300000,2026-07-28T08:30:00.000Z,UP,NO,0.07017164,0.0701756,official-venue-apis-recovered,true,false,true,false,false
eth,eth:1785227400000,1785227400000,1785228300000,2026-07-28T08:30:00.000Z,UP,YES,1882.8086115649999,1883.08,official-venue-apis-recovered,false,false,false,false,false
hype,hype:1785227400000,1785227400000,1785228300000,2026-07-28T08:30:00.000Z,UP,YES,55.184656999999994,55.2178,official-venue-apis-recovered,false,false,false,false,false
sol,sol:1785227400000,1785227400000,1785228300000,2026-07-28T08:30:00.000Z,UP,YES,73.29056877000001,73.3045,official-venue-apis-recovered,false,false,false,false,false
xrp,xrp:1785227400000,1785227400000,1785228300000,2026-07-28T08:30:00.000Z,UP,YES,1.05573442,1.056,official-venue-apis-recovered,false,false,false,false,false
bnb,bnb:1785228300000,1785228300000,1785229200000,2026-07-28T08:45:00.000Z,DOWN,NO,564.83101,565.2,official-venue-apis-recovered,false,false,false,false,false
btc,btc:1785228300000,1785228300000,1785229200000,2026-07-28T08:45:00.000Z,DOWN,NO,63355.402557709436,63362.45,official-venue-apis-recovered,false,false,false,false,false
doge,doge:1785228300000,1785228300000,1785229200000,2026-07-28T08:45:00.000Z,DOWN,NO,0.07012324,0.0701239,official-venue-apis-recovered,false,false,false,false,false
eth,eth:1785228300000,1785228300000,1785229200000,2026-07-28T08:45:00.000Z,DOWN,NO,1882.4282531699998,1882.63,official-venue-apis-recovered,false,false,false,false,false
hype,hype:1785228300000,1785228300000,1785229200000,2026-07-28T08:45:00.000Z,UP,NO,55.209838,55.2038,official-venue-apis-recovered,true,false,true,false,false
sol,sol:1785228300000,1785228300000,1785229200000,2026-07-28T08:45:00.000Z,DOWN,NO,73.2790617192729,73.2902,official-venue-apis-recovered,false,false,false,false,false
xrp,xrp:1785228300000,1785228300000,1785229200000,2026-07-28T08:45:00.000Z,DOWN,NO,1.055409602547422,1.0557,official-venue-apis-recovered,false,false,false,false,false
bnb,bnb:1785229200000,1785229200000,1785230100000,2026-07-28T09:00:00.000Z,UP,YES,565.2696893239504,565.48,official-venue-apis-recovered,false,false,false,false,false
btc,btc:1785229200000,1785229200000,1785230100000,2026-07-28T09:00:00.000Z,UP,YES,63359.89062425499,63368.73,official-venue-apis-recovered,false,false,false,false,false
doge,doge:1785229200000,1785229200000,1785230100000,2026-07-28T09:00:00.000Z,DOWN,NO,0.07007439,0.0700913,official-venue-apis-recovered,false,false,false,false,false
eth,eth:1785229200000,1785229200000,1785230100000,2026-07-28T09:00:00.000Z,DOWN,NO,1880.524081625,1880.82,official-venue-apis-recovered,false,false,false,false,false
hype,hype:1785229200000,1785229200000,1785230100000,2026-07-28T09:00:00.000Z,DOWN,NO,55.128443830341354,55.1442,official-venue-apis-recovered,false,false,false,false,false
sol,sol:1785229200000,1785229200000,1785230100000,2026-07-28T09:00:00.000Z,UP,YES,73.3515439083543,73.3627,official-venue-apis-recovered,false,false,false,false,false
xrp,xrp:1785229200000,1785229200000,1785230100000,2026-07-28T09:00:00.000Z,DOWN,NO,1.0551827955461615,1.0554,official-venue-apis-recovered,false,false,false,false,false
bnb,bnb:1785230100000,1785230100000,1785231000000,2026-07-28T09:15:00.000Z,UP,YES,565.7034850211976,566.02,official-venue-apis-recovered,false,false,false,false,false
btc,btc:1785230100000,1785230100000,1785231000000,2026-07-28T09:15:00.000Z,UP,YES,63421.82754729135,63417.93,official-venue-apis-recovered,false,false,false,false,false
doge,doge:1785230100000,1785230100000,1785231000000,2026-07-28T09:15:00.000Z,DOWN,NO,0.07005288989849232,0.0700513,official-venue-apis-recovered,false,false,false,false,false
eth,eth:1785230100000,1785230100000,1785231000000,2026-07-28T09:15:00.000Z,UP,YES,1881.930327905,1881.92,official-venue-apis-recovered,false,false,false,false,false
hype,hype:1785230100000,1785230100000,1785231000000,2026-07-28T09:15:00.000Z,UP,YES,55.17931466772243,55.1803,official-venue-apis-recovered,false,false,false,false,false
sol,sol:1785230100000,1785230100000,1785231000000,2026-07-28T09:15:00.000Z,DOWN,NO,73.33967778545136,73.3557,official-venue-apis-recovered,false,false,false,false,false
xrp,xrp:1785230100000,1785230100000,1785231000000,2026-07-28T09:15:00.000Z,UP,YES,1.055754940016322,1.056,official-venue-apis-recovered,false,false,false,false,false
bnb,bnb:1785231000000,1785231000000,1785231900000,2026-07-28T09:30:00.000Z,UP,YES,566.2798864138969,566.62,official-venue-apis-recovered,false,false,false,false,false
btc,btc:1785231000000,1785231000000,1785231900000,2026-07-28T09:30:00.000Z,UP,YES,63447.15266541002,63457.56,official-venue-apis-recovered,false,false,false,false,false
doge,doge:1785231000000,1785231000000,1785231900000,2026-07-28T09:30:00.000Z,UP,YES,0.07016910534507811,0.0701914,official-venue-apis-recovered,false,false,false,false,false
eth,eth:1785231000000,1785231000000,1785231900000,2026-07-28T09:30:00.000Z,DOWN,NO,1880.4605738,1881.12,official-venue-apis-recovered,false,false,false,false,false
hype,hype:1785231000000,1785231000000,1785231900000,2026-07-28T09:30:00.000Z,DOWN,NO,55.1506925470673,55.1656,official-venue-apis-recovered,false,false,false,false,false
sol,sol:1785231000000,1785231000000,1785231900000,2026-07-28T09:30:00.000Z,DOWN,NO,73.29912075785043,73.3332,official-venue-apis-recovered,false,false,false,false,false
xrp,xrp:1785231000000,1785231000000,1785231900000,2026-07-28T09:30:00.000Z,UP,YES,1.0579695641059936,1.0585,official-venue-apis-recovered,false,false,false,false,false
bnb,bnb:1785231900000,1785231900000,1785232800000,2026-07-28T09:45:00.000Z,DOWN,NO,565.21528,565.55,official-venue-apis-recovered,false,false,false,false,false
btc,btc:1785231900000,1785231900000,1785232800000,2026-07-28T09:45:00.000Z,DOWN,NO,63325.975532301556,63331.64,official-venue-apis-recovered,false,false,false,false,false
doge,doge:1785231900000,1785231900000,1785232800000,2026-07-28T09:45:00.000Z,DOWN,NO,0.0700682,0.0700829,official-venue-apis-recovered,false,false,false,false,false
eth,eth:1785231900000,1785231900000,1785232800000,2026-07-28T09:45:00.000Z,DOWN,NO,1874.3177123465732,1874.63,official-venue-apis-recovered,false,false,false,false,false
hype,hype:1785231900000,1785231900000,1785232800000,2026-07-28T09:45:00.000Z,DOWN,NO,55.008959563175026,55.0086,official-venue-apis-recovered,false,false,false,false,false
sol,sol:1785231900000,1785231900000,1785232800000,2026-07-28T09:45:00.000Z,DOWN,NO,73.17460917697115,73.1935,official-venue-apis-recovered,false,false,false,false,false
xrp,xrp:1785231900000,1785231900000,1785232800000,2026-07-28T09:45:00.000Z,DOWN,NO,1.0553634263581955,1.0558,official-venue-apis-recovered,false,false,false,false,false
bnb,bnb:1785232800000,1785232800000,1785233700000,2026-07-28T10:00:00.000Z,DOWN,NO,564.9669670524387,565.27,official-venue-apis-recovered,false,false,false,false,false
btc,btc:1785232800000,1785232800000,1785233700000,2026-07-28T10:00:00.000Z,DOWN,NO,63275.898119020305,63282.53,official-venue-apis-recovered,false,false,false,false,false
doge,doge:1785232800000,1785232800000,1785233700000,2026-07-28T10:00:00.000Z,DOWN,NO,0.06997751973082537,0.0699888,official-venue-apis-recovered,false,false,false,false,false
eth,eth:1785232800000,1785232800000,1785233700000,2026-07-28T10:00:00.000Z,DOWN,NO,1873.997399189039,1874.34,official-venue-apis-recovered,false,false,false,false,false
hype,hype:1785232800000,1785232800000,1785233700000,2026-07-28T10:00:00.000Z,DOWN,NO,54.956602,54.9604,official-venue-apis-recovered,false,false,false,false,false
sol,sol:1785232800000,1785232800000,1785233700000,2026-07-28T10:00:00.000Z,DOWN,NO,73.09601075959185,73.12,official-venue-apis-recovered,false,false,false,false,false
xrp,xrp:1785232800000,1785232800000,1785233700000,2026-07-28T10:00:00.000Z,DOWN,NO,1.05365398645278,1.0536,official-venue-apis-recovered,false,false,false,false,false
bnb,bnb:1785233700000,1785233700000,1785234600000,2026-07-28T10:15:00.000Z,UP,YES,565.9007900171636,565.92,official-venue-apis-recovered,false,false,false,false,false
btc,btc:1785233700000,1785233700000,1785234600000,2026-07-28T10:15:00.000Z,UP,YES,63313.7083941117,63302.81,official-venue-apis-recovered,false,false,false,false,false
doge,doge:1785233700000,1785233700000,1785234600000,2026-07-28T10:15:00.000Z,UP,YES,0.07004967877221209,0.0700464,official-venue-apis-recovered,false,false,false,false,false
eth,eth:1785233700000,1785233700000,1785234600000,2026-07-28T10:15:00.000Z,UP,YES,1875.4735120628595,1875.38,official-venue-apis-recovered,false,false,false,false,false
hype,hype:1785233700000,1785233700000,1785234600000,2026-07-28T10:15:00.000Z,UP,YES,54.975928999999994,54.97,official-venue-apis-recovered,false,false,false,false,false
sol,sol:1785233700000,1785233700000,1785234600000,2026-07-28T10:15:00.000Z,UP,YES,73.13760115350182,73.1447,official-venue-apis-recovered,false,false,false,false,false
xrp,xrp:1785233700000,1785233700000,1785234600000,2026-07-28T10:15:00.000Z,UP,YES,1.0540742544313526,1.0542,official-venue-apis-recovered,false,false,false,false,false
bnb,bnb:1785234600000,1785234600000,1785235500000,2026-07-28T10:30:00.000Z,UP,YES,566.1633647135752,566.33,official-venue-apis-recovered,false,false,false,false,false
btc,btc:1785234600000,1785234600000,1785235500000,2026-07-28T10:30:00.000Z,UP,YES,63455.34398255791,63442.84,official-venue-apis-recovered,false,false,false,false,false
doge,doge:1785234600000,1785234600000,1785235500000,2026-07-28T10:30:00.000Z,DOWN,NO,0.07003585,0.0700225,official-venue-apis-recovered,false,false,false,false,false
eth,eth:1785234600000,1785234600000,1785235500000,2026-07-28T10:30:00.000Z,UP,YES,1877.6894,1877.29,official-venue-apis-recovered,false,false,false,false,false
hype,hype:1785234600000,1785234600000,1785235500000,2026-07-28T10:30:00.000Z,DOWN,NO,54.839321,54.8397,official-venue-apis-recovered,false,false,false,false,false
sol,sol:1785234600000,1785234600000,1785235500000,2026-07-28T10:30:00.000Z,UP,YES,73.19273767120364,73.1893,official-venue-apis-recovered,false,false,false,false,false
xrp,xrp:1785234600000,1785234600000,1785235500000,2026-07-28T10:30:00.000Z,UP,YES,1.0546830037546993,1.0547,official-venue-apis-recovered,false,false,false,false,false
bnb,bnb:1785235500000,1785235500000,1785236400000,2026-07-28T10:45:00Z,DOWN,NO,564.9957059977157,565.53,official-venue-resolution,false,false,false,,
btc,btc:1785235500000,1785235500000,1785236400000,2026-07-28T10:45:00Z,DOWN,NO,63406.032955125986,63412.42,official-venue-resolution,false,false,false,,
doge,doge:1785235500000,1785235500000,1785236400000,2026-07-28T10:45:00Z,UP,YES,0.07008806,0.0700915,official-venue-resolution,false,false,false,,
eth,eth:1785235500000,1785235500000,1785236400000,2026-07-28T10:45:00Z,DOWN,YES,1876.83702306,1877.31,official-venue-resolution,true,true,false,,
hype,hype:1785235500000,1785235500000,1785236400000,2026-07-28T10:45:00Z,DOWN,NO,54.63848955029509,54.6664,official-venue-resolution,false,false,false,,
sol,sol:1785235500000,1785235500000,1785236400000,2026-07-28T10:45:00Z,DOWN,NO,73.073834385,73.1042,official-venue-resolution,false,false,false,,
xrp,xrp:1785235500000,1785235500000,1785236400000,2026-07-28T10:45:00Z,DOWN,YES,1.0544610500173455,1.0549,official-venue-resolution,true,true,false,,
bnb,bnb:1785236400000,1785236400000,1785237300000,2026-07-28T11:00:00.000Z,DOWN,NO,564.9857447758841,565.22,official-venue-apis-recovered,false,false,false,false,false
btc,btc:1785236400000,1785236400000,1785237300000,2026-07-28T11:00:00.000Z,DOWN,NO,63297.284834879014,63308.79,official-venue-apis-recovered,false,false,false,false,false
doge,doge:1785236400000,1785236400000,1785237300000,2026-07-28T11:00:00.000Z,DOWN,NO,0.06980849534006432,0.0698224,official-venue-apis-recovered,false,false,false,false,false
eth,eth:1785236400000,1785236400000,1785237300000,2026-07-28T11:00:00.000Z,DOWN,NO,1871.0211636507613,1871.53,official-venue-apis-recovered,false,false,false,false,false
hype,hype:1785236400000,1785236400000,1785237300000,2026-07-28T11:00:00.000Z,DOWN,NO,54.450330034997094,54.4654,official-venue-apis-recovered,false,false,false,false,false
sol,sol:1785236400000,1785236400000,1785237300000,2026-07-28T11:00:00.000Z,DOWN,NO,72.85429926872959,72.8803,official-venue-apis-recovered,false,false,false,false,false
xrp,xrp:1785236400000,1785236400000,1785237300000,2026-07-28T11:00:00.000Z,DOWN,NO,1.0491225565023063,1.05,official-venue-apis-recovered,false,false,false,false,false
bnb,bnb:1785237300000,1785237300000,1785238200000,2026-07-28T11:15:00.000Z,UP,YES,565.139822054158,565.38,official-venue-apis-recovered,false,false,false,false,false
btc,btc:1785237300000,1785237300000,1785238200000,2026-07-28T11:15:00.000Z,UP,YES,63386.120691549855,63403.37,official-venue-apis-recovered,false,false,false,false,false
doge,doge:1785237300000,1785237300000,1785238200000,2026-07-28T11:15:00.000Z,UP,YES,0.06980865757858627,0.0698363,official-venue-apis-recovered,false,false,false,false,false
eth,eth:1785237300000,1785237300000,1785238200000,2026-07-28T11:15:00.000Z,UP,YES,1872.5732597489505,1873.56,official-venue-apis-recovered,false,false,false,false,false
hype,hype:1785237300000,1785237300000,1785238200000,2026-07-28T11:15:00.000Z,DOWN,NO,54.369587583867435,54.3792,official-venue-apis-recovered,false,false,false,false,false
sol,sol:1785237300000,1785237300000,1785238200000,2026-07-28T11:15:00.000Z,UP,YES,72.99435157556098,73.0128,official-venue-apis-recovered,false,false,false,false,false
xrp,xrp:1785237300000,1785237300000,1785238200000,2026-07-28T11:15:00.000Z,UP,YES,1.049790940624425,1.0502,official-venue-apis-recovered,false,false,false,false,false
bnb,bnb:1785238200000,1785238200000,1785239100000,2026-07-28T11:30:00.000Z,UP,YES,565.5978674759654,565.68,official-venue-apis-recovered,false,false,false,false,false
btc,btc:1785238200000,1785238200000,1785239100000,2026-07-28T11:30:00.000Z,DOWN,NO,63340.82434589999,63337.75,official-venue-apis-recovered,false,false,false,false,false
doge,doge:1785238200000,1785238200000,1785239100000,2026-07-28T11:30:00.000Z,UP,YES,0.06985949,0.0698429,official-venue-apis-recovered,false,false,false,false,false
eth,eth:1785238200000,1785238200000,1785239100000,2026-07-28T11:30:00.000Z,UP,NO,1872.7669178688175,1872.17,official-venue-apis-recovered,true,false,true,false,false
hype,hype:1785238200000,1785238200000,1785239100000,2026-07-28T11:30:00.000Z,UP,YES,54.416025,54.3956,official-venue-apis-recovered,false,false,false,false,false
sol,sol:1785238200000,1785238200000,1785239100000,2026-07-28T11:30:00.000Z,UP,YES,73.0427581,73.04,official-venue-apis-recovered,false,false,false,false,false
xrp,xrp:1785238200000,1785238200000,1785239100000,2026-07-28T11:30:00.000Z,DOWN,NO,1.0487109403653365,1.0486,official-venue-apis-recovered,false,false,false,false,false
bnb,bnb:1785239100000,1785239100000,1785240000000,2026-07-28T11:45:00.000Z,UP,YES,566.2706762937839,566.74,official-venue-apis-recovered,false,false,false,false,false
btc,btc:1785239100000,1785239100000,1785240000000,2026-07-28T11:45:00.000Z,UP,YES,63392.46839160001,63434.98,official-venue-apis-recovered,false,false,false,false,false
doge,doge:1785239100000,1785239100000,1785240000000,2026-07-28T11:45:00.000Z,UP,YES,0.069940528,0.0699688,official-venue-apis-recovered,false,false,false,false,false
eth,eth:1785239100000,1785239100000,1785240000000,2026-07-28T11:45:00.000Z,UP,YES,1874.755999375,1876.39,official-venue-apis-recovered,false,false,false,false,false
hype,hype:1785239100000,1785239100000,1785240000000,2026-07-28T11:45:00.000Z,DOWN,NO,54.3452,54.3894,official-venue-apis-recovered,false,false,false,false,false
sol,sol:1785239100000,1785239100000,1785240000000,2026-07-28T11:45:00.000Z,UP,YES,73.12271363741539,73.1655,official-venue-apis-recovered,false,false,false,false,false
xrp,xrp:1785239100000,1785239100000,1785240000000,2026-07-28T11:45:00.000Z,DOWN,YES,1.048433965320104,1.0495,official-venue-apis-recovered,true,true,false,false,false
bnb,bnb:1785240000000,1785240000000,1785240900000,2026-07-28T12:00:00.000Z,UP,YES,566.6956091317659,566.88,official-venue-apis-recovered,false,false,false,false,false
btc,btc:1785240000000,1785240000000,1785240900000,2026-07-28T12:00:00.000Z,DOWN,NO,63376.77015660674,63392.62,official-venue-apis-recovered,false,false,false,false,false
doge,doge:1785240000000,1785240000000,1785240900000,2026-07-28T12:00:00.000Z,UP,YES,0.069973445,0.0699823,official-venue-apis-recovered,false,false,false,false,false
eth,eth:1785240000000,1785240000000,1785240900000,2026-07-28T12:00:00.000Z,UP,NO,,1876.11,official-venue-apis-recovered,true,false,true,false,false
hype,hype:1785240000000,1785240000000,1785240900000,2026-07-28T12:00:00.000Z,UP,YES,54.438278,54.4455,official-venue-apis-recovered,false,false,false,false,false
sol,sol:1785240000000,1785240000000,1785240900000,2026-07-28T12:00:00.000Z,UP,NO,73.15805651574264,73.1608,official-venue-apis-recovered,true,false,true,false,false
xrp,xrp:1785240000000,1785240000000,1785240900000,2026-07-28T12:00:00.000Z,UP,YES,1.0495609898553333,1.0498,official-venue-apis-recovered,false,false,false,false,false
bnb,bnb:1785240900000,1785240900000,1785241800000,2026-07-28T12:15:00.000Z,UP,YES,566.9356406961497,567.03,official-venue-apis-recovered,false,false,false,false,false
btc,btc:1785240900000,1785240900000,1785241800000,2026-07-28T12:15:00.000Z,DOWN,YES,63357.40374179102,63395.66,official-venue-apis-recovered,true,true,false,false,false
doge,doge:1785240900000,1785240900000,1785241800000,2026-07-28T12:15:00.000Z,UP,YES,0.06997759712153513,0.0699994,official-venue-apis-recovered,false,false,false,false,false
eth,eth:1785240900000,1785240900000,1785241800000,2026-07-28T12:15:00.000Z,UP,YES,1877.0217072883206,1877.8,official-venue-apis-recovered,false,false,false,false,false
hype,hype:1785240900000,1785240900000,1785241800000,2026-07-28T12:15:00.000Z,DOWN,NO,54.420945595164596,54.4315,official-venue-apis-recovered,false,false,false,false,false
sol,sol:1785240900000,1785240900000,1785241800000,2026-07-28T12:15:00.000Z,DOWN,YES,73.15514480751033,73.1908,official-venue-apis-recovered,true,true,false,false,false
xrp,xrp:1785240900000,1785240900000,1785241800000,2026-07-28T12:15:00.000Z,UP,YES,1.0499860248489208,1.0504,official-venue-apis-recovered,false,false,false,false,false
bnb,bnb:1785241800000,1785241800000,1785242700000,2026-07-28T12:30:00.000Z,UP,YES,567.305,567.5,official-venue-apis-recovered,false,false,false,false,false
btc,btc:1785241800000,1785241800000,1785242700000,2026-07-28T12:30:00.000Z,UP,YES,63406.39737400504,63407.99,official-venue-apis-recovered,false,false,false,false,false
doge,doge:1785241800000,1785241800000,1785242700000,2026-07-28T12:30:00.000Z,UP,YES,0.06998200165107255,0.070007,official-venue-apis-recovered,false,false,false,false,false
eth,eth:1785241800000,1785241800000,1785242700000,2026-07-28T12:30:00.000Z,UP,YES,1881.295463485,1881.4,official-venue-apis-recovered,false,false,false,false,false
hype,hype:1785241800000,1785241800000,1785242700000,2026-07-28T12:30:00.000Z,DOWN,NO,54.336809870170576,54.3278,official-venue-apis-recovered,false,false,false,false,false
sol,sol:1785241800000,1785241800000,1785242700000,2026-07-28T12:30:00.000Z,UP,YES,73.23302240269948,73.2392,official-venue-apis-recovered,false,false,false,false,false
xrp,xrp:1785241800000,1785241800000,1785242700000,2026-07-28T12:30:00.000Z,UP,YES,1.0514863532564616,1.0516,official-venue-apis-recovered,false,false,false,false,false
bnb,bnb:1785242700000,1785242700000,1785243600000,2026-07-28T12:45:00.000Z,UP,YES,567.7637897653577,568.17,official-venue-apis-recovered,false,false,false,false,false
btc,btc:1785242700000,1785242700000,1785243600000,2026-07-28T12:45:00.000Z,UP,YES,63475.88281594541,63491.16,official-venue-apis-recovered,false,false,false,false,false
doge,doge:1785242700000,1785242700000,1785243600000,2026-07-28T12:45:00.000Z,UP,YES,0.0700459496076102,0.0700573,official-venue-apis-recovered,false,false,false,false,false
eth,eth:1785242700000,1785242700000,1785243600000,2026-07-28T12:45:00.000Z,UP,YES,1890.4039918566525,1891.06,official-venue-apis-recovered,false,false,false,false,false
hype,hype:1785242700000,1785242700000,1785243600000,2026-07-28T12:45:00.000Z,DOWN,NO,54.27786,54.2913,official-venue-apis-recovered,false,false,false,false,false
sol,sol:1785242700000,1785242700000,1785243600000,2026-07-28T12:45:00.000Z,UP,YES,73.3007544489587,73.3287,official-venue-apis-recovered,false,false,false,false,false
xrp,xrp:1785242700000,1785242700000,1785243600000,2026-07-28T12:45:00.000Z,UP,YES,1.0530242323568584,1.0533,official-venue-apis-recovered,false,false,false,false,false
bnb,bnb:1785243600000,1785243600000,1785244500000,2026-07-28T13:00:00.000Z,UP,YES,568.252587618079,568.39,official-venue-apis-recovered,false,false,false,false,false
btc,btc:1785243600000,1785243600000,1785244500000,2026-07-28T13:00:00.000Z,DOWN,NO,63439.22949181601,63436.77,official-venue-apis-recovered,false,false,false,false,false
doge,doge:1785243600000,1785243600000,1785244500000,2026-07-28T13:00:00.000Z,DOWN,NO,0.07002893,0.0700198,official-venue-apis-recovered,false,false,false,false,false
eth,eth:1785243600000,1785243600000,1785244500000,2026-07-28T13:00:00.000Z,DOWN,NO,1889.378668265,1889.46,official-venue-apis-recovered,false,false,false,false,false
hype,hype:1785243600000,1785243600000,1785244500000,2026-07-28T13:00:00.000Z,DOWN,NO,54.27729970258526,54.2619,official-venue-apis-recovered,false,false,false,false,false
sol,sol:1785243600000,1785243600000,1785244500000,2026-07-28T13:00:00.000Z,DOWN,NO,,73.1928,official-venue-apis-recovered,false,false,false,false,false
xrp,xrp:1785243600000,1785243600000,1785244500000,2026-07-28T13:00:00.000Z,UP,YES,1.053788044980579,1.0536,official-venue-apis-recovered,false,false,false,false,false
bnb,bnb:1785244500000,1785244500000,1785245400000,2026-07-28T13:15:00.000Z,DOWN,NO,566.4912455240034,566.96,official-venue-apis-recovered,false,false,false,false,false
btc,btc:1785244500000,1785244500000,1785245400000,2026-07-28T13:15:00.000Z,DOWN,NO,63238.54454458286,63255.58,official-venue-apis-recovered,false,false,false,false,false
doge,doge:1785244500000,1785244500000,1785245400000,2026-07-28T13:15:00.000Z,DOWN,NO,0.06978989000552524,0.0698186,official-venue-apis-recovered,false,false,false,false,false
eth,eth:1785244500000,1785244500000,1785245400000,2026-07-28T13:15:00.000Z,DOWN,NO,1881.6916108659927,1882.7,official-venue-apis-recovered,false,false,false,false,false
hype,hype:1785244500000,1785244500000,1785245400000,2026-07-28T13:15:00.000Z,DOWN,NO,54.07010188639722,54.0442,official-venue-apis-recovered,false,false,false,false,false
sol,sol:1785244500000,1785244500000,1785245400000,2026-07-28T13:15:00.000Z,DOWN,NO,72.92470617198217,72.9577,official-venue-apis-recovered,false,false,false,false,false
xrp,xrp:1785244500000,1785244500000,1785245400000,2026-07-28T13:15:00.000Z,DOWN,NO,1.0510367852828852,1.0515,official-venue-apis-recovered,false,false,false,false,false
bnb,bnb:1785245400000,1785245400000,1785246300000,2026-07-28T13:30:00.000Z,DOWN,NO,564.504841220807,565.02,official-venue-apis-recovered,false,false,false,false,false
btc,btc:1785245400000,1785245400000,1785246300000,2026-07-28T13:30:00.000Z,DOWN,NO,62917.10891319609,62937.76,official-venue-apis-recovered,false,false,false,false,false
doge,doge:1785245400000,1785245400000,1785246300000,2026-07-28T13:30:00.000Z,DOWN,NO,0.06947543,0.0695048,official-venue-apis-recovered,false,false,false,false,false
eth,eth:1785245400000,1785245400000,1785246300000,2026-07-28T13:30:00.000Z,DOWN,NO,1867.207064235,1867.89,official-venue-apis-recovered,false,false,false,false,false
hype,hype:1785245400000,1785245400000,1785246300000,2026-07-28T13:30:00.000Z,DOWN,NO,54.02946317810908,54.0228,official-venue-apis-recovered,false,false,false,false,false
sol,sol:1785245400000,1785245400000,1785246300000,2026-07-28T13:30:00.000Z,DOWN,NO,,72.6163,official-venue-apis-recovered,false,false,false,false,false
xrp,xrp:1785245400000,1785245400000,1785246300000,2026-07-28T13:30:00.000Z,DOWN,NO,1.0470588653356945,1.0477,official-venue-apis-recovered,false,false,false,false,false
bnb,bnb:1785246300000,1785246300000,1785247200000,2026-07-28T13:45:00.000Z,UP,YES,564.8286292887517,565.04,official-venue-apis-recovered,false,false,false,false,false
btc,btc:1785246300000,1785246300000,1785247200000,2026-07-28T13:45:00.000Z,UP,YES,63029.02974463059,63016.87,official-venue-apis-recovered,false,false,false,false,false
doge,doge:1785246300000,1785246300000,1785247200000,2026-07-28T13:45:00.000Z,UP,NO,0.069499556,0.0694938,official-venue-apis-recovered,true,false,true,false,false
eth,eth:1785246300000,1785246300000,1785247200000,2026-07-28T13:45:00.000Z,UP,YES,1871.8552966299999,1871.8,official-venue-apis-recovered,false,false,false,false,false
hype,hype:1785246300000,1785246300000,1785247200000,2026-07-28T13:45:00.000Z,UP,YES,,54.2074,official-venue-apis-recovered,false,false,false,false,false
sol,sol:1785246300000,1785246300000,1785247200000,2026-07-28T13:45:00.000Z,UP,NO,,72.612,official-venue-apis-recovered,true,false,true,false,false
xrp,xrp:1785246300000,1785246300000,1785247200000,2026-07-28T13:45:00.000Z,UP,YES,1.0495046474975707,1.0498,official-venue-apis-recovered,false,false,false,false,false
bnb,bnb:1785247200000,1785247200000,1785248100000,2026-07-28T14:00:00.000Z,UP,YES,565.4978416042779,566.01,official-venue-apis-recovered,false,false,false,false,false
btc,btc:1785247200000,1785247200000,1785248100000,2026-07-28T14:00:00.000Z,UP,YES,,63106.21,official-venue-apis-recovered,false,false,false,false,false
doge,doge:1785247200000,1785247200000,1785248100000,2026-07-28T14:00:00.000Z,UP,YES,,0.0695844,official-venue-apis-recovered,false,false,false,false,false
eth,eth:1785247200000,1785247200000,1785248100000,2026-07-28T14:00:00.000Z,UP,YES,,1873.95,official-venue-apis-recovered,false,false,false,false,false
hype,hype:1785247200000,1785247200000,1785248100000,2026-07-28T14:00:00.000Z,DOWN,NO,54.18681900000001,54.1866,official-venue-apis-recovered,false,false,false,false,false
sol,sol:1785247200000,1785247200000,1785248100000,2026-07-28T14:00:00.000Z,UP,YES,72.68020755671598,72.714,official-venue-apis-recovered,false,false,false,false,false
xrp,xrp:1785247200000,1785247200000,1785248100000,2026-07-28T14:00:00.000Z,DOWN,NO,,1.0483,official-venue-apis-recovered,false,false,false,false,false
bnb,bnb:1785248100000,1785248100000,1785249000000,2026-07-28T14:15:00.000Z,DOWN,NO,565.3661084041963,565.65,official-venue-apis-recovered,false,false,false,false,false
btc,btc:1785248100000,1785248100000,1785249000000,2026-07-28T14:15:00.000Z,UP,YES,63107.47641263529,63107.35,official-venue-apis-recovered,false,false,false,false,false
doge,doge:1785248100000,1785248100000,1785249000000,2026-07-28T14:15:00.000Z,UP,YES,0.06974669745592965,0.0697522,official-venue-apis-recovered,false,false,false,false,false
eth,eth:1785248100000,1785248100000,1785249000000,2026-07-28T14:15:00.000Z,UP,YES,1874.6721259,1874.55,official-venue-apis-recovered,false,false,false,false,false
hype,hype:1785248100000,1785248100000,1785249000000,2026-07-28T14:15:00.000Z,DOWN,NO,54.14835793311907,54.1393,official-venue-apis-recovered,false,false,false,false,false
sol,sol:1785248100000,1785248100000,1785249000000,2026-07-28T14:15:00.000Z,UP,YES,72.86468413331978,72.8513,official-venue-apis-recovered,false,false,false,false,false
xrp,xrp:1785248100000,1785248100000,1785249000000,2026-07-28T14:15:00.000Z,UP,YES,1.0498583817337521,1.05,official-venue-apis-recovered,false,false,false,false,false
bnb,bnb:1785249000000,1785249000000,1785249900000,2026-07-28T14:30:00.000Z,UP,YES,,567.33,official-venue-apis-recovered,false,false,false,false,false
btc,btc:1785249000000,1785249000000,1785249900000,2026-07-28T14:30:00.000Z,UP,YES,63281.96977700134,63286.19,official-venue-apis-recovered,false,false,false,false,false
doge,doge:1785249000000,1785249000000,1785249900000,2026-07-28T14:30:00.000Z,UP,YES,0.0698015594721955,0.0698156,official-venue-apis-recovered,false,false,false,false,false
eth,eth:1785249000000,1785249000000,1785249900000,2026-07-28T14:30:00.000Z,UP,YES,,1884.41,official-venue-apis-recovered,false,false,false,false,false
hype,hype:1785249000000,1785249000000,1785249900000,2026-07-28T14:30:00.000Z,UP,YES,,54.5952,official-venue-apis-recovered,false,false,false,false,false
sol,sol:1785249000000,1785249000000,1785249900000,2026-07-28T14:30:00.000Z,UP,YES,,73.0162,official-venue-apis-recovered,false,false,false,false,false
xrp,xrp:1785249000000,1785249000000,1785249900000,2026-07-28T14:30:00.000Z,UP,YES,,1.0519,official-venue-apis-recovered,false,false,false,false,false
bnb,bnb:1785249900000,1785249900000,1785250800000,2026-07-28T14:45:00.000Z,UP,YES,,568.21,official-venue-apis-recovered,false,false,false,false,false
btc,btc:1785249900000,1785249900000,1785250800000,2026-07-28T14:45:00.000Z,UP,YES,63338.17371523873,63347.16,official-venue-apis-recovered,false,false,false,false,false
doge,doge:1785249900000,1785249900000,1785250800000,2026-07-28T14:45:00.000Z,UP,YES,,,official-venue-apis-recovered,false,false,false,false,false
eth,eth:1785249900000,1785249900000,1785250800000,2026-07-28T14:45:00.000Z,UP,YES,,1886.53,official-venue-apis-recovered,false,false,false,false,false
hype,hype:1785249900000,1785249900000,1785250800000,2026-07-28T14:45:00.000Z,UP,YES,,54.8641,official-venue-apis-recovered,false,false,false,false,false
sol,sol:1785249900000,1785249900000,1785250800000,2026-07-28T14:45:00.000Z,UP,YES,,73.3338,official-venue-apis-recovered,false,false,false,false,false
xrp,xrp:1785249900000,1785249900000,1785250800000,2026-07-28T14:45:00.000Z,UP,YES,1.0529886950588514,1.0532,official-venue-apis-recovered,false,false,false,false,false
bnb,bnb:1785250800000,1785250800000,1785251700000,2026-07-28T15:00:00.000Z,UP,YES,569.2354168852021,569.78,official-venue-apis-recovered,false,false,false,false,false
btc,btc:1785250800000,1785250800000,1785251700000,2026-07-28T15:00:00.000Z,UP,YES,63389.09958261636,63410.51,official-venue-apis-recovered,false,false,false,false,false
doge,doge:1785250800000,1785250800000,1785251700000,2026-07-28T15:00:00.000Z,UP,YES,,0.0701871,official-venue-apis-recovered,false,false,false,false,false
eth,eth:1785250800000,1785250800000,1785251700000,2026-07-28T15:00:00.000Z,UP,YES,,1889.96,official-venue-apis-recovered,false,false,false,false,false
hype,hype:1785250800000,1785250800000,1785251700000,2026-07-28T15:00:00.000Z,UP,YES,54.991786000501726,55.0363,official-venue-apis-recovered,false,false,false,false,false
sol,sol:1785250800000,1785250800000,1785251700000,2026-07-28T15:00:00.000Z,UP,YES,,73.642,official-venue-apis-recovered,false,false,false,false,false
xrp,xrp:1785250800000,1785250800000,1785251700000,2026-07-28T15:00:00.000Z,UP,YES,,1.0548,official-venue-apis-recovered,false,false,false,false,false
bnb,bnb:1785251700000,1785251700000,1785252600000,2026-07-28T15:15:00.000Z,UP,YES,573.5690442974595,573.98,official-venue-apis-recovered,false,false,false,false,false
btc,btc:1785251700000,1785251700000,1785252600000,2026-07-28T15:15:00.000Z,UP,YES,63680.49062128395,63699.77,official-venue-apis-recovered,false,false,false,false,false
doge,doge:1785251700000,1785251700000,1785252600000,2026-07-28T15:15:00.000Z,UP,YES,0.07075173161351987,0.0707775,official-venue-apis-recovered,false,false,false,false,false
eth,eth:1785251700000,1785251700000,1785252600000,2026-07-28T15:15:00.000Z,UP,YES,1909.9667386093802,1911.13,official-venue-apis-recovered,false,false,false,false,false
hype,hype:1785251700000,1785251700000,1785252600000,2026-07-28T15:15:00.000Z,UP,YES,55.30718099999999,55.3009,official-venue-apis-recovered,false,false,false,false,false
sol,sol:1785251700000,1785251700000,1785252600000,2026-07-28T15:15:00.000Z,UP,YES,74.1828008175447,74.1993,official-venue-apis-recovered,false,false,false,false,false
xrp,xrp:1785251700000,1785251700000,1785252600000,2026-07-28T15:15:00.000Z,UP,YES,1.0629242854386844,1.0633,official-venue-apis-recovered,false,false,false,false,false
bnb,bnb:1785252600000,1785252600000,1785253500000,2026-07-28T15:30:00.000Z,DOWN,NO,573.2482013233705,573.47,official-venue-apis-recovered,false,false,false,false,false
btc,btc:1785252600000,1785252600000,1785253500000,2026-07-28T15:30:00.000Z,UP,YES,63800.08294828639,63796.55,official-venue-apis-recovered,false,false,false,false,false
doge,doge:1785252600000,1785252600000,1785253500000,2026-07-28T15:30:00.000Z,UP,YES,0.07079991587685146,0.0707837,official-venue-apis-recovered,false,false,false,false,false
eth,eth:1785252600000,1785252600000,1785253500000,2026-07-28T15:30:00.000Z,UP,YES,1914.1267803292387,1913.66,official-venue-apis-recovered,false,false,false,false,false
hype,hype:1785252600000,1785252600000,1785253500000,2026-07-28T15:30:00.000Z,UP,YES,55.451115299599344,55.4223,official-venue-apis-recovered,false,false,false,false,false
sol,sol:1785252600000,1785252600000,1785253500000,2026-07-28T15:30:00.000Z,UP,YES,74.42729047965396,74.3993,official-venue-apis-recovered,false,false,false,false,false
xrp,xrp:1785252600000,1785252600000,1785253500000,2026-07-28T15:30:00.000Z,UP,YES,1.0639891990165107,1.0642,official-venue-apis-recovered,false,false,false,false,false
bnb,bnb:1785253500000,1785253500000,1785254400000,2026-07-28T15:45:00.000Z,DOWN,NO,572.6383275010379,572.86,official-venue-apis-recovered,false,false,false,false,false
btc,btc:1785253500000,1785253500000,1785254400000,2026-07-28T15:45:00.000Z,UP,YES,63858.5868699856,63859.57,official-venue-apis-recovered,false,false,false,false,false
doge,doge:1785253500000,1785253500000,1785254400000,2026-07-28T15:45:00.000Z,DOWN,NO,0.07073836912089708,0.0707288,official-venue-apis-recovered,false,false,false,false,false
eth,eth:1785253500000,1785253500000,1785254400000,2026-07-28T15:45:00.000Z,UP,YES,1918.015579182948,1917.78,official-venue-apis-recovered,false,false,false,false,false
hype,hype:1785253500000,1785253500000,1785254400000,2026-07-28T15:45:00.000Z,DOWN,NO,55.252918748989586,55.2142,official-venue-apis-recovered,false,false,false,false,false
sol,sol:1785253500000,1785253500000,1785254400000,2026-07-28T15:45:00.000Z,DOWN,NO,74.26754967,74.2412,official-venue-apis-recovered,false,false,false,false,false
xrp,xrp:1785253500000,1785253500000,1785254400000,2026-07-28T15:45:00.000Z,UP,NO,1.06411719,1.064,official-venue-apis-recovered,true,false,true,false,false
bnb,bnb:1785254400000,1785254400000,1785255300000,2026-07-28T16:00:00.000Z,UP,YES,573.005633309245,573.21,official-venue-apis-recovered,false,false,false,false,false
btc,btc:1785254400000,1785254400000,1785255300000,2026-07-28T16:00:00.000Z,DOWN,NO,,63749.36,official-venue-apis-recovered,false,false,false,false,false
doge,doge:1785254400000,1785254400000,1785255300000,2026-07-28T16:00:00.000Z,UP,YES,0.07084116,0.0708365,official-venue-apis-recovered,false,false,false,false,false
eth,eth:1785254400000,1785254400000,1785255300000,2026-07-28T16:00:00.000Z,DOWN,NO,,1913.47,official-venue-apis-recovered,false,false,false,false,false
hype,hype:1785254400000,1785254400000,1785255300000,2026-07-28T16:00:00.000Z,DOWN,YES,55.25139707567331,55.2423,official-venue-apis-recovered,true,true,false,false,false
sol,sol:1785254400000,1785254400000,1785255300000,2026-07-28T16:00:00.000Z,DOWN,NO,74.0715535,74.0557,official-venue-apis-recovered,false,false,false,false,false
xrp,xrp:1785254400000,1785254400000,1785255300000,2026-07-28T16:00:00.000Z,DOWN,NO,1.0627066531894291,1.0626,official-venue-apis-recovered,false,false,false,false,false
bnb,bnb:1785255300000,1785255300000,1785256200000,2026-07-28T16:15:00.000Z,DOWN,NO,,571.05,official-venue-apis-recovered,false,false,false,false,false
btc,btc:1785255300000,1785255300000,1785256200000,2026-07-28T16:15:00.000Z,UP,YES,,63776.8,official-venue-apis-recovered,false,false,false,false,false
doge,doge:1785255300000,1785255300000,1785256200000,2026-07-28T16:15:00.000Z,DOWN,NO,,0.0706989,official-venue-apis-recovered,false,false,false,false,false
eth,eth:1785255300000,1785255300000,1785256200000,2026-07-28T16:15:00.000Z,UP,YES,,1916.26,official-venue-apis-recovered,false,false,false,false,false
hype,hype:1785255300000,1785255300000,1785256200000,2026-07-28T16:15:00.000Z,UP,YES,,55.33,official-venue-apis-recovered,false,false,false,false,false
sol,sol:1785255300000,1785255300000,1785256200000,2026-07-28T16:15:00.000Z,UP,YES,,74.1385,official-venue-apis-recovered,false,false,false,false,false
xrp,xrp:1785255300000,1785255300000,1785256200000,2026-07-28T16:15:00.000Z,UP,YES,1.062831356116712,1.0627,official-venue-apis-recovered,false,false,false,false,false
